2025-12-20T18:26:12.543808 level=ERROR service=inventory message=SERVICE_UNAVAILABLE
2025-12-20T18:26:13.547154 level=ERROR service=payments message=CACHE_MISS
2025-12-20T18:26:14.552270 level=INFO service=inventory message=OK
2025-12-20T18:26:15.552541 level=DEBUG service=payments message=OK
2025-12-20T18:26:16.557218 level=ERROR service=inventory message=AUTH_FAILED
2025-12-20T18:26:17.559933 level=WARN service=inventory message=OK
2025-12-20T18:26:18.564592 level=INFO service=payments message=OK
2025-12-20T18:26:19.567348 level=WARN service=orders message=OK
2025-12-20T18:26:20.568574 level=INFO service=inventory message=OK
2025-12-20T18:26:21.571480 level=DEBUG service=auth message=OK
2025-12-20T18:26:22.575452 level=INFO service=orders message=OK
2025-12-20T18:26:23.579277 level=INFO service=orders message=OK
2025-12-20T18:26:24.582153 level=DEBUG service=payments message=OK
2025-12-20T18:26:25.587371 level=WARN service=payments message=OK
2025-12-20T18:26:26.592272 level=ERROR service=payments message=DB_TIMEOUT
2025-12-20T18:26:27.593729 level=WARN service=auth message=OK
2025-12-20T18:26:28.597599 level=INFO service=auth message=OK
2025-12-20T18:26:29.601061 level=WARN service=auth message=OK
2025-12-20T18:26:30.603880 level=INFO service=payments message=OK
2025-12-20T18:26:31.607486 level=INFO service=orders message=OK
2025-12-20T18:26:32.612920 level=ERROR service=payments message=SERVICE_UNAVAILABLE
2025-12-20T18:26:33.619913 level=INFO service=inventory message=OK
2025-12-20T18:26:34.624797 level=ERROR service=auth message=SERVICE_UNAVAILABLE
2025-12-20T18:26:35.628243 level=WARN service=payments message=OK
2025-12-20T18:26:36.633145 level=INFO service=orders message=OK
2025-12-20T18:26:37.633704 level=WARN service=payments message=OK
2025-12-20T18:26:38.638994 level=INFO service=payments message=OK
2025-12-20T18:26:39.641449 level=WARN service=orders message=OK
2025-12-20T18:26:40.645097 level=INFO service=auth message=OK
2025-12-20T18:26:41.650102 level=WARN service=auth message=OK
2025-12-20T18:26:42.653447 level=DEBUG service=orders message=OK
2025-12-20T18:26:43.658127 level=WARN service=auth message=OK
2025-12-20T18:26:44.662653 level=INFO service=auth message=OK
2025-12-20T18:26:45.667813 level=INFO service=auth message=OK
2025-12-20T18:26:46.670644 level=INFO service=orders message=OK
2025-12-20T18:26:47.674400 level=DEBUG service=orders message=OK
2025-12-20T18:26:48.675356 level=WARN service=orders message=OK
2025-12-20T18:26:49.678592 level=INFO service=inventory message=OK
2025-12-20T18:26:50.683753 level=ERROR service=auth message=SERVICE_UNAVAILABLE
2025-12-20T18:26:51.688806 level=INFO service=orders message=OK
2025-12-20T18:26:52.693654 level=WARN service=orders message=OK
2025-12-20T18:26:53.694331 level=WARN service=inventory message=OK
2025-12-20T18:26:54.698465 level=ERROR service=auth message=CACHE_MISS
2025-12-20T18:26:55.700202 level=ERROR service=auth message=AUTH_FAILED
2025-12-20T18:26:56.701599 level=ERROR service=payments message=SERVICE_UNAVAILABLE
2025-12-20T18:26:57.701937 level=DEBUG service=auth message=OK
2025-12-20T18:26:58.704566 level=ERROR service=inventory message=SERVICE_UNAVAILABLE
2025-12-20T18:26:59.708465 level=WARN service=orders message=OK
2025-12-20T18:27:00.712307 level=INFO service=inventory message=OK
2025-12-20T18:27:01.715977 level=INFO service=auth message=OK
2025-12-20T18:27:02.720331 level=DEBUG service=orders message=OK
2025-12-20T18:27:03.725456 level=DEBUG service=orders message=OK
2025-12-20T18:27:04.726453 level=DEBUG service=payments message=OK
2025-12-20T18:27:05.731598 level=WARN service=auth message=OK
2025-12-20T18:27:06.733666 level=DEBUG service=orders message=OK
2025-12-20T18:27:07.736719 level=WARN service=auth message=OK
2025-12-20T18:27:08.738678 level=DEBUG service=payments message=OK
2025-12-20T18:27:09.742299 level=ERROR service=payments message=CACHE_MISS
2025-12-20T18:27:10.744343 level=INFO service=orders message=OK
2025-12-20T18:27:11.749478 level=ERROR service=payments message=CACHE_MISS
2025-12-20T18:27:12.754582 level=DEBUG service=payments message=OK
2025-12-20T18:27:13.759659 level=INFO service=inventory message=OK
2025-12-20T18:27:14.763939 level=DEBUG service=inventory message=OK
2025-12-20T18:27:15.767534 level=ERROR service=orders message=DB_TIMEOUT
2025-12-20T18:27:16.772013 level=ERROR service=payments message=NULL_POINTER
2025-12-20T18:27:17.774253 level=INFO service=payments message=OK
2025-12-20T18:27:18.777360 level=ERROR service=auth message=SERVICE_UNAVAILABLE
2025-12-20T18:27:19.782611 level=INFO service=payments message=OK
2025-12-20T18:27:20.785770 level=ERROR service=auth message=DB_TIMEOUT
2025-12-20T18:27:21.790078 level=INFO service=auth message=OK
2025-12-20T18:27:22.791312 level=ERROR service=auth message=AUTH_FAILED
2025-12-20T18:27:23.796552 level=DEBUG service=orders message=OK
2025-12-20T18:27:24.799754 level=WARN service=auth message=OK
2025-12-20T18:27:25.804594 level=WARN service=orders message=OK
2025-12-20T18:27:26.808750 level=ERROR service=orders message=AUTH_FAILED
2025-12-20T18:27:27.813889 level=DEBUG service=inventory message=OK
2025-12-20T18:27:28.816047 level=DEBUG service=payments message=OK
2025-12-20T18:27:29.819466 level=ERROR service=orders message=SERVICE_UNAVAILABLE
2025-12-20T18:27:30.820304 level=INFO service=auth message=OK
2025-12-20T18:27:31.825423 level=INFO service=orders message=OK
2025-12-20T18:27:32.827675 level=ERROR service=auth message=NULL_POINTER
2025-12-20T18:27:33.832681 level=ERROR service=orders message=AUTH_FAILED
2025-12-20T18:27:34.836977 level=INFO service=orders message=OK
2025-12-20T18:27:35.839757 level=ERROR service=inventory message=AUTH_FAILED
2025-12-20T18:27:36.843142 level=ERROR service=auth message=SERVICE_UNAVAILABLE
2025-12-20T18:27:37.846266 level=WARN service=inventory message=OK
2025-12-20T18:27:38.850060 level=ERROR service=orders message=NULL_POINTER
2025-12-20T18:27:39.853653 level=WARN service=auth message=OK
2025-12-20T18:27:40.858403 level=DEBUG service=payments message=OK
2025-12-20T18:27:41.861374 level=DEBUG service=inventory message=OK
2025-12-20T18:27:42.864013 level=WARN service=inventory message=OK
2025-12-20T18:27:43.868527 level=INFO service=inventory message=OK
2025-12-20T18:27:44.870602 level=ERROR service=orders message=SERVICE_UNAVAILABLE
2025-12-20T18:27:45.871846 level=WARN service=payments message=OK
2025-12-20T18:27:46.874963 level=DEBUG service=auth message=OK
2025-12-20T18:27:47.877342 level=ERROR service=auth message=NULL_POINTER
2025-12-20T18:27:48.877886 level=ERROR service=auth message=DB_TIMEOUT
2025-12-20T18:27:49.882253 level=ERROR service=auth message=SERVICE_UNAVAILABLE
2025-12-20T18:27:50.887556 level=INFO service=payments message=OK
2025-12-20T18:27:51.889385 level=ERROR service=inventory message=SERVICE_UNAVAILABLE
2025-12-20T18:27:52.892682 level=INFO service=payments message=OK
2025-12-20T18:27:53.897891 level=WARN service=orders message=OK
2025-12-20T18:27:54.900333 level=DEBUG service=inventory message=OK
2025-12-20T18:27:55.903853 level=DEBUG service=orders message=OK
2025-12-20T18:27:56.909097 level=WARN service=auth message=OK
2025-12-20T18:27:57.914295 level=DEBUG service=orders message=OK
2025-12-20T18:27:58.917718 level=WARN service=auth message=OK
2025-12-20T18:27:59.923024 level=DEBUG service=payments message=OK
2025-12-20T18:28:00.926600 level=DEBUG service=auth message=OK
2025-12-20T18:28:01.931905 level=DEBUG service=payments message=OK
2025-12-20T18:28:02.937197 level=ERROR service=inventory message=SERVICE_UNAVAILABLE
2025-12-20T18:28:03.942353 level=INFO service=inventory message=OK
2025-12-20T18:28:04.947635 level=DEBUG service=orders message=OK
2025-12-20T18:28:05.949995 level=INFO service=payments message=OK
2025-12-20T18:28:06.955161 level=DEBUG service=orders message=OK
2025-12-20T18:28:07.960332 level=ERROR service=auth message=NULL_POINTER
2025-12-20T18:28:08.961638 level=INFO service=auth message=OK
2025-12-20T18:28:09.966158 level=INFO service=inventory message=OK
2025-12-20T18:28:10.971380 level=ERROR service=orders message=SERVICE_UNAVAILABLE
2025-12-20T18:28:11.975792 level=ERROR service=orders message=SERVICE_UNAVAILABLE
2025-12-20T18:28:12.977672 level=INFO service=payments message=OK
2025-12-20T18:28:13.982880 level=ERROR service=orders message=NULL_POINTER
2025-12-20T18:28:14.988052 level=DEBUG service=inventory message=OK
2025-12-20T18:28:15.992388 level=DEBUG service=orders message=OK
2025-12-20T18:28:16.996923 level=DEBUG service=payments message=OK
2025-12-20T18:28:18.000427 level=DEBUG service=payments message=OK
2025-12-20T18:28:19.006044 level=ERROR service=payments message=DB_TIMEOUT
2025-12-20T18:28:20.010089 level=INFO service=auth message=OK
2025-12-20T18:28:21.012112 level=ERROR service=orders message=NULL_POINTER
2025-12-20T18:28:22.015672 level=WARN service=payments message=OK
2025-12-20T18:28:23.016651 level=INFO service=orders message=OK
2025-12-20T18:28:24.018132 level=WARN service=payments message=OK
2025-12-20T18:28:25.021385 level=WARN service=inventory message=OK
2025-12-20T18:28:26.022736 level=ERROR service=orders message=DB_TIMEOUT
2025-12-20T18:28:27.028376 level=ERROR service=payments message=AUTH_FAILED
2025-12-20T18:28:28.030414 level=WARN service=inventory message=OK
2025-12-20T18:28:29.031827 level=DEBUG service=inventory message=OK
2025-12-20T18:28:30.033967 level=DEBUG service=orders message=OK
2025-12-20T18:28:31.039141 level=DEBUG service=orders message=OK
2025-12-20T18:28:32.041506 level=WARN service=auth message=OK
2025-12-20T18:28:33.046423 level=ERROR service=payments message=CACHE_MISS
2025-12-20T18:28:34.051777 level=ERROR service=auth message=DB_TIMEOUT
2025-12-20T18:28:35.055664 level=WARN service=payments message=OK
2025-12-20T18:28:36.057816 level=WARN service=auth message=OK
2025-12-20T18:28:37.061623 level=DEBUG service=auth message=OK
2025-12-20T18:28:38.066723 level=ERROR service=payments message=CACHE_MISS
2025-12-20T18:28:39.070997 level=WARN service=payments message=OK
2025-12-20T18:28:40.073916 level=WARN service=orders message=OK
2025-12-20T18:28:41.077922 level=WARN service=payments message=OK
2025-12-20T18:28:42.078583 level=ERROR service=auth message=CACHE_MISS
2025-12-20T18:28:43.082351 level=ERROR service=orders message=SERVICE_UNAVAILABLE
2025-12-20T18:28:44.086983 level=WARN service=inventory message=OK
2025-12-20T18:28:45.088487 level=INFO service=auth message=OK
2025-12-20T18:28:46.091257 level=WARN service=auth message=OK
2025-12-20T18:28:47.095293 level=WARN service=auth message=OK
2025-12-20T18:28:48.100395 level=ERROR service=orders message=CACHE_MISS
2025-12-20T18:28:49.103938 level=WARN service=orders message=OK
2025-12-20T18:28:50.104857 level=INFO service=orders message=OK
2025-12-20T18:28:51.109957 level=ERROR service=auth message=NULL_POINTER
2025-12-20T18:28:52.114638 level=DEBUG service=payments message=OK
2025-12-20T18:28:53.115669 level=ERROR service=orders message=CACHE_MISS
2025-12-20T18:28:54.120410 level=DEBUG service=inventory message=OK
2025-12-20T18:28:55.125674 level=ERROR service=orders message=DB_TIMEOUT
2025-12-20T18:28:56.125868 level=ERROR service=auth message=SERVICE_UNAVAILABLE
2025-12-20T18:28:57.129928 level=WARN service=payments message=OK
2025-12-20T18:28:58.135002 level=WARN service=orders message=OK
2025-12-20T18:28:59.138926 level=ERROR service=auth message=AUTH_FAILED
2025-12-20T18:29:00.139353 level=WARN service=payments message=OK
2025-12-20T18:29:01.141234 level=INFO service=auth message=OK
2025-12-20T18:29:02.145920 level=DEBUG service=auth message=OK
2025-12-20T18:29:03.150822 level=WARN service=payments message=OK
2025-12-20T18:29:04.155986 level=ERROR service=auth message=NULL_POINTER
2025-12-20T18:29:05.161179 level=DEBUG service=orders message=OK
2025-12-20T18:29:06.166437 level=WARN service=auth message=OK
2025-12-20T18:29:07.168640 level=INFO service=payments message=OK
2025-12-20T18:29:08.171795 level=ERROR service=payments message=AUTH_FAILED
2025-12-20T18:29:09.172881 level=INFO service=orders message=OK
2025-12-20T18:29:10.176395 level=DEBUG service=payments message=OK
2025-12-20T18:29:11.181477 level=WARN service=inventory message=OK
2025-12-20T18:29:12.185214 level=ERROR service=inventory message=SERVICE_UNAVAILABLE
2025-12-20T18:29:13.190346 level=WARN service=inventory message=OK
2025-12-20T18:29:14.195548 level=WARN service=payments message=OK
2025-12-20T18:29:15.199575 level=INFO service=inventory message=OK
2025-12-20T18:29:16.199822 level=INFO service=inventory message=OK
2025-12-20T18:29:17.203074 level=INFO service=auth message=OK
2025-12-20T18:29:18.206912 level=INFO service=inventory message=OK
2025-12-20T18:29:19.208324 level=ERROR service=inventory message=AUTH_FAILED
2025-12-20T18:29:20.208850 level=DEBUG service=payments message=OK
2025-12-20T18:29:21.209279 level=ERROR service=inventory message=SERVICE_UNAVAILABLE
2025-12-20T18:29:22.212637 level=INFO service=orders message=OK
2025-12-20T18:29:23.215825 level=ERROR service=payments message=CACHE_MISS
2025-12-20T18:29:24.218985 level=ERROR service=orders message=DB_TIMEOUT
2025-12-20T18:29:25.219822 level=DEBUG service=auth message=OK
2025-12-20T18:29:26.221321 level=DEBUG service=orders message=OK
2025-12-20T18:29:27.226501 level=INFO service=auth message=OK
2025-12-20T18:29:28.227193 level=ERROR service=payments message=AUTH_FAILED
2025-12-20T18:29:29.229549 level=ERROR service=inventory message=AUTH_FAILED
2025-12-20T18:29:30.234681 level=INFO service=orders message=OK
2025-12-20T18:29:31.236495 level=DEBUG service=inventory message=OK
2025-12-20T18:29:32.241684 level=WARN service=auth message=OK
2025-12-20T18:29:33.243312 level=INFO service=auth message=OK
2025-12-20T18:29:34.248364 level=INFO service=auth message=OK
2025-12-20T18:29:35.251914 level=ERROR service=inventory message=DB_TIMEOUT
2025-12-20T18:29:36.253362 level=WARN service=inventory message=OK
2025-12-20T18:29:37.258008 level=INFO service=payments message=OK
2025-12-20T18:29:38.262925 level=INFO service=orders message=OK
2025-12-20T18:29:39.264146 level=DEBUG service=auth message=OK
2025-12-20T18:29:40.269416 level=WARN service=auth message=OK
2025-12-20T18:29:41.273546 level=WARN service=payments message=OK
2025-12-20T18:29:42.278786 level=WARN service=inventory message=OK
2025-12-20T18:29:43.283090 level=WARN service=auth message=OK
2025-12-20T18:29:44.287171 level=INFO service=payments message=OK
2025-12-20T18:29:45.289128 level=INFO service=inventory message=OK
2025-12-20T18:29:46.294435 level=INFO service=auth message=OK
2025-12-20T18:29:47.298662 level=DEBUG service=orders message=OK
2025-12-20T18:29:48.303962 level=DEBUG service=inventory message=OK
2025-12-20T18:29:49.307273 level=ERROR service=payments message=CACHE_MISS
2025-12-20T18:29:50.309927 level=WARN service=inventory message=OK
2025-12-20T18:29:51.310468 level=DEBUG service=payments message=OK
2025-12-20T18:29:52.314200 level=INFO service=inventory message=OK
2025-12-20T18:29:53.319403 level=ERROR service=payments message=SERVICE_UNAVAILABLE
2025-12-20T18:29:54.324656 level=INFO service=payments message=OK
2025-12-20T18:29:55.329940 level=INFO service=orders message=OK
2025-12-20T18:29:56.335129 level=DEBUG service=orders message=OK
2025-12-20T18:29:57.340078 level=ERROR service=orders message=DB_TIMEOUT
2025-12-20T18:29:58.343611 level=DEBUG service=inventory message=OK
2025-12-20T18:29:59.348458 level=INFO service=orders message=OK
2025-12-20T18:30:00.349167 level=INFO service=orders message=OK
2025-12-20T18:30:01.353906 level=ERROR service=orders message=DB_TIMEOUT
2025-12-20T18:30:02.355044 level=ERROR service=inventory message=AUTH_FAILED
2025-12-20T18:30:03.359509 level=WARN service=orders message=OK
2025-12-20T18:30:04.362226 level=DEBUG service=payments message=OK
2025-12-20T18:30:05.364085 level=WARN service=inventory message=OK
2025-12-20T18:30:06.366673 level=INFO service=auth message=OK
2025-12-20T18:30:07.371271 level=INFO service=auth message=OK
2025-12-20T18:30:08.379407 level=ERROR service=auth message=CACHE_MISS
2025-12-20T18:30:09.381910 level=INFO service=orders message=OK
2025-12-20T18:30:10.387004 level=ERROR service=orders message=AUTH_FAILED
2025-12-20T18:30:11.389814 level=INFO service=inventory message=OK
2025-12-20T18:30:12.390380 level=DEBUG service=payments message=OK
2025-12-20T18:30:13.395560 level=DEBUG service=auth message=OK
2025-12-20T18:30:14.398930 level=WARN service=inventory message=OK
2025-12-20T18:30:15.404647 level=INFO service=orders message=OK
2025-12-20T18:30:16.409816 level=INFO service=inventory message=OK
2025-12-20T18:30:17.414899 level=WARN service=orders message=OK
2025-12-20T18:30:18.418104 level=ERROR service=payments message=NULL_POINTER
2025-12-20T18:30:19.418457 level=WARN service=inventory message=OK
2025-12-20T18:30:20.423581 level=INFO service=orders message=OK
2025-12-20T18:30:21.425708 level=WARN service=auth message=OK
2025-12-20T18:30:22.427704 level=WARN service=inventory message=OK
2025-12-20T18:30:23.429412 level=INFO service=auth message=OK
2025-12-20T18:30:24.429942 level=ERROR service=payments message=AUTH_FAILED
2025-12-20T18:30:25.433182 level=WARN service=inventory message=OK
2025-12-20T18:30:26.438318 level=ERROR service=payments message=AUTH_FAILED
2025-12-20T18:30:27.441656 level=DEBUG service=auth message=OK
2025-12-20T18:30:28.443202 level=DEBUG service=orders message=OK
2025-12-20T18:30:29.448123 level=WARN service=inventory message=OK
2025-12-20T18:30:30.451406 level=ERROR service=inventory message=SERVICE_UNAVAILABLE
2025-12-20T18:30:31.456080 level=INFO service=inventory message=OK
2025-12-20T18:30:32.458990 level=WARN service=orders message=OK
2025-12-20T18:30:33.464180 level=INFO service=orders message=OK
2025-12-20T18:30:34.464418 level=WARN service=inventory message=OK
2025-12-20T18:30:35.467646 level=INFO service=payments message=OK
2025-12-20T18:30:36.472111 level=INFO service=inventory message=OK
2025-12-20T18:30:37.472672 level=DEBUG service=auth message=OK
2025-12-20T18:30:38.477845 level=INFO service=inventory message=OK
2025-12-20T18:30:39.481125 level=DEBUG service=auth message=OK
2025-12-20T18:30:40.484710 level=INFO service=auth message=OK
2025-12-20T18:30:41.489780 level=DEBUG service=inventory message=OK
2025-12-20T18:30:42.494824 level=ERROR service=inventory message=SERVICE_UNAVAILABLE
2025-12-20T18:30:43.499986 level=ERROR service=inventory message=NULL_POINTER
2025-12-20T18:30:44.504854 level=WARN service=inventory message=OK
2025-12-20T18:30:45.507863 level=INFO service=auth message=OK
2025-12-20T18:30:46.512316 level=ERROR service=orders message=DB_TIMEOUT
2025-12-20T18:30:47.513357 level=WARN service=auth message=OK
2025-12-20T18:30:48.519203 level=INFO service=auth message=OK
2025-12-20T18:30:49.524322 level=INFO service=auth message=OK
2025-12-20T18:30:50.525453 level=INFO service=orders message=OK
2025-12-20T18:30:51.528943 level=INFO service=orders message=OK
2025-12-20T18:30:52.529875 level=INFO service=auth message=OK
2025-12-20T18:30:53.531502 level=INFO service=orders message=OK
2025-12-20T18:30:54.534778 level=WARN service=inventory message=OK
2025-12-20T18:30:55.538291 level=INFO service=inventory message=OK
2025-12-20T18:30:56.542738 level=WARN service=auth message=OK
2025-12-20T18:30:57.543205 level=DEBUG service=inventory message=OK
2025-12-20T18:30:58.547887 level=INFO service=payments message=OK
2025-12-20T18:30:59.553103 level=INFO service=inventory message=OK
2025-12-20T18:31:00.558197 level=DEBUG service=auth message=OK
2025-12-20T18:31:01.563494 level=INFO service=payments message=OK
2025-12-20T18:31:02.569203 level=INFO service=payments message=OK
2025-12-20T18:31:03.570164 level=INFO service=payments message=OK
2025-12-20T18:31:04.575617 level=INFO service=auth message=OK
2025-12-20T18:31:05.580768 level=ERROR service=inventory message=CACHE_MISS
2025-12-20T18:31:06.584438 level=WARN service=payments message=OK
2025-12-20T18:31:07.588745 level=WARN service=inventory message=OK
2025-12-20T18:31:08.591602 level=DEBUG service=auth message=OK
2025-12-20T18:31:09.596832 level=INFO service=orders message=OK
2025-12-20T18:31:10.597292 level=INFO service=payments message=OK
2025-12-20T18:31:11.598439 level=WARN service=inventory message=OK
2025-12-20T18:31:12.603675 level=DEBUG service=payments message=OK
2025-12-20T18:31:13.608907 level=ERROR service=orders message=SERVICE_UNAVAILABLE
2025-12-20T18:31:14.612304 level=WARN service=orders message=OK
2025-12-20T18:31:15.616775 level=DEBUG service=auth message=OK
2025-12-20T18:31:16.618562 level=ERROR service=payments message=NULL_POINTER
2025-12-20T18:31:17.620795 level=WARN service=auth message=OK
2025-12-20T18:31:18.623865 level=ERROR service=payments message=DB_TIMEOUT
2025-12-20T18:31:19.628974 level=ERROR service=inventory message=SERVICE_UNAVAILABLE
2025-12-20T18:31:20.633291 level=INFO service=payments message=OK
2025-12-20T18:31:21.633923 level=INFO service=auth message=OK
2025-12-20T18:31:22.638793 level=ERROR service=auth message=NULL_POINTER
2025-12-20T18:31:23.639799 level=ERROR service=inventory message=NULL_POINTER
2025-12-20T18:31:24.642110 level=WARN service=orders message=OK
2025-12-20T18:31:25.646837 level=DEBUG service=auth message=OK
2025-12-20T18:31:26.652182 level=INFO service=inventory message=OK
2025-12-20T18:31:27.653136 level=DEBUG service=orders message=OK
2025-12-20T18:31:28.658313 level=ERROR service=orders message=SERVICE_UNAVAILABLE
2025-12-20T18:31:29.663553 level=INFO service=auth message=OK
2025-12-20T18:31:30.666624 level=WARN service=payments message=OK
2025-12-20T18:31:31.671694 level=ERROR service=orders message=AUTH_FAILED
2025-12-20T18:31:32.675039 level=WARN service=auth message=OK
2025-12-20T18:31:33.678283 level=DEBUG service=auth message=OK
2025-12-20T18:31:34.683593 level=ERROR service=payments message=CACHE_MISS
2025-12-20T18:31:35.683820 level=WARN service=inventory message=OK
2025-12-20T18:31:36.688795 level=DEBUG service=inventory message=OK
2025-12-20T18:31:37.691632 level=INFO service=payments message=OK
2025-12-20T18:31:38.692793 level=ERROR service=auth message=SERVICE_UNAVAILABLE
2025-12-20T18:31:39.696502 level=WARN service=orders message=OK
2025-12-20T18:31:40.701826 level=DEBUG service=inventory message=OK
2025-12-20T18:31:41.704626 level=ERROR service=orders message=NULL_POINTER
2025-12-20T18:31:42.708374 level=DEBUG service=inventory message=OK
2025-12-20T18:31:43.709108 level=WARN service=orders message=OK
2025-12-20T18:31:44.712954 level=INFO service=orders message=OK
2025-12-20T18:31:45.716709 level=DEBUG service=payments message=OK
2025-12-20T18:31:46.718602 level=INFO service=payments message=OK
2025-12-20T18:31:47.722889 level=ERROR service=auth message=NULL_POINTER
2025-12-20T18:31:48.726185 level=ERROR service=payments message=CACHE_MISS
2025-12-20T18:31:49.727738 level=DEBUG service=orders message=OK
2025-12-20T18:31:50.731782 level=DEBUG service=orders message=OK
2025-12-20T18:31:51.734359 level=INFO service=inventory message=OK
2025-12-20T18:31:52.737980 level=WARN service=inventory message=OK
2025-12-20T18:31:53.742058 level=DEBUG service=orders message=OK
2025-12-20T18:31:54.745333 level=WARN service=auth message=OK
2025-12-20T18:31:55.750495 level=DEBUG service=orders message=OK
2025-12-20T18:31:56.755837 level=WARN service=payments message=OK
2025-12-20T18:31:57.758246 level=DEBUG service=orders message=OK
2025-12-20T18:31:58.762975 level=DEBUG service=payments message=OK
2025-12-20T18:31:59.766581 level=INFO service=payments message=OK
2025-12-20T18:32:00.771887 level=INFO service=inventory message=OK
2025-12-20T18:32:01.776196 level=ERROR service=auth message=AUTH_FAILED
2025-12-20T18:32:02.780509 level=ERROR service=inventory message=AUTH_FAILED
2025-12-20T18:32:03.783332 level=DEBUG service=auth message=OK
2025-12-20T18:32:04.788866 level=INFO service=payments message=OK
2025-12-20T18:32:05.792062 level=DEBUG service=inventory message=OK
2025-12-20T18:32:06.794092 level=ERROR service=auth message=SERVICE_UNAVAILABLE
2025-12-20T18:32:07.798940 level=WARN service=orders message=OK
2025-12-20T18:32:08.800384 level=INFO service=inventory message=OK
2025-12-20T18:32:09.802481 level=WARN service=payments message=OK
2025-12-20T18:32:10.803685 level=ERROR service=inventory message=SERVICE_UNAVAILABLE
2025-12-20T18:32:11.808042 level=ERROR service=auth message=SERVICE_UNAVAILABLE
2025-12-20T18:32:12.811994 level=WARN service=inventory message=OK
2025-12-20T18:32:13.817687 level=ERROR service=auth message=SERVICE_UNAVAILABLE
2025-12-20T18:32:14.821285 level=DEBUG service=inventory message=OK
2025-12-20T18:32:15.823578 level=WARN service=orders message=OK
2025-12-20T18:32:16.824787 level=ERROR service=inventory message=AUTH_FAILED
2025-12-20T18:32:17.826039 level=ERROR service=orders message=SERVICE_UNAVAILABLE
2025-12-20T18:32:18.831326 level=INFO service=payments message=OK
2025-12-20T18:32:19.836321 level=ERROR service=auth message=DB_TIMEOUT
2025-12-20T18:32:20.839255 level=WARN service=auth message=OK
2025-12-20T18:32:21.844535 level=ERROR service=orders message=DB_TIMEOUT
2025-12-20T18:32:22.849833 level=INFO service=orders message=OK
2025-12-20T18:32:23.855103 level=ERROR service=payments message=DB_TIMEOUT
2025-12-20T18:32:24.859155 level=INFO service=orders message=OK
2025-12-20T18:32:25.859724 level=ERROR service=auth message=NULL_POINTER
2025-12-20T18:32:26.864099 level=ERROR service=inventory message=AUTH_FAILED
2025-12-20T18:32:27.869185 level=INFO service=payments message=OK
2025-12-20T18:32:28.873791 level=ERROR service=inventory message=NULL_POINTER
2025-12-20T18:32:29.878330 level=ERROR service=inventory message=AUTH_FAILED
2025-12-20T18:32:30.883543 level=INFO service=orders message=OK
2025-12-20T18:32:31.887555 level=INFO service=orders message=OK
2025-12-20T18:32:32.891778 level=DEBUG service=orders message=OK
2025-12-20T18:32:33.895155 level=ERROR service=inventory message=AUTH_FAILED
2025-12-20T18:32:34.896576 level=ERROR service=orders message=NULL_POINTER
2025-12-20T18:32:35.900506 level=WARN service=inventory message=OK
2025-12-20T18:32:36.905126 level=WARN service=auth message=OK
2025-12-20T18:32:37.908033 level=INFO service=orders message=OK
2025-12-20T18:32:38.913339 level=WARN service=inventory message=OK
2025-12-20T18:32:39.917469 level=ERROR service=auth message=DB_TIMEOUT
2025-12-20T18:32:40.922923 level=INFO service=auth message=OK
2025-12-20T18:32:41.927228 level=DEBUG service=auth message=OK
2025-12-20T18:32:42.932487 level=WARN service=payments message=OK
2025-12-20T18:32:43.936342 level=WARN service=orders message=OK
2025-12-20T18:32:44.941735 level=DEBUG service=inventory message=OK
2025-12-20T18:32:45.946567 level=DEBUG service=auth message=OK
2025-12-20T18:32:46.949395 level=WARN service=payments message=OK
2025-12-20T18:32:47.951200 level=WARN service=payments message=OK
2025-12-20T18:32:48.955075 level=WARN service=orders message=OK
2025-12-20T18:32:49.960038 level=WARN service=payments message=OK
2025-12-20T18:32:50.963644 level=INFO service=inventory message=OK
2025-12-20T18:32:51.965777 level=INFO service=payments message=OK
2025-12-20T18:32:52.966723 level=INFO service=inventory message=OK
2025-12-20T18:32:53.970362 level=DEBUG service=inventory message=OK
2025-12-20T18:32:54.975614 level=ERROR service=auth message=AUTH_FAILED
2025-12-20T18:32:55.981411 level=INFO service=inventory message=OK
2025-12-20T18:32:56.985224 level=WARN service=orders message=OK
2025-12-20T18:32:57.989166 level=ERROR service=orders message=DB_TIMEOUT
2025-12-20T18:32:58.991795 level=INFO service=payments message=OK
2025-12-20T18:32:59.997108 level=WARN service=payments message=OK
2025-12-20T18:33:01.001846 level=WARN service=orders message=OK
2025-12-20T18:33:02.005853 level=ERROR service=payments message=AUTH_FAILED
2025-12-20T18:33:03.006306 level=WARN service=inventory message=OK
2025-12-20T18:33:04.011447 level=INFO service=inventory message=OK
2025-12-20T18:33:05.016346 level=ERROR service=orders message=CACHE_MISS
2025-12-20T18:33:06.017699 level=ERROR service=inventory message=NULL_POINTER
2025-12-20T18:33:07.021561 level=WARN service=auth message=OK
2025-12-20T18:33:08.024052 level=DEBUG service=payments message=OK
2025-12-20T18:33:09.026910 level=ERROR service=orders message=SERVICE_UNAVAILABLE
2025-12-20T18:33:10.032240 level=DEBUG service=inventory message=OK
2025-12-20T18:33:11.036275 level=WARN service=orders message=OK
2025-12-20T18:33:12.040306 level=INFO service=auth message=OK
2025-12-20T18:33:13.042662 level=WARN service=auth message=OK
2025-12-20T18:33:14.045996 level=WARN service=auth message=OK
2025-12-20T18:33:15.048886 level=ERROR service=orders message=AUTH_FAILED
2025-12-20T18:33:16.051096 level=DEBUG service=inventory message=OK
2025-12-20T18:33:17.055815 level=DEBUG service=inventory message=OK
2025-12-20T18:33:18.059774 level=WARN service=inventory message=OK
2025-12-20T18:33:19.063961 level=INFO service=payments message=OK
2025-12-20T18:33:20.069112 level=ERROR service=orders message=DB_TIMEOUT
2025-12-20T18:33:21.074375 level=DEBUG service=payments message=OK
2025-12-20T18:33:22.079324 level=INFO service=auth message=OK
2025-12-20T18:33:23.082832 level=ERROR service=inventory message=SERVICE_UNAVAILABLE
2025-12-20T18:33:24.088483 level=DEBUG service=orders message=OK
2025-12-20T18:33:25.093638 level=DEBUG service=inventory message=OK
2025-12-20T18:33:26.096929 level=DEBUG service=inventory message=OK
2025-12-20T18:33:27.097930 level=WARN service=inventory message=OK
2025-12-20T18:33:28.103029 level=WARN service=inventory message=OK
2025-12-20T18:33:29.107133 level=INFO service=payments message=OK
2025-12-20T18:33:30.108647 level=ERROR service=orders message=DB_TIMEOUT
2025-12-20T18:33:31.113619 level=WARN service=auth message=OK
2025-12-20T18:33:32.118023 level=ERROR service=orders message=AUTH_FAILED
2025-12-20T18:33:33.121021 level=WARN service=auth message=OK
2025-12-20T18:33:34.121728 level=ERROR service=orders message=AUTH_FAILED
2025-12-20T18:33:35.126758 level=DEBUG service=auth message=OK
2025-12-20T18:33:36.129349 level=INFO service=auth message=OK
2025-12-20T18:33:37.131859 level=DEBUG service=payments message=OK
2025-12-20T18:33:38.136251 level=DEBUG service=orders message=OK
2025-12-20T18:33:39.137550 level=WARN service=auth message=OK
2025-12-20T18:33:40.142328 level=WARN service=inventory message=OK
2025-12-20T18:33:41.145664 level=INFO service=orders message=OK
2025-12-20T18:33:42.150710 level=DEBUG service=auth message=OK
2025-12-20T18:33:43.154860 level=DEBUG service=orders message=OK
2025-12-20T18:33:44.159797 level=DEBUG service=payments message=OK
2025-12-20T18:33:45.163765 level=INFO service=inventory message=OK
2025-12-20T18:33:46.167391 level=DEBUG service=orders message=OK
2025-12-20T18:33:47.172636 level=ERROR service=auth message=NULL_POINTER
2025-12-20T18:33:48.175721 level=DEBUG service=inventory message=OK
2025-12-20T18:33:49.180362 level=INFO service=auth message=OK
2025-12-20T18:33:50.184041 level=ERROR service=orders message=AUTH_FAILED
2025-12-20T18:33:51.188733 level=ERROR service=orders message=DB_TIMEOUT
2025-12-20T18:33:52.190529 level=DEBUG service=payments message=OK
2025-12-20T18:33:53.195756 level=ERROR service=inventory message=CACHE_MISS
2025-12-20T18:33:54.198443 level=WARN service=payments message=OK
2025-12-20T18:33:55.201880 level=ERROR service=auth message=AUTH_FAILED
2025-12-20T18:33:56.204738 level=INFO service=payments message=OK
2025-12-20T18:33:57.209029 level=WARN service=payments message=OK
2025-12-20T18:33:58.213014 level=DEBUG service=auth message=OK
2025-12-20T18:33:59.218204 level=DEBUG service=auth message=OK
2025-12-20T18:34:00.222771 level=INFO service=payments message=OK
2025-12-20T18:34:01.227567 level=ERROR service=inventory message=AUTH_FAILED
2025-12-20T18:34:02.228679 level=WARN service=inventory message=OK
2025-12-20T18:34:03.233853 level=DEBUG service=auth message=OK
2025-12-20T18:34:04.236230 level=INFO service=auth message=OK
2025-12-20T18:34:05.240408 level=ERROR service=payments message=AUTH_FAILED
2025-12-20T18:34:06.243867 level=DEBUG service=payments message=OK
2025-12-20T18:34:07.248055 level=DEBUG service=inventory message=OK
2025-12-20T18:34:08.252663 level=ERROR service=inventory message=SERVICE_UNAVAILABLE
2025-12-20T18:34:09.256194 level=ERROR service=payments message=SERVICE_UNAVAILABLE
2025-12-20T18:34:10.259075 level=DEBUG service=payments message=OK
2025-12-20T18:34:11.261871 level=DEBUG service=payments message=OK
2025-12-20T18:34:12.263400 level=WARN service=payments message=OK
2025-12-20T18:34:13.267451 level=WARN service=auth message=OK
2025-12-20T18:34:14.272666 level=ERROR service=inventory message=NULL_POINTER
2025-12-20T18:34:15.276195 level=ERROR service=payments message=CACHE_MISS
2025-12-20T18:34:16.279498 level=INFO service=inventory message=OK
2025-12-20T18:34:17.282107 level=INFO service=inventory message=OK
2025-12-20T18:34:18.284134 level=DEBUG service=inventory message=OK
2025-12-20T18:34:19.285097 level=DEBUG service=payments message=OK
2025-12-20T18:34:20.290362 level=WARN service=auth message=OK
2025-12-20T18:34:21.295620 level=INFO service=inventory message=OK
2025-12-20T18:34:22.300859 level=ERROR service=auth message=NULL_POINTER
2025-12-20T18:34:23.305134 level=DEBUG service=inventory message=OK
2025-12-20T18:34:24.306693 level=INFO service=auth message=OK
2025-12-20T18:34:25.311259 level=ERROR service=inventory message=SERVICE_UNAVAILABLE
2025-12-20T18:34:26.316185 level=WARN service=inventory message=OK
2025-12-20T18:34:27.321321 level=DEBUG service=auth message=OK
2025-12-20T18:34:28.322156 level=WARN service=auth message=OK
2025-12-20T18:34:29.327418 level=DEBUG service=inventory message=OK
2025-12-20T18:34:30.329448 level=DEBUG service=inventory message=OK
2025-12-20T18:34:31.333652 level=WARN service=auth message=OK
2025-12-20T18:34:32.337178 level=WARN service=orders message=OK
2025-12-20T18:34:33.342148 level=WARN service=inventory message=OK
2025-12-20T18:34:34.347273 level=WARN service=auth message=OK
2025-12-20T18:34:35.352206 level=INFO service=payments message=OK
2025-12-20T18:34:36.355394 level=ERROR service=orders message=DB_TIMEOUT
2025-12-20T18:34:37.360660 level=DEBUG service=orders message=OK
2025-12-20T18:34:38.363849 level=ERROR service=inventory message=AUTH_FAILED
2025-12-20T18:34:39.367104 level=WARN service=payments message=OK
2025-12-20T18:34:40.371265 level=DEBUG service=inventory message=OK
2025-12-20T18:34:41.376194 level=WARN service=payments message=OK
2025-12-20T18:34:42.378773 level=DEBUG service=inventory message=OK
2025-12-20T18:34:43.384169 level=ERROR service=inventory message=AUTH_FAILED
2025-12-20T18:34:44.387808 level=DEBUG service=auth message=OK
2025-12-20T18:34:45.392501 level=DEBUG service=inventory message=OK
2025-12-20T18:34:46.397596 level=DEBUG service=payments message=OK
2025-12-20T18:34:47.399942 level=WARN service=orders message=OK
2025-12-20T18:34:48.404547 level=ERROR service=auth message=DB_TIMEOUT
2025-12-20T18:34:49.409258 level=ERROR service=payments message=CACHE_MISS
2025-12-20T18:34:50.413705 level=INFO service=payments message=OK
2025-12-20T18:34:51.418533 level=ERROR service=payments message=DB_TIMEOUT
2025-12-20T18:34:52.421191 level=WARN service=orders message=OK
2025-12-20T18:34:53.426271 level=ERROR service=payments message=DB_TIMEOUT
2025-12-20T18:34:54.429547 level=ERROR service=inventory message=DB_TIMEOUT
2025-12-20T18:34:55.432790 level=INFO service=orders message=OK
2025-12-20T18:34:56.437912 level=DEBUG service=inventory message=OK
2025-12-20T18:34:57.438537 level=INFO service=payments message=OK
2025-12-20T18:34:58.442041 level=DEBUG service=orders message=OK
2025-12-20T18:34:59.446257 level=WARN service=inventory message=OK
2025-12-20T18:35:00.451957 level=DEBUG service=orders message=OK
2025-12-20T18:35:01.454677 level=DEBUG service=auth message=OK
2025-12-20T18:35:02.457499 level=DEBUG service=inventory message=OK
2025-12-20T18:35:03.462671 level=DEBUG service=auth message=OK
2025-12-20T18:35:04.467009 level=DEBUG service=auth message=OK
2025-12-20T18:35:05.469867 level=DEBUG service=orders message=OK
2025-12-20T18:35:06.474393 level=DEBUG service=orders message=OK
2025-12-20T18:35:07.476921 level=INFO service=payments message=OK
2025-12-20T18:35:08.482088 level=WARN service=auth message=OK
2025-12-20T18:35:09.486542 level=ERROR service=payments message=DB_TIMEOUT
2025-12-20T18:35:10.490148 level=WARN service=orders message=OK
2025-12-20T18:35:11.495251 level=INFO service=orders message=OK
2025-12-20T18:35:12.500396 level=WARN service=payments message=OK
2025-12-20T18:35:13.504997 level=INFO service=orders message=OK
2025-12-20T18:35:14.508024 level=INFO service=inventory message=OK
2025-12-20T18:35:15.511007 level=WARN service=orders message=OK
2025-12-20T18:35:16.512805 level=WARN service=orders message=OK
2025-12-20T18:35:17.516702 level=ERROR service=orders message=CACHE_MISS
2025-12-20T18:35:18.521231 level=WARN service=payments message=OK
2025-12-20T18:35:19.525309 level=DEBUG service=orders message=OK
2025-12-20T18:35:20.530769 level=INFO service=payments message=OK
2025-12-20T18:35:21.532767 level=DEBUG service=auth message=OK
2025-12-20T18:35:22.537864 level=INFO service=payments message=OK
2025-12-20T18:35:23.542080 level=DEBUG service=inventory message=OK
2025-12-20T18:35:24.547342 level=INFO service=auth message=OK
2025-12-20T18:35:25.551390 level=WARN service=orders message=OK
2025-12-20T18:35:26.554627 level=ERROR service=payments message=NULL_POINTER
2025-12-20T18:35:27.559818 level=INFO service=auth message=OK
2025-12-20T18:35:28.565055 level=ERROR service=payments message=AUTH_FAILED
2025-12-20T18:35:29.566009 level=DEBUG service=payments message=OK
2025-12-20T18:35:30.570365 level=WARN service=orders message=OK
2025-12-20T18:35:31.575424 level=INFO service=inventory message=OK
2025-12-20T18:35:32.579279 level=WARN service=inventory message=OK
2025-12-20T18:35:33.583355 level=WARN service=orders message=OK
2025-12-20T18:35:34.583870 level=INFO service=orders message=OK
2025-12-20T18:35:35.589370 level=DEBUG service=inventory message=OK
2025-12-20T18:35:36.593720 level=ERROR service=orders message=AUTH_FAILED
2025-12-20T18:35:37.599081 level=INFO service=auth message=OK
2025-12-20T18:35:38.604371 level=ERROR service=inventory message=SERVICE_UNAVAILABLE
2025-12-20T18:35:39.606693 level=WARN service=payments message=OK
2025-12-20T18:35:40.610165 level=WARN service=auth message=OK
2025-12-20T18:35:41.611955 level=WARN service=auth message=OK
2025-12-20T18:35:42.617196 level=INFO service=orders message=OK
2025-12-20T18:35:43.620780 level=INFO service=auth message=OK
2025-12-20T18:35:44.624878 level=WARN service=payments message=OK
2025-12-20T18:35:45.629977 level=INFO service=auth message=OK
2025-12-20T18:35:46.634677 level=INFO service=orders message=OK
2025-12-20T18:35:47.635522 level=DEBUG service=auth message=OK
2025-12-20T18:35:48.638849 level=INFO service=orders message=OK
2025-12-20T18:35:49.639147 level=WARN service=orders message=OK
2025-12-20T18:35:50.640736 level=DEBUG service=orders message=OK
2025-12-20T18:35:51.642350 level=WARN service=payments message=OK
2025-12-20T18:35:52.646781 level=WARN service=inventory message=OK
2025-12-20T18:35:53.650662 level=INFO service=inventory message=OK
2025-12-20T18:35:54.654627 level=WARN service=payments message=OK
2025-12-20T18:35:55.658882 level=INFO service=inventory message=OK
2025-12-20T18:35:56.664055 level=ERROR service=orders message=SERVICE_UNAVAILABLE
2025-12-20T18:35:57.669500 level=WARN service=payments message=OK
2025-12-20T18:35:58.671166 level=DEBUG service=orders message=OK
2025-12-20T18:35:59.676082 level=DEBUG service=inventory message=OK
2025-12-20T18:36:00.680569 level=DEBUG service=orders message=OK
2025-12-20T18:36:01.684032 level=WARN service=payments message=OK
2025-12-20T18:36:02.687982 level=DEBUG service=inventory message=OK
2025-12-20T18:36:03.693152 level=INFO service=inventory message=OK
2025-12-20T18:36:04.698340 level=INFO service=orders message=OK
2025-12-20T18:36:05.703542 level=DEBUG service=orders message=OK
2025-12-20T18:36:06.708420 level=DEBUG service=orders message=OK
2025-12-20T18:36:07.708671 level=WARN service=payments message=OK
2025-12-20T18:36:08.709774 level=ERROR service=inventory message=AUTH_FAILED
2025-12-20T18:36:09.713246 level=WARN service=auth message=OK
2025-12-20T18:36:10.718380 level=ERROR service=payments message=SERVICE_UNAVAILABLE
2025-12-20T18:36:11.723618 level=ERROR service=orders message=DB_TIMEOUT
2025-12-20T18:36:12.724245 level=ERROR service=auth message=NULL_POINTER
2025-12-20T18:36:13.729509 level=ERROR service=orders message=SERVICE_UNAVAILABLE
2025-12-20T18:36:14.734161 level=DEBUG service=payments message=OK
2025-12-20T18:36:15.738085 level=INFO service=inventory message=OK
2025-12-20T18:36:16.739228 level=ERROR service=inventory message=AUTH_FAILED
2025-12-20T18:36:17.742779 level=DEBUG service=inventory message=OK
2025-12-20T18:36:18.743498 level=INFO service=payments message=OK
2025-12-20T18:36:19.749226 level=INFO service=orders message=OK
2025-12-20T18:36:20.753950 level=WARN service=payments message=OK
2025-12-20T18:36:21.756602 level=DEBUG service=payments message=OK
2025-12-20T18:36:22.758902 level=WARN service=inventory message=OK
2025-12-20T18:36:23.763888 level=INFO service=inventory message=OK
2025-12-20T18:36:24.766131 level=ERROR service=inventory message=AUTH_FAILED
2025-12-20T18:36:25.767408 level=ERROR service=auth message=NULL_POINTER
2025-12-20T18:36:26.768663 level=WARN service=auth message=OK
2025-12-20T18:36:27.773007 level=ERROR service=payments message=SERVICE_UNAVAILABLE
2025-12-20T18:36:28.774454 level=DEBUG service=payments message=OK
2025-12-20T18:36:29.779724 level=WARN service=inventory message=OK
2025-12-20T18:36:30.784433 level=INFO service=auth message=OK
2025-12-20T18:36:31.788817 level=INFO service=orders message=OK
2025-12-20T18:36:32.790611 level=WARN service=inventory message=OK
2025-12-20T18:36:33.795317 level=WARN service=inventory message=OK
2025-12-20T18:36:34.796791 level=INFO service=orders message=OK
2025-12-20T18:36:35.798520 level=INFO service=inventory message=OK
2025-12-20T18:36:36.803706 level=ERROR service=orders message=AUTH_FAILED
2025-12-20T18:36:37.804396 level=WARN service=orders message=OK
2025-12-20T18:36:38.808952 level=DEBUG service=inventory message=OK
2025-12-20T18:36:39.813249 level=DEBUG service=orders message=OK
2025-12-20T18:36:40.816996 level=INFO service=payments message=OK
2025-12-20T18:36:41.820614 level=ERROR service=payments message=NULL_POINTER
2025-12-20T18:36:42.825828 level=INFO service=orders message=OK
2025-12-20T18:36:43.831134 level=ERROR service=auth message=SERVICE_UNAVAILABLE
2025-12-20T18:36:44.836659 level=INFO service=payments message=OK
2025-12-20T18:36:45.841628 level=INFO service=auth message=OK
2025-12-20T18:36:46.844872 level=WARN service=payments message=OK
2025-12-20T18:36:47.845167 level=WARN service=payments message=OK
2025-12-20T18:36:48.849182 level=ERROR service=payments message=SERVICE_UNAVAILABLE
2025-12-20T18:36:49.854523 level=ERROR service=orders message=AUTH_FAILED
2025-12-20T18:36:50.857759 level=DEBUG service=inventory message=OK
2025-12-20T18:36:51.862344 level=DEBUG service=orders message=OK
2025-12-20T18:36:52.867345 level=INFO service=auth message=OK
2025-12-20T18:36:53.869366 level=WARN service=inventory message=OK
2025-12-20T18:36:54.872989 level=DEBUG service=auth message=OK
2025-12-20T18:36:55.877406 level=WARN service=orders message=OK
2025-12-20T18:36:56.878737 level=WARN service=inventory message=OK
2025-12-20T18:36:57.884072 level=INFO service=auth message=OK
2025-12-20T18:36:58.886057 level=ERROR service=inventory message=AUTH_FAILED
2025-12-20T18:36:59.891220 level=INFO service=auth message=OK
2025-12-20T18:37:00.895209 level=ERROR service=orders message=SERVICE_UNAVAILABLE
2025-12-20T18:37:01.900887 level=INFO service=inventory message=OK
2025-12-20T18:37:02.902605 level=DEBUG service=payments message=OK
2025-12-20T18:37:03.902881 level=INFO service=payments message=OK
2025-12-20T18:37:04.907362 level=INFO service=orders message=OK
2025-12-20T18:37:05.912772 level=DEBUG service=payments message=OK
2025-12-20T18:37:06.917301 level=INFO service=orders message=OK
2025-12-20T18:37:07.922325 level=ERROR service=orders message=CACHE_MISS
2025-12-20T18:37:08.925104 level=DEBUG service=payments message=OK
2025-12-20T18:37:09.930131 level=WARN service=auth message=OK
2025-12-20T18:37:10.931794 level=INFO service=auth message=OK
2025-12-20T18:37:11.935093 level=ERROR service=orders message=DB_TIMEOUT
2025-12-20T18:37:12.940312 level=ERROR service=auth message=CACHE_MISS
2025-12-20T18:37:13.942369 level=WARN service=inventory message=OK
2025-12-20T18:37:14.945641 level=ERROR service=payments message=NULL_POINTER
2025-12-20T18:37:15.951177 level=WARN service=orders message=OK
2025-12-20T18:37:16.955995 level=DEBUG service=auth message=OK
2025-12-20T18:37:17.959612 level=DEBUG service=payments message=OK
2025-12-20T18:37:18.964798 level=INFO service=inventory message=OK
2025-12-20T18:37:19.969908 level=ERROR service=inventory message=SERVICE_UNAVAILABLE
2025-12-20T18:37:20.972687 level=INFO service=auth message=OK
2025-12-20T18:37:21.976019 level=INFO service=auth message=OK
2025-12-20T18:37:22.979165 level=INFO service=auth message=OK
2025-12-20T18:37:23.984307 level=ERROR service=inventory message=DB_TIMEOUT
2025-12-20T18:37:24.988212 level=ERROR service=auth message=CACHE_MISS
2025-12-20T18:37:25.990731 level=DEBUG service=inventory message=OK
2025-12-20T18:37:26.993375 level=INFO service=inventory message=OK
2025-12-20T18:37:27.997502 level=DEBUG service=inventory message=OK
2025-12-20T18:37:28.999428 level=DEBUG service=auth message=OK
2025-12-20T18:37:30.001594 level=ERROR service=orders message=AUTH_FAILED
2025-12-20T18:37:31.006463 level=ERROR service=orders message=NULL_POINTER
2025-12-20T18:37:32.011913 level=WARN service=auth message=OK
2025-12-20T18:37:33.013682 level=INFO service=auth message=OK
2025-12-20T18:37:34.017796 level=ERROR service=auth message=CACHE_MISS
2025-12-20T18:37:35.019945 level=ERROR service=orders message=DB_TIMEOUT
2025-12-20T18:37:36.023240 level=WARN service=orders message=OK
2025-12-20T18:37:37.026928 level=INFO service=inventory message=OK
2025-12-20T18:37:38.028659 level=ERROR service=auth message=NULL_POINTER
2025-12-20T18:37:39.031834 level=INFO service=inventory message=OK
2025-12-20T18:37:40.033043 level=DEBUG service=inventory message=OK
2025-12-20T18:37:41.038374 level=DEBUG service=inventory message=OK
2025-12-20T18:37:42.042534 level=INFO service=auth message=OK
2025-12-20T18:37:43.043428 level=ERROR service=inventory message=SERVICE_UNAVAILABLE
2025-12-20T18:37:44.045256 level=INFO service=orders message=OK
2025-12-20T18:37:45.050550 level=ERROR service=payments message=NULL_POINTER
2025-12-20T18:37:46.053212 level=ERROR service=auth message=SERVICE_UNAVAILABLE
2025-12-20T18:37:47.054911 level=ERROR service=auth message=SERVICE_UNAVAILABLE
2025-12-20T18:37:48.060148 level=WARN service=payments message=OK
2025-12-20T18:37:49.063556 level=ERROR service=inventory message=AUTH_FAILED
2025-12-20T18:37:50.067963 level=DEBUG service=orders message=OK
2025-12-20T18:37:51.071589 level=WARN service=auth message=OK
2025-12-20T18:37:52.076012 level=DEBUG service=inventory message=OK
2025-12-20T18:37:53.078176 level=DEBUG service=inventory message=OK
2025-12-20T18:37:54.083378 level=DEBUG service=orders message=OK
2025-12-20T18:37:55.087023 level=DEBUG service=payments message=OK
2025-12-20T18:37:56.088424 level=INFO service=orders message=OK
2025-12-20T18:37:57.093353 level=ERROR service=orders message=AUTH_FAILED
2025-12-20T18:37:58.096609 level=DEBUG service=payments message=OK
2025-12-20T18:37:59.101805 level=DEBUG service=auth message=OK
2025-12-20T18:38:00.106996 level=INFO service=payments message=OK
2025-12-20T18:38:01.112293 level=WARN service=payments message=OK
2025-12-20T18:38:02.117461 level=ERROR service=payments message=SERVICE_UNAVAILABLE
2025-12-20T18:38:03.121559 level=INFO service=inventory message=OK
2025-12-20T18:38:04.124038 level=INFO service=payments message=OK
2025-12-20T18:38:05.129524 level=INFO service=payments message=OK
2025-12-20T18:38:06.130482 level=INFO service=orders message=OK
2025-12-20T18:38:07.133282 level=WARN service=orders message=OK
2025-12-20T18:38:08.138177 level=DEBUG service=auth message=OK
2025-12-20T18:38:09.139391 level=WARN service=auth message=OK
2025-12-20T18:38:10.141039 level=WARN service=payments message=OK
2025-12-20T18:38:11.146346 level=WARN service=orders message=OK
2025-12-20T18:38:12.150282 level=DEBUG service=auth message=OK
2025-12-20T18:38:13.152874 level=ERROR service=orders message=SERVICE_UNAVAILABLE
2025-12-20T18:38:14.155119 level=WARN service=orders message=OK
2025-12-20T18:38:15.158169 level=DEBUG service=payments message=OK
2025-12-20T18:38:16.159757 level=INFO service=payments message=OK
2025-12-20T18:38:17.163640 level=ERROR service=payments message=SERVICE_UNAVAILABLE
2025-12-20T18:38:18.164837 level=WARN service=orders message=OK
2025-12-20T18:38:19.170161 level=INFO service=orders message=OK
2025-12-20T18:38:20.173695 level=ERROR service=payments message=SERVICE_UNAVAILABLE
2025-12-20T18:38:21.176263 level=WARN service=auth message=OK
2025-12-20T18:38:22.177568 level=WARN service=orders message=OK
2025-12-20T18:38:23.181623 level=WARN service=inventory message=OK
2025-12-20T18:38:24.183768 level=ERROR service=orders message=SERVICE_UNAVAILABLE
2025-12-20T18:38:25.188588 level=ERROR service=auth message=CACHE_MISS
2025-12-20T18:38:26.190998 level=INFO service=payments message=OK
2025-12-20T18:38:27.196147 level=WARN service=inventory message=OK
2025-12-20T18:38:28.201201 level=INFO service=orders message=OK
2025-12-20T18:38:29.205143 level=WARN service=payments message=OK
2025-12-20T18:38:30.208519 level=ERROR service=auth message=SERVICE_UNAVAILABLE
2025-12-20T18:38:31.213988 level=WARN service=auth message=OK
2025-12-20T18:38:32.218789 level=ERROR service=orders message=SERVICE_UNAVAILABLE
2025-12-20T18:38:33.221937 level=INFO service=payments message=OK
2025-12-20T18:38:34.225684 level=WARN service=orders message=OK
2025-12-20T18:38:35.228904 level=WARN service=payments message=OK
2025-12-20T18:38:36.230157 level=INFO service=auth message=OK
2025-12-20T18:38:37.231552 level=ERROR service=inventory message=NULL_POINTER
2025-12-20T18:38:38.234043 level=DEBUG service=payments message=OK
2025-12-20T18:38:39.234720 level=ERROR service=inventory message=NULL_POINTER
2025-12-20T18:38:40.237509 level=DEBUG service=orders message=OK
2025-12-20T18:38:41.240360 level=INFO service=auth message=OK
2025-12-20T18:38:42.243554 level=WARN service=orders message=OK
2025-12-20T18:38:43.245126 level=ERROR service=payments message=AUTH_FAILED
2025-12-20T18:38:44.248647 level=INFO service=payments message=OK
2025-12-20T18:38:45.254091 level=ERROR service=inventory message=DB_TIMEOUT
2025-12-20T18:38:46.257487 level=ERROR service=inventory message=SERVICE_UNAVAILABLE
2025-12-20T18:38:47.262331 level=ERROR service=orders message=SERVICE_UNAVAILABLE
2025-12-20T18:38:48.267689 level=WARN service=payments message=OK
2025-12-20T18:38:49.268118 level=INFO service=orders message=OK
2025-12-20T18:38:50.269053 level=INFO service=orders message=OK
2025-12-20T18:38:51.273375 level=INFO service=inventory message=OK
2025-12-20T18:38:52.278038 level=WARN service=payments message=OK
2025-12-20T18:38:53.283385 level=ERROR service=auth message=DB_TIMEOUT
2025-12-20T18:38:54.286609 level=INFO service=inventory message=OK
2025-12-20T18:38:55.291119 level=DEBUG service=payments message=OK
2025-12-20T18:38:56.292724 level=INFO service=auth message=OK
2025-12-20T18:38:57.297694 level=INFO service=auth message=OK
2025-12-20T18:38:58.301791 level=WARN service=payments message=OK
2025-12-20T18:38:59.306993 level=ERROR service=auth message=AUTH_FAILED
2025-12-20T18:39:00.311903 level=DEBUG service=inventory message=OK
2025-12-20T18:39:01.317498 level=WARN service=auth message=OK
2025-12-20T18:39:02.321887 level=INFO service=payments message=OK
2025-12-20T18:39:03.324991 level=INFO service=orders message=OK
2025-12-20T18:39:04.325915 level=INFO service=orders message=OK
2025-12-20T18:39:05.330784 level=INFO service=orders message=OK
2025-12-20T18:39:06.334682 level=DEBUG service=payments message=OK
2025-12-20T18:39:07.335950 level=WARN service=payments message=OK
2025-12-20T18:39:08.336866 level=INFO service=orders message=OK
2025-12-20T18:39:09.338610 level=WARN service=auth message=OK
2025-12-20T18:39:10.341608 level=DEBUG service=inventory message=OK
2025-12-20T18:39:11.344884 level=WARN service=inventory message=OK
2025-12-20T18:39:12.350800 level=INFO service=payments message=OK
2025-12-20T18:39:13.354323 level=DEBUG service=auth message=OK
2025-12-20T18:39:14.357926 level=ERROR service=inventory message=CACHE_MISS
2025-12-20T18:39:15.363752 level=DEBUG service=inventory message=OK
2025-12-20T18:39:16.368525 level=INFO service=payments message=OK
2025-12-20T18:39:17.371575 level=WARN service=payments message=OK
2025-12-20T18:39:18.376801 level=INFO service=payments message=OK
2025-12-20T18:39:19.379393 level=INFO service=payments message=OK
2025-12-20T18:39:20.380853 level=WARN service=inventory message=OK
2025-12-20T18:39:21.385705 level=DEBUG service=inventory message=OK
2025-12-20T18:39:22.389825 level=INFO service=orders message=OK
2025-12-20T18:39:23.390623 level=DEBUG service=orders message=OK
2025-12-20T18:39:24.391777 level=ERROR service=payments message=AUTH_FAILED
2025-12-20T18:39:25.397146 level=INFO service=orders message=OK
2025-12-20T18:39:26.400383 level=INFO service=auth message=OK
2025-12-20T18:39:27.404482 level=ERROR service=payments message=AUTH_FAILED
2025-12-20T18:39:28.407403 level=INFO service=inventory message=OK
2025-12-20T18:39:29.413071 level=INFO service=auth message=OK
2025-12-20T18:39:30.416528 level=WARN service=payments message=OK
2025-12-20T18:39:31.416819 level=ERROR service=payments message=SERVICE_UNAVAILABLE
2025-12-20T18:39:32.420717 level=ERROR service=orders message=DB_TIMEOUT
2025-12-20T18:39:33.423476 level=ERROR service=inventory message=CACHE_MISS
2025-12-20T18:39:34.426547 level=DEBUG service=auth message=OK
2025-12-20T18:39:35.429919 level=ERROR service=orders message=DB_TIMEOUT
2025-12-20T18:39:36.430915 level=WARN service=auth message=OK
2025-12-20T18:39:37.436081 level=ERROR service=payments message=SERVICE_UNAVAILABLE
2025-12-20T18:39:38.439037 level=ERROR service=orders message=NULL_POINTER
2025-12-20T18:39:39.440688 level=DEBUG service=inventory message=OK
2025-12-20T18:39:40.445257 level=WARN service=orders message=OK
2025-12-20T18:39:41.449930 level=INFO service=auth message=OK
2025-12-20T18:39:42.454748 level=DEBUG service=orders message=OK
2025-12-20T18:39:43.459875 level=WARN service=payments message=OK
2025-12-20T18:39:44.465484 level=WARN service=payments message=OK
2025-12-20T18:39:45.469471 level=INFO service=orders message=OK
2025-12-20T18:39:46.471932 level=ERROR service=inventory message=AUTH_FAILED
2025-12-20T18:39:47.474636 level=INFO service=auth message=OK
2025-12-20T18:39:48.479665 level=DEBUG service=auth message=OK
2025-12-20T18:39:49.480918 level=ERROR service=auth message=NULL_POINTER
2025-12-20T18:39:50.481722 level=DEBUG service=payments message=OK
2025-12-20T18:39:51.487036 level=WARN service=orders message=OK
2025-12-20T18:39:52.489937 level=WARN service=orders message=OK
2025-12-20T18:39:53.491807 level=ERROR service=orders message=DB_TIMEOUT
2025-12-20T18:39:54.497047 level=DEBUG service=payments message=OK
2025-12-20T18:39:55.500512 level=INFO service=inventory message=OK
2025-12-20T18:39:56.505638 level=DEBUG service=payments message=OK
2025-12-20T18:39:57.508843 level=INFO service=inventory message=OK
2025-12-20T18:39:58.514019 level=DEBUG service=inventory message=OK
2025-12-20T18:39:59.514666 level=DEBUG service=inventory message=OK
2025-12-20T18:40:00.519800 level=WARN service=auth message=OK
2025-12-20T18:40:01.524209 level=DEBUG service=payments message=OK
2025-12-20T18:40:02.525189 level=INFO service=inventory message=OK
2025-12-20T18:40:03.529702 level=DEBUG service=payments message=OK
2025-12-20T18:40:04.533911 level=INFO service=auth message=OK
2025-12-20T18:40:05.538940 level=INFO service=auth message=OK
2025-12-20T18:40:06.542203 level=DEBUG service=orders message=OK
2025-12-20T18:40:07.544843 level=WARN service=orders message=OK
2025-12-20T18:40:08.549499 level=WARN service=payments message=OK
2025-12-20T18:40:09.551813 level=ERROR service=payments message=CACHE_MISS
2025-12-20T18:40:10.555654 level=WARN service=inventory message=OK
2025-12-20T18:40:11.556140 level=INFO service=orders message=OK
2025-12-20T18:40:12.561318 level=INFO service=inventory message=OK
2025-12-20T18:40:13.563838 level=ERROR service=orders message=DB_TIMEOUT
2025-12-20T18:40:14.569193 level=INFO service=orders message=OK
2025-12-20T18:40:15.573018 level=DEBUG service=payments message=OK
2025-12-20T18:40:16.578359 level=WARN service=auth message=OK
2025-12-20T18:40:17.581884 level=WARN service=orders message=OK
2025-12-20T18:40:18.583010 level=ERROR service=orders message=SERVICE_UNAVAILABLE
2025-12-20T18:40:19.587688 level=DEBUG service=payments message=OK
2025-12-20T18:40:20.589343 level=INFO service=auth message=OK
2025-12-20T18:40:21.594567 level=INFO service=inventory message=OK
2025-12-20T18:40:22.597350 level=DEBUG service=payments message=OK
2025-12-20T18:40:23.599504 level=ERROR service=payments message=DB_TIMEOUT
2025-12-20T18:40:24.604727 level=WARN service=orders message=OK
2025-12-20T18:40:25.605811 level=INFO service=payments message=OK
2025-12-20T18:40:26.610864 level=INFO service=payments message=OK
2025-12-20T18:40:27.616174 level=INFO service=orders message=OK
2025-12-20T18:40:28.618330 level=DEBUG service=orders message=OK
2025-12-20T18:40:29.619414 level=DEBUG service=orders message=OK
2025-12-20T18:40:30.624686 level=ERROR service=inventory message=DB_TIMEOUT
2025-12-20T18:40:31.629751 level=ERROR service=orders message=CACHE_MISS
2025-12-20T18:40:32.635049 level=DEBUG service=inventory message=OK
2025-12-20T18:40:33.639588 level=INFO service=payments message=OK
2025-12-20T18:40:34.644410 level=DEBUG service=auth message=OK
2025-12-20T18:40:35.645935 level=WARN service=payments message=OK
2025-12-20T18:40:36.646996 level=INFO service=payments message=OK
2025-12-20T18:40:37.650225 level=DEBUG service=payments message=OK
2025-12-20T18:40:38.655452 level=DEBUG service=auth message=OK
2025-12-20T18:40:39.660879 level=DEBUG service=orders message=OK
2025-12-20T18:40:40.665952 level=INFO service=payments message=OK
2025-12-20T18:40:41.671241 level=WARN service=inventory message=OK
2025-12-20T18:40:42.676638 level=ERROR service=inventory message=SERVICE_UNAVAILABLE
2025-12-20T18:40:43.681933 level=WARN service=payments message=OK
2025-12-20T18:40:44.684602 level=DEBUG service=payments message=OK
2025-12-20T18:40:45.685479 level=INFO service=payments message=OK
2025-12-20T18:40:46.689070 level=INFO service=payments message=OK
2025-12-20T18:40:47.690282 level=DEBUG service=payments message=OK
2025-12-20T18:40:48.694016 level=INFO service=auth message=OK
2025-12-20T18:40:49.697917 level=DEBUG service=payments message=OK
2025-12-20T18:40:50.703241 level=DEBUG service=payments message=OK
2025-12-20T18:40:51.708200 level=INFO service=orders message=OK
2025-12-20T18:40:52.713183 level=ERROR service=auth message=AUTH_FAILED
2025-12-20T18:40:53.715103 level=DEBUG service=payments message=OK
2025-12-20T18:40:54.716590 level=ERROR service=auth message=NULL_POINTER
2025-12-20T18:40:55.721907 level=ERROR service=orders message=CACHE_MISS
2025-12-20T18:40:56.727612 level=WARN service=orders message=OK
2025-12-20T18:40:57.728350 level=ERROR service=inventory message=SERVICE_UNAVAILABLE
2025-12-20T18:40:58.731679 level=DEBUG service=inventory message=OK
2025-12-20T18:40:59.737017 level=DEBUG service=inventory message=OK
2025-12-20T18:41:00.742421 level=INFO service=inventory message=OK
2025-12-20T18:41:01.745599 level=DEBUG service=orders message=OK
2025-12-20T18:41:02.747057 level=INFO service=payments message=OK
2025-12-20T18:41:03.751204 level=WARN service=orders message=OK
2025-12-20T18:41:04.755856 level=DEBUG service=orders message=OK
2025-12-20T18:41:05.760178 level=DEBUG service=orders message=OK
2025-12-20T18:41:06.763217 level=INFO service=payments message=OK
2025-12-20T18:41:07.764446 level=WARN service=auth message=OK
2025-12-20T18:41:08.769709 level=INFO service=payments message=OK
2025-12-20T18:41:09.775112 level=WARN service=payments message=OK
2025-12-20T18:41:10.777656 level=INFO service=auth message=OK
2025-12-20T18:41:11.782645 level=DEBUG service=orders message=OK
2025-12-20T18:41:12.786602 level=INFO service=auth message=OK
2025-12-20T18:41:13.788777 level=INFO service=auth message=OK
2025-12-20T18:41:14.792887 level=DEBUG service=orders message=OK
2025-12-20T18:41:15.793993 level=ERROR service=payments message=NULL_POINTER
2025-12-20T18:41:16.795816 level=DEBUG service=orders message=OK
2025-12-20T18:41:17.796683 level=ERROR service=payments message=SERVICE_UNAVAILABLE
2025-12-20T18:41:18.798313 level=WARN service=orders message=OK
2025-12-20T18:41:19.802273 level=DEBUG service=auth message=OK
2025-12-20T18:41:20.805412 level=WARN service=inventory message=OK
2025-12-20T18:41:21.809570 level=DEBUG service=payments message=OK
2025-12-20T18:41:22.810446 level=ERROR service=auth message=DB_TIMEOUT
2025-12-20T18:41:23.815893 level=ERROR service=inventory message=SERVICE_UNAVAILABLE
2025-12-20T18:41:24.821099 level=INFO service=auth message=OK
2025-12-20T18:41:25.823464 level=ERROR service=inventory message=CACHE_MISS
2025-12-20T18:41:26.828764 level=INFO service=orders message=OK
2025-12-20T18:41:27.831897 level=DEBUG service=inventory message=OK
2025-12-20T18:41:28.835746 level=DEBUG service=inventory message=OK
2025-12-20T18:41:29.841043 level=WARN service=auth message=OK
2025-12-20T18:41:30.845013 level=INFO service=orders message=OK
2025-12-20T18:41:31.849912 level=WARN service=orders message=OK
2025-12-20T18:41:32.855459 level=WARN service=inventory message=OK
2025-12-20T18:41:33.859619 level=WARN service=inventory message=OK
2025-12-20T18:41:34.863282 level=INFO service=auth message=OK
2025-12-20T18:41:35.867400 level=ERROR service=orders message=CACHE_MISS
2025-12-20T18:41:36.870982 level=DEBUG service=orders message=OK
2025-12-20T18:41:37.874209 level=WARN service=inventory message=OK
2025-12-20T18:41:38.879374 level=INFO service=orders message=OK
2025-12-20T18:41:39.880092 level=DEBUG service=orders message=OK
2025-12-20T18:41:40.880862 level=ERROR service=auth message=SERVICE_UNAVAILABLE
2025-12-20T18:41:41.883511 level=DEBUG service=orders message=OK
2025-12-20T18:41:42.887157 level=INFO service=orders message=OK
2025-12-20T18:41:43.888116 level=DEBUG service=inventory message=OK
2025-12-20T18:41:44.892485 level=INFO service=inventory message=OK
2025-12-20T18:41:45.897818 level=ERROR service=payments message=CACHE_MISS
2025-12-20T18:41:46.898782 level=ERROR service=auth message=DB_TIMEOUT
2025-12-20T18:41:47.903957 level=ERROR service=auth message=NULL_POINTER
2025-12-20T18:41:48.909111 level=ERROR service=payments message=AUTH_FAILED
2025-12-20T18:41:49.912952 level=DEBUG service=inventory message=OK
2025-12-20T18:41:50.917501 level=INFO service=auth message=OK
2025-12-20T18:41:51.922490 level=WARN service=orders message=OK
2025-12-20T18:41:52.923992 level=INFO service=auth message=OK
2025-12-20T18:41:53.924567 level=INFO service=inventory message=OK
2025-12-20T18:41:54.929958 level=ERROR service=payments message=CACHE_MISS
2025-12-20T18:41:55.932818 level=DEBUG service=auth message=OK
2025-12-20T18:41:56.936225 level=INFO service=auth message=OK
2025-12-20T18:41:57.936981 level=DEBUG service=payments message=OK
2025-12-20T18:41:58.940115 level=INFO service=inventory message=OK
2025-12-20T18:41:59.941649 level=WARN service=auth message=OK
2025-12-20T18:42:00.942296 level=WARN service=orders message=OK
2025-12-20T18:42:01.947027 level=INFO service=orders message=OK
2025-12-20T18:42:02.950198 level=ERROR service=payments message=DB_TIMEOUT
2025-12-20T18:42:03.953477 level=INFO service=inventory message=OK
2025-12-20T18:42:04.959075 level=WARN service=inventory message=OK
2025-12-20T18:42:05.962298 level=DEBUG service=orders message=OK
2025-12-20T18:42:06.967498 level=INFO service=orders message=OK
2025-12-20T18:42:07.972699 level=DEBUG service=auth message=OK
2025-12-20T18:42:08.974186 level=INFO service=auth message=OK
2025-12-20T18:42:09.979536 level=INFO service=inventory message=OK
2025-12-20T18:42:10.980957 level=INFO service=payments message=OK
2025-12-20T18:42:11.981949 level=INFO service=auth message=OK
2025-12-20T18:42:12.985237 level=DEBUG service=orders message=OK
2025-12-20T18:42:13.990205 level=ERROR service=inventory message=AUTH_FAILED
2025-12-20T18:42:14.993545 level=WARN service=orders message=OK
2025-12-20T18:42:15.996778 level=ERROR service=inventory message=NULL_POINTER
2025-12-20T18:42:17.001816 level=INFO service=inventory message=OK
2025-12-20T18:42:18.006382 level=DEBUG service=inventory message=OK
2025-12-20T18:42:19.010021 level=INFO service=orders message=OK
2025-12-20T18:42:20.011398 level=INFO service=inventory message=OK
2025-12-20T18:42:21.012902 level=INFO service=inventory message=OK
2025-12-20T18:42:22.017563 level=INFO service=orders message=OK
2025-12-20T18:42:23.022746 level=WARN service=inventory message=OK
2025-12-20T18:42:24.026767 level=WARN service=auth message=OK
2025-12-20T18:42:25.031738 level=ERROR service=auth message=AUTH_FAILED
2025-12-20T18:42:26.035146 level=ERROR service=orders message=SERVICE_UNAVAILABLE
2025-12-20T18:42:27.039897 level=DEBUG service=payments message=OK
2025-12-20T18:42:28.045127 level=DEBUG service=inventory message=OK
2025-12-20T18:42:29.047267 level=INFO service=payments message=OK
2025-12-20T18:42:30.050929 level=INFO service=inventory message=OK
2025-12-20T18:42:31.055968 level=INFO service=inventory message=OK
2025-12-20T18:42:32.058486 level=ERROR service=auth message=SERVICE_UNAVAILABLE
2025-12-20T18:42:33.063165 level=WARN service=payments message=OK
2025-12-20T18:42:34.063775 level=INFO service=inventory message=OK
2025-12-20T18:42:35.067285 level=INFO service=inventory message=OK
2025-12-20T18:42:36.072488 level=ERROR service=payments message=NULL_POINTER
2025-12-20T18:42:37.077755 level=INFO service=inventory message=OK
2025-12-20T18:42:38.080102 level=DEBUG service=auth message=OK
2025-12-20T18:42:39.084937 level=ERROR service=payments message=DB_TIMEOUT
2025-12-20T18:42:40.087917 level=ERROR service=payments message=DB_TIMEOUT
2025-12-20T18:42:41.092747 level=INFO service=inventory message=OK
2025-12-20T18:42:42.093604 level=WARN service=auth message=OK
2025-12-20T18:42:43.098930 level=INFO service=inventory message=OK
2025-12-20T18:42:44.101286 level=ERROR service=orders message=SERVICE_UNAVAILABLE
2025-12-20T18:42:45.106343 level=INFO service=inventory message=OK
2025-12-20T18:42:46.109957 level=WARN service=inventory message=OK
2025-12-20T18:42:47.115177 level=DEBUG service=payments message=OK
2025-12-20T18:42:48.119271 level=WARN service=auth message=OK
2025-12-20T18:42:49.121232 level=INFO service=auth message=OK
2025-12-20T18:42:50.125934 level=DEBUG service=auth message=OK
2025-12-20T18:42:51.130634 level=ERROR service=payments message=DB_TIMEOUT
2025-12-20T18:42:52.134338 level=ERROR service=payments message=NULL_POINTER
2025-12-20T18:42:53.139602 level=WARN service=auth message=OK
2025-12-20T18:42:54.142729 level=DEBUG service=payments message=OK
2025-12-20T18:42:55.147946 level=INFO service=auth message=OK
2025-12-20T18:42:56.150944 level=ERROR service=inventory message=CACHE_MISS
2025-12-20T18:42:57.155838 level=INFO service=payments message=OK
2025-12-20T18:42:58.160510 level=WARN service=orders message=OK
2025-12-20T18:42:59.160906 level=ERROR service=auth message=NULL_POINTER
2025-12-20T18:43:00.163796 level=DEBUG service=payments message=OK
2025-12-20T18:43:01.168951 level=ERROR service=inventory message=NULL_POINTER
2025-12-20T18:43:02.172972 level=WARN service=orders message=OK
2025-12-20T18:43:03.178140 level=ERROR service=inventory message=SERVICE_UNAVAILABLE
2025-12-20T18:43:04.183510 level=INFO service=inventory message=OK
2025-12-20T18:43:05.185915 level=ERROR service=payments message=SERVICE_UNAVAILABLE
2025-12-20T18:43:06.188033 level=INFO service=orders message=OK
2025-12-20T18:43:07.192683 level=INFO service=inventory message=OK
2025-12-20T18:43:08.197313 level=INFO service=inventory message=OK
2025-12-20T18:43:09.199038 level=INFO service=auth message=OK
2025-12-20T18:43:10.202951 level=INFO service=orders message=OK
2025-12-20T18:43:11.206436 level=WARN service=payments message=OK
2025-12-20T18:43:12.209678 level=INFO service=payments message=OK
2025-12-20T18:43:13.214018 level=WARN service=payments message=OK
2025-12-20T18:43:14.218832 level=WARN service=auth message=OK
2025-12-20T18:43:15.223942 level=WARN service=payments message=OK
2025-12-20T18:43:16.225204 level=INFO service=orders message=OK
2025-12-20T18:43:17.226716 level=ERROR service=payments message=AUTH_FAILED
2025-12-20T18:43:18.228101 level=INFO service=payments message=OK
2025-12-20T18:43:19.228422 level=DEBUG service=auth message=OK
2025-12-20T18:43:20.233475 level=WARN service=inventory message=OK
2025-12-20T18:43:21.234627 level=WARN service=payments message=OK
2025-12-20T18:43:22.237947 level=WARN service=inventory message=OK
2025-12-20T18:43:23.242730 level=ERROR service=auth message=DB_TIMEOUT
2025-12-20T18:43:24.248010 level=WARN service=auth message=OK
2025-12-20T18:43:25.251461 level=DEBUG service=orders message=OK
2025-12-20T18:43:26.255691 level=DEBUG service=inventory message=OK
2025-12-20T18:43:27.259646 level=WARN service=payments message=OK
2025-12-20T18:43:28.262016 level=WARN service=auth message=OK
2025-12-20T18:43:29.266796 level=DEBUG service=payments message=OK
2025-12-20T18:43:30.271771 level=ERROR service=orders message=AUTH_FAILED
2025-12-20T18:43:31.273260 level=WARN service=inventory message=OK
2025-12-20T18:43:32.276128 level=ERROR service=orders message=NULL_POINTER
2025-12-20T18:43:33.280214 level=DEBUG service=inventory message=OK
2025-12-20T18:43:34.285708 level=ERROR service=orders message=CACHE_MISS
2025-12-20T18:43:35.290079 level=INFO service=auth message=OK
2025-12-20T18:43:36.291193 level=INFO service=inventory message=OK
2025-12-20T18:43:37.296262 level=INFO service=inventory message=OK
2025-12-20T18:43:38.301111 level=INFO service=payments message=OK
2025-12-20T18:43:39.305738 level=DEBUG service=inventory message=OK
2025-12-20T18:43:40.308363 level=ERROR service=auth message=SERVICE_UNAVAILABLE
2025-12-20T18:43:41.309318 level=ERROR service=orders message=AUTH_FAILED
2025-12-20T18:43:42.310729 level=WARN service=orders message=OK
2025-12-20T18:43:43.314887 level=ERROR service=payments message=SERVICE_UNAVAILABLE
2025-12-20T18:43:44.317769 level=WARN service=auth message=OK
2025-12-20T18:43:45.319523 level=ERROR service=inventory message=NULL_POINTER
2025-12-20T18:43:46.321925 level=ERROR service=inventory message=DB_TIMEOUT
2025-12-20T18:43:47.327190 level=WARN service=orders message=OK
2025-12-20T18:43:48.330688 level=WARN service=payments message=OK
2025-12-20T18:43:49.331459 level=INFO service=auth message=OK
2025-12-20T18:43:50.336792 level=ERROR service=payments message=CACHE_MISS
2025-12-20T18:43:51.341828 level=DEBUG service=inventory message=OK
2025-12-20T18:43:52.342883 level=DEBUG service=inventory message=OK
2025-12-20T18:43:53.343858 level=INFO service=payments message=OK
2025-12-20T18:43:54.346940 level=INFO service=orders message=OK
2025-12-20T18:43:55.352268 level=WARN service=orders message=OK
2025-12-20T18:43:56.354816 level=ERROR service=orders message=SERVICE_UNAVAILABLE
2025-12-20T18:43:57.359937 level=WARN service=auth message=OK
2025-12-20T18:43:58.361223 level=WARN service=payments message=OK
2025-12-20T18:43:59.366308 level=ERROR service=payments message=SERVICE_UNAVAILABLE
2025-12-20T18:44:00.370987 level=INFO service=orders message=OK
2025-12-20T18:44:01.376181 level=DEBUG service=payments message=OK
2025-12-20T18:44:02.379052 level=ERROR service=inventory message=CACHE_MISS
2025-12-20T18:44:03.383539 level=DEBUG service=payments message=OK
2025-12-20T18:44:04.386924 level=WARN service=payments message=OK
2025-12-20T18:44:05.389864 level=INFO service=orders message=OK
2025-12-20T18:44:06.390868 level=DEBUG service=auth message=OK
2025-12-20T18:44:07.396021 level=INFO service=payments message=OK
2025-12-20T18:44:08.399482 level=ERROR service=inventory message=CACHE_MISS
2025-12-20T18:44:09.403266 level=DEBUG service=orders message=OK
2025-12-20T18:44:10.407612 level=WARN service=auth message=OK
2025-12-20T18:44:11.409944 level=DEBUG service=orders message=OK
2025-12-20T18:44:12.411441 level=DEBUG service=inventory message=OK
2025-12-20T18:44:13.416636 level=INFO service=orders message=OK
2025-12-20T18:44:14.421543 level=DEBUG service=orders message=OK
2025-12-20T18:44:15.424963 level=INFO service=orders message=OK
2025-12-20T18:44:16.427303 level=DEBUG service=payments message=OK
2025-12-20T18:44:17.429214 level=WARN service=payments message=OK
2025-12-20T18:44:18.434379 level=ERROR service=orders message=AUTH_FAILED
2025-12-20T18:44:19.439347 level=INFO service=auth message=OK
2025-12-20T18:44:20.444183 level=DEBUG service=auth message=OK
2025-12-20T18:44:21.445309 level=INFO service=auth message=OK
2025-12-20T18:44:22.449607 level=DEBUG service=auth message=OK
2025-12-20T18:44:23.454923 level=DEBUG service=inventory message=OK
2025-12-20T18:44:24.459961 level=WARN service=inventory message=OK
2025-12-20T18:44:25.464791 level=WARN service=auth message=OK
2025-12-20T18:44:26.468950 level=INFO service=orders message=OK
2025-12-20T18:44:27.474269 level=WARN service=payments message=OK
2025-12-20T18:44:28.479323 level=ERROR service=auth message=NULL_POINTER
2025-12-20T18:44:29.480685 level=INFO service=auth message=OK
2025-12-20T18:44:30.486519 level=ERROR service=inventory message=CACHE_MISS
2025-12-20T18:44:31.491210 level=WARN service=payments message=OK
2025-12-20T18:44:32.496401 level=INFO service=inventory message=OK
2025-12-20T18:44:33.501219 level=ERROR service=inventory message=NULL_POINTER
2025-12-20T18:44:34.505978 level=WARN service=orders message=OK
2025-12-20T18:44:35.511376 level=ERROR service=auth message=NULL_POINTER
2025-12-20T18:44:36.515843 level=INFO service=payments message=OK
2025-12-20T18:44:37.521425 level=ERROR service=inventory message=NULL_POINTER
2025-12-20T18:44:38.522932 level=INFO service=inventory message=OK
2025-12-20T18:44:39.526356 level=INFO service=inventory message=OK
2025-12-20T18:44:40.530360 level=WARN service=payments message=OK
2025-12-20T18:44:41.531602 level=WARN service=auth message=OK
2025-12-20T18:44:42.534533 level=WARN service=payments message=OK
2025-12-20T18:44:43.539317 level=ERROR service=payments message=DB_TIMEOUT
2025-12-20T18:44:44.541718 level=DEBUG service=payments message=OK
2025-12-20T18:44:45.542553 level=WARN service=auth message=OK
2025-12-20T18:44:46.544249 level=DEBUG service=inventory message=OK
2025-12-20T18:44:47.549427 level=INFO service=inventory message=OK
2025-12-20T18:44:48.552795 level=WARN service=payments message=OK
2025-12-20T18:44:49.556024 level=WARN service=inventory message=OK
2025-12-20T18:44:50.558384 level=INFO service=orders message=OK
2025-12-20T18:44:51.559803 level=INFO service=payments message=OK
2025-12-20T18:44:52.561430 level=DEBUG service=auth message=OK
2025-12-20T18:44:53.565881 level=ERROR service=inventory message=CACHE_MISS
2025-12-20T18:44:54.566598 level=INFO service=auth message=OK
2025-12-20T18:44:55.567417 level=WARN service=inventory message=OK
2025-12-20T18:44:56.572589 level=WARN service=inventory message=OK
2025-12-20T18:44:57.577944 level=ERROR service=orders message=CACHE_MISS
2025-12-20T18:44:58.580357 level=ERROR service=inventory message=NULL_POINTER
2025-12-20T18:44:59.584977 level=INFO service=inventory message=OK
2025-12-20T18:45:00.589093 level=WARN service=payments message=OK
2025-12-20T18:45:01.595198 level=WARN service=inventory message=OK
2025-12-20T18:45:02.600349 level=ERROR service=payments message=AUTH_FAILED
2025-12-20T18:45:03.605700 level=INFO service=auth message=OK
2025-12-20T18:45:04.610894 level=INFO service=auth message=OK
2025-12-20T18:45:05.616011 level=ERROR service=inventory message=SERVICE_UNAVAILABLE
2025-12-20T18:45:06.619299 level=DEBUG service=orders message=OK
2025-12-20T18:45:07.621378 level=ERROR service=payments message=CACHE_MISS
2025-12-20T18:45:08.626293 level=ERROR service=auth message=DB_TIMEOUT
2025-12-20T18:45:09.627755 level=WARN service=payments message=OK
2025-12-20T18:45:10.630616 level=ERROR service=auth message=AUTH_FAILED
2025-12-20T18:45:11.630949 level=ERROR service=inventory message=NULL_POINTER
2025-12-20T18:45:12.632326 level=DEBUG service=inventory message=OK
2025-12-20T18:45:13.637388 level=DEBUG service=payments message=OK
2025-12-20T18:45:14.642956 level=DEBUG service=payments message=OK
2025-12-20T18:45:15.649227 level=DEBUG service=payments message=OK
2025-12-20T18:45:16.649408 level=DEBUG service=inventory message=OK
2025-12-20T18:45:17.654140 level=ERROR service=orders message=NULL_POINTER
2025-12-20T18:45:18.656114 level=INFO service=inventory message=OK
2025-12-20T18:45:19.662229 level=INFO service=auth message=OK
2025-12-20T18:45:20.665478 level=ERROR service=orders message=DB_TIMEOUT
2025-12-20T18:45:21.666504 level=WARN service=auth message=OK
2025-12-20T18:45:22.672866 level=ERROR service=auth message=NULL_POINTER
2025-12-20T18:45:23.676011 level=ERROR service=inventory message=DB_TIMEOUT
2025-12-20T18:45:24.681208 level=DEBUG service=payments message=OK
2025-12-20T18:45:25.681602 level=WARN service=orders message=OK
2025-12-20T18:45:26.685743 level=ERROR service=payments message=AUTH_FAILED
2025-12-20T18:45:27.687403 level=DEBUG service=auth message=OK
2025-12-20T18:45:28.688351 level=ERROR service=inventory message=NULL_POINTER
2025-12-20T18:45:29.692977 level=ERROR service=orders message=SERVICE_UNAVAILABLE
2025-12-20T18:45:30.697714 level=WARN service=orders message=OK
2025-12-20T18:45:31.699272 level=WARN service=inventory message=OK
2025-12-20T18:45:32.702269 level=ERROR service=payments message=SERVICE_UNAVAILABLE
2025-12-20T18:45:33.703907 level=DEBUG service=auth message=OK
2025-12-20T18:45:34.706029 level=WARN service=payments message=OK
2025-12-20T18:45:35.707079 level=INFO service=orders message=OK
2025-12-20T18:45:36.710857 level=ERROR service=payments message=CACHE_MISS
2025-12-20T18:45:37.714334 level=INFO service=orders message=OK
2025-12-20T18:45:38.717763 level=WARN service=payments message=OK
2025-12-20T18:45:39.718039 level=WARN service=payments message=OK
2025-12-20T18:45:40.723153 level=INFO service=auth message=OK
2025-12-20T18:45:41.727400 level=DEBUG service=payments message=OK
2025-12-20T18:45:42.732673 level=INFO service=orders message=OK
2025-12-20T18:45:43.736808 level=DEBUG service=orders message=OK
2025-12-20T18:45:44.740480 level=INFO service=auth message=OK
2025-12-20T18:45:45.744447 level=DEBUG service=payments message=OK
2025-12-20T18:45:46.749307 level=DEBUG service=auth message=OK
2025-12-20T18:45:47.754193 level=WARN service=inventory message=OK
2025-12-20T18:45:48.757440 level=DEBUG service=auth message=OK
2025-12-20T18:45:49.759925 level=INFO service=auth message=OK
2025-12-20T18:45:50.765223 level=INFO service=auth message=OK
2025-12-20T18:45:51.768054 level=ERROR service=orders message=DB_TIMEOUT
2025-12-20T18:45:52.773093 level=DEBUG service=orders message=OK
2025-12-20T18:45:53.777334 level=ERROR service=auth message=SERVICE_UNAVAILABLE
2025-12-20T18:45:54.781067 level=INFO service=payments message=OK
2025-12-20T18:45:55.786203 level=INFO service=inventory message=OK
2025-12-20T18:45:56.791456 level=ERROR service=auth message=CACHE_MISS
2025-12-20T18:45:57.793071 level=WARN service=auth message=OK
2025-12-20T18:45:58.793564 level=ERROR service=inventory message=SERVICE_UNAVAILABLE
2025-12-20T18:45:59.797932 level=INFO service=auth message=OK
2025-12-20T18:46:00.801416 level=ERROR service=payments message=SERVICE_UNAVAILABLE
2025-12-20T18:46:01.805589 level=WARN service=orders message=OK
2025-12-20T18:46:02.810657 level=INFO service=orders message=OK
2025-12-20T18:46:03.815897 level=ERROR service=inventory message=SERVICE_UNAVAILABLE
2025-12-20T18:46:04.820877 level=ERROR service=payments message=CACHE_MISS
2025-12-20T18:46:05.824293 level=DEBUG service=payments message=OK
2025-12-20T18:46:06.827335 level=WARN service=auth message=OK
2025-12-20T18:46:07.829495 level=DEBUG service=auth message=OK
2025-12-20T18:46:08.834581 level=WARN service=payments message=OK
2025-12-20T18:46:09.838940 level=INFO service=auth message=OK
2025-12-20T18:46:10.844106 level=WARN service=inventory message=OK
2025-12-20T18:46:11.849031 level=INFO service=orders message=OK
2025-12-20T18:46:12.853210 level=ERROR service=auth message=SERVICE_UNAVAILABLE
2025-12-20T18:46:13.855283 level=DEBUG service=auth message=OK
2025-12-20T18:46:14.859262 level=ERROR service=auth message=SERVICE_UNAVAILABLE
2025-12-20T18:46:15.860830 level=WARN service=orders message=OK
2025-12-20T18:46:16.865629 level=ERROR service=payments message=DB_TIMEOUT
2025-12-20T18:46:17.869956 level=WARN service=payments message=OK
2025-12-20T18:46:18.873793 level=ERROR service=payments message=DB_TIMEOUT
2025-12-20T18:46:19.877816 level=ERROR service=inventory message=SERVICE_UNAVAILABLE
2025-12-20T18:46:20.879268 level=ERROR service=payments message=SERVICE_UNAVAILABLE
2025-12-20T18:46:21.884276 level=DEBUG service=auth message=OK
2025-12-20T18:46:22.889446 level=ERROR service=inventory message=DB_TIMEOUT
2025-12-20T18:46:23.893134 level=ERROR service=orders message=NULL_POINTER
2025-12-20T18:46:24.897813 level=ERROR service=orders message=CACHE_MISS
2025-12-20T18:46:25.900380 level=ERROR service=orders message=NULL_POINTER
2025-12-20T18:46:26.905492 level=DEBUG service=inventory message=OK
2025-12-20T18:46:27.909366 level=INFO service=auth message=OK
2025-12-20T18:46:28.912964 level=INFO service=orders message=OK
2025-12-20T18:46:29.918130 level=WARN service=auth message=OK
2025-12-20T18:46:30.921361 level=WARN service=inventory message=OK
2025-12-20T18:46:31.922971 level=WARN service=orders message=OK
2025-12-20T18:46:32.927479 level=ERROR service=payments message=SERVICE_UNAVAILABLE
2025-12-20T18:46:33.932549 level=ERROR service=auth message=SERVICE_UNAVAILABLE
2025-12-20T18:46:34.936217 level=ERROR service=auth message=NULL_POINTER
2025-12-20T18:46:35.939504 level=WARN service=inventory message=OK
2025-12-20T18:46:36.944086 level=ERROR service=inventory message=CACHE_MISS
2025-12-20T18:46:37.947840 level=DEBUG service=orders message=OK
2025-12-20T18:46:38.950689 level=INFO service=payments message=OK
2025-12-20T18:46:39.956634 level=ERROR service=orders message=CACHE_MISS
2025-12-20T18:46:40.961912 level=INFO service=payments message=OK
2025-12-20T18:46:41.967299 level=WARN service=auth message=OK
2025-12-20T18:46:42.968744 level=WARN service=auth message=OK
2025-12-20T18:46:43.969903 level=DEBUG service=inventory message=OK
2025-12-20T18:46:44.975335 level=DEBUG service=inventory message=OK
2025-12-20T18:46:45.980674 level=DEBUG service=payments message=OK
2025-12-20T18:46:46.981128 level=DEBUG service=auth message=OK
2025-12-20T18:46:47.985852 level=INFO service=orders message=OK
2025-12-20T18:46:48.990012 level=WARN service=orders message=OK
2025-12-20T18:46:49.995249 level=WARN service=payments message=OK
2025-12-20T18:46:50.999292 level=DEBUG service=orders message=OK
2025-12-20T18:46:52.000249 level=WARN service=auth message=OK
2025-12-20T18:46:53.004928 level=WARN service=auth message=OK
2025-12-20T18:46:54.010295 level=ERROR service=orders message=DB_TIMEOUT
2025-12-20T18:46:55.014551 level=ERROR service=payments message=CACHE_MISS
2025-12-20T18:46:56.015232 level=WARN service=inventory message=OK
2025-12-20T18:46:57.020385 level=ERROR service=orders message=NULL_POINTER
2025-12-20T18:46:58.023018 level=INFO service=auth message=OK
2025-12-20T18:46:59.026519 level=DEBUG service=orders message=OK
2025-12-20T18:47:00.031543 level=INFO service=payments message=OK
2025-12-20T18:47:01.036434 level=DEBUG service=payments message=OK
2025-12-20T18:47:02.039024 level=WARN service=orders message=OK
2025-12-20T18:47:03.043181 level=WARN service=orders message=OK
2025-12-20T18:47:04.044231 level=ERROR service=inventory message=SERVICE_UNAVAILABLE
2025-12-20T18:47:05.050230 level=INFO service=inventory message=OK
2025-12-20T18:47:06.053241 level=WARN service=payments message=OK
2025-12-20T18:47:07.058368 level=WARN service=payments message=OK
2025-12-20T18:47:08.060833 level=DEBUG service=inventory message=OK
2025-12-20T18:47:09.064740 level=WARN service=orders message=OK
2025-12-20T18:47:10.066977 level=DEBUG service=payments message=OK
2025-12-20T18:47:11.070996 level=WARN service=payments message=OK
2025-12-20T18:47:12.074318 level=DEBUG service=auth message=OK
2025-12-20T18:47:13.079218 level=INFO service=inventory message=OK
2025-12-20T18:47:14.080901 level=ERROR service=payments message=NULL_POINTER
2025-12-20T18:47:15.082482 level=DEBUG service=payments message=OK
2025-12-20T18:47:16.086858 level=DEBUG service=inventory message=OK
2025-12-20T18:47:17.091154 level=WARN service=inventory message=OK
2025-12-20T18:47:18.094209 level=DEBUG service=inventory message=OK
2025-12-20T18:47:19.094433 level=DEBUG service=payments message=OK
2025-12-20T18:47:20.099549 level=ERROR service=auth message=DB_TIMEOUT
2025-12-20T18:47:21.101454 level=DEBUG service=orders message=OK
2025-12-20T18:47:22.104790 level=WARN service=payments message=OK
2025-12-20T18:47:23.108104 level=DEBUG service=payments message=OK
2025-12-20T18:47:24.110007 level=INFO service=inventory message=OK
2025-12-20T18:47:25.116235 level=DEBUG service=orders message=OK
2025-12-20T18:47:26.119925 level=ERROR service=inventory message=CACHE_MISS
2025-12-20T18:47:27.125121 level=ERROR service=orders message=AUTH_FAILED
2025-12-20T18:47:28.129060 level=INFO service=orders message=OK
2025-12-20T18:47:29.133118 level=ERROR service=orders message=DB_TIMEOUT
2025-12-20T18:47:30.136474 level=ERROR service=inventory message=DB_TIMEOUT
2025-12-20T18:47:31.141644 level=ERROR service=payments message=DB_TIMEOUT
2025-12-20T18:47:32.144916 level=ERROR service=payments message=SERVICE_UNAVAILABLE
2025-12-20T18:47:33.150017 level=ERROR service=orders message=DB_TIMEOUT
2025-12-20T18:47:34.155212 level=ERROR service=auth message=DB_TIMEOUT
2025-12-20T18:47:35.160004 level=INFO service=payments message=OK
2025-12-20T18:47:36.165313 level=DEBUG service=auth message=OK
2025-12-20T18:47:37.169234 level=INFO service=orders message=OK
2025-12-20T18:47:38.173885 level=INFO service=orders message=OK
2025-12-20T18:47:39.179022 level=INFO service=inventory message=OK
2025-12-20T18:47:40.183534 level=DEBUG service=payments message=OK
2025-12-20T18:47:41.185532 level=ERROR service=orders message=AUTH_FAILED
2025-12-20T18:47:42.189266 level=INFO service=auth message=OK
2025-12-20T18:47:43.194240 level=DEBUG service=inventory message=OK
2025-12-20T18:47:44.196552 level=INFO service=orders message=OK
2025-12-20T18:47:45.197295 level=INFO service=inventory message=OK
2025-12-20T18:47:46.201508 level=ERROR service=orders message=NULL_POINTER
2025-12-20T18:47:47.202878 level=INFO service=inventory message=OK
2025-12-20T18:47:48.207855 level=DEBUG service=auth message=OK
2025-12-20T18:47:49.212765 level=WARN service=inventory message=OK
2025-12-20T18:47:50.214697 level=WARN service=orders message=OK
2025-12-20T18:47:51.219838 level=WARN service=auth message=OK
2025-12-20T18:47:52.220256 level=WARN service=inventory message=OK
2025-12-20T18:47:53.224503 level=WARN service=inventory message=OK
2025-12-20T18:47:54.226655 level=DEBUG service=orders message=OK
2025-12-20T18:47:55.231376 level=INFO service=auth message=OK
2025-12-20T18:47:56.231636 level=DEBUG service=auth message=OK
2025-12-20T18:47:57.236050 level=INFO service=orders message=OK
2025-12-20T18:47:58.239754 level=INFO service=inventory message=OK
2025-12-20T18:47:59.245251 level=ERROR service=payments message=SERVICE_UNAVAILABLE
2025-12-20T18:48:00.250347 level=DEBUG service=payments message=OK
2025-12-20T18:48:01.254361 level=WARN service=inventory message=OK
2025-12-20T18:48:02.259098 level=DEBUG service=payments message=OK
2025-12-20T18:48:03.264311 level=DEBUG service=auth message=OK
2025-12-20T18:48:04.265805 level=ERROR service=auth message=SERVICE_UNAVAILABLE
2025-12-20T18:48:05.269356 level=WARN service=auth message=OK
2025-12-20T18:48:06.274515 level=ERROR service=inventory message=AUTH_FAILED
2025-12-20T18:48:07.279997 level=INFO service=inventory message=OK
2025-12-20T18:48:08.283047 level=INFO service=orders message=OK
2025-12-20T18:48:09.287007 level=INFO service=payments message=OK
2025-12-20T18:48:10.289177 level=INFO service=inventory message=OK
2025-12-20T18:48:11.290166 level=INFO service=inventory message=OK
2025-12-20T18:48:12.294935 level=INFO service=payments message=OK
2025-12-20T18:48:13.299546 level=DEBUG service=auth message=OK
2025-12-20T18:48:14.304886 level=INFO service=auth message=OK
2025-12-20T18:48:15.309792 level=INFO service=orders message=OK
2025-12-20T18:48:16.313862 level=INFO service=auth message=OK
2025-12-20T18:48:17.318941 level=ERROR service=inventory message=NULL_POINTER
2025-12-20T18:48:18.323543 level=INFO service=auth message=OK
2025-12-20T18:48:19.328626 level=INFO service=inventory message=OK
2025-12-20T18:48:20.331987 level=DEBUG service=inventory message=OK
2025-12-20T18:48:21.332252 level=DEBUG service=inventory message=OK
2025-12-20T18:48:22.335626 level=WARN service=auth message=OK
2025-12-20T18:48:23.340244 level=WARN service=payments message=OK
2025-12-20T18:48:24.345185 level=DEBUG service=auth message=OK
2025-12-20T18:48:25.348306 level=DEBUG service=orders message=OK
2025-12-20T18:48:26.353567 level=DEBUG service=payments message=OK
2025-12-20T18:48:27.354164 level=DEBUG service=auth message=OK
2025-12-20T18:48:28.357054 level=DEBUG service=auth message=OK
2025-12-20T18:48:29.359876 level=DEBUG service=payments message=OK
2025-12-20T18:48:30.365049 level=INFO service=payments message=OK
2025-12-20T18:48:31.369299 level=DEBUG service=orders message=OK
2025-12-20T18:48:32.374448 level=ERROR service=auth message=NULL_POINTER
2025-12-20T18:48:33.376082 level=ERROR service=inventory message=SERVICE_UNAVAILABLE
2025-12-20T18:48:34.379744 level=ERROR service=orders message=AUTH_FAILED
2025-12-20T18:48:35.386021 level=DEBUG service=auth message=OK
2025-12-20T18:48:36.390863 level=WARN service=orders message=OK
2025-12-20T18:48:37.396210 level=DEBUG service=inventory message=OK
2025-12-20T18:48:38.398635 level=INFO service=payments message=OK
2025-12-20T18:48:39.401012 level=DEBUG service=auth message=OK
2025-12-20T18:48:40.405560 level=WARN service=payments message=OK
2025-12-20T18:48:41.410667 level=ERROR service=inventory message=CACHE_MISS
2025-12-20T18:48:42.415795 level=INFO service=auth message=OK
2025-12-20T18:48:43.418978 level=ERROR service=orders message=CACHE_MISS
2025-12-20T18:48:44.422648 level=INFO service=orders message=OK
2025-12-20T18:48:45.423581 level=DEBUG service=inventory message=OK
2025-12-20T18:48:46.424831 level=ERROR service=orders message=AUTH_FAILED
2025-12-20T18:48:47.429596 level=DEBUG service=auth message=OK
2025-12-20T18:48:48.434845 level=ERROR service=inventory message=DB_TIMEOUT
2025-12-20T18:48:49.439528 level=INFO service=payments message=OK
2025-12-20T18:48:50.440507 level=DEBUG service=orders message=OK
2025-12-20T18:48:51.445662 level=DEBUG service=payments message=OK
2025-12-20T18:48:52.447272 level=ERROR service=auth message=AUTH_FAILED
2025-12-20T18:48:53.448799 level=INFO service=auth message=OK
2025-12-20T18:48:54.452414 level=DEBUG service=inventory message=OK
2025-12-20T18:48:55.455544 level=DEBUG service=payments message=OK
2025-12-20T18:48:56.458747 level=DEBUG service=auth message=OK
2025-12-20T18:48:57.463922 level=ERROR service=payments message=NULL_POINTER
2025-12-20T18:48:58.464452 level=WARN service=inventory message=OK
2025-12-20T18:48:59.465032 level=INFO service=orders message=OK
2025-12-20T18:49:00.470880 level=WARN service=orders message=OK
2025-12-20T18:49:01.473642 level=INFO service=payments message=OK
2025-12-20T18:49:02.475404 level=DEBUG service=inventory message=OK
2025-12-20T18:49:03.481843 level=WARN service=auth message=OK
2025-12-20T18:49:04.488159 level=INFO service=payments message=OK
2025-12-20T18:49:05.490381 level=DEBUG service=payments message=OK
2025-12-20T18:49:06.495589 level=ERROR service=orders message=NULL_POINTER
2025-12-20T18:49:07.500732 level=WARN service=inventory message=OK
2025-12-20T18:49:08.505987 level=DEBUG service=inventory message=OK
2025-12-20T18:49:09.511193 level=INFO service=inventory message=OK
2025-12-20T18:49:10.515191 level=WARN service=auth message=OK
2025-12-20T18:49:11.519084 level=INFO service=auth message=OK
2025-12-20T18:49:12.523905 level=ERROR service=payments message=AUTH_FAILED
2025-12-20T18:49:13.524743 level=ERROR service=inventory message=SERVICE_UNAVAILABLE
2025-12-20T18:49:14.527411 level=INFO service=orders message=OK
2025-12-20T18:49:15.529862 level=WARN service=inventory message=OK
2025-12-20T18:49:16.535255 level=ERROR service=inventory message=CACHE_MISS
2025-12-20T18:49:17.539716 level=DEBUG service=inventory message=OK
2025-12-20T18:49:18.543647 level=INFO service=inventory message=OK
2025-12-20T18:49:19.548098 level=INFO service=orders message=OK
2025-12-20T18:49:20.551654 level=ERROR service=orders message=NULL_POINTER
2025-12-20T18:49:21.557039 level=ERROR service=payments message=NULL_POINTER
2025-12-20T18:49:22.559797 level=ERROR service=orders message=DB_TIMEOUT
2025-12-20T18:49:23.565100 level=DEBUG service=auth message=OK
2025-12-20T18:49:24.568587 level=DEBUG service=inventory message=OK
2025-12-20T18:49:25.573722 level=ERROR service=orders message=SERVICE_UNAVAILABLE
2025-12-20T18:49:26.575731 level=ERROR service=payments message=DB_TIMEOUT
2025-12-20T18:49:27.575968 level=DEBUG service=inventory message=OK
2025-12-20T18:49:28.576423 level=INFO service=payments message=OK
2025-12-20T18:49:29.579048 level=INFO service=orders message=OK
2025-12-20T18:49:30.584347 level=INFO service=auth message=OK
2025-12-20T18:49:31.589082 level=DEBUG service=orders message=OK
2025-12-20T18:49:32.594616 level=WARN service=auth message=OK
2025-12-20T18:49:33.598489 level=INFO service=inventory message=OK
2025-12-20T18:49:34.602078 level=WARN service=auth message=OK
2025-12-20T18:49:35.605760 level=ERROR service=payments message=CACHE_MISS
2025-12-20T18:49:36.607048 level=INFO service=payments message=OK
2025-12-20T18:49:37.608329 level=ERROR service=orders message=DB_TIMEOUT
2025-12-20T18:49:38.613497 level=WARN service=auth message=OK
2025-12-20T18:49:39.616476 level=INFO service=orders message=OK
2025-12-20T18:49:40.621155 level=ERROR service=orders message=SERVICE_UNAVAILABLE
2025-12-20T18:49:41.624762 level=DEBUG service=orders message=OK
2025-12-20T18:49:42.627482 level=WARN service=orders message=OK
2025-12-20T18:49:43.633060 level=DEBUG service=payments message=OK
2025-12-20T18:49:44.637883 level=ERROR service=auth message=SERVICE_UNAVAILABLE
2025-12-20T18:49:45.640564 level=WARN service=orders message=OK
2025-12-20T18:49:46.645728 level=INFO service=auth message=OK
2025-12-20T18:49:47.650448 level=WARN service=payments message=OK
2025-12-20T18:49:48.655812 level=DEBUG service=inventory message=OK
2025-12-20T18:49:49.659888 level=WARN service=auth message=OK
2025-12-20T18:49:50.661124 level=WARN service=payments message=OK
2025-12-20T18:49:51.664530 level=WARN service=orders message=OK
2025-12-20T18:49:52.669865 level=ERROR service=orders message=AUTH_FAILED
2025-12-20T18:49:53.672095 level=INFO service=auth message=OK
2025-12-20T18:49:54.676042 level=DEBUG service=orders message=OK
2025-12-20T18:49:55.681206 level=INFO service=inventory message=OK
2025-12-20T18:49:56.685492 level=INFO service=auth message=OK
2025-12-20T18:49:57.689828 level=WARN service=inventory message=OK
2025-12-20T18:49:58.694223 level=INFO service=payments message=OK
2025-12-20T18:49:59.699505 level=ERROR service=payments message=NULL_POINTER
2025-12-20T18:50:00.700914 level=INFO service=payments message=OK
2025-12-20T18:50:01.702045 level=INFO service=auth message=OK
2025-12-20T18:50:02.702405 level=ERROR service=inventory message=SERVICE_UNAVAILABLE
2025-12-20T18:50:03.707762 level=ERROR service=auth message=NULL_POINTER
2025-12-20T18:50:04.709942 level=WARN service=orders message=OK
2025-12-20T18:50:05.714605 level=WARN service=auth message=OK
2025-12-20T18:50:06.715693 level=INFO service=orders message=OK
2025-12-20T18:50:07.716996 level=DEBUG service=payments message=OK
2025-12-20T18:50:08.721445 level=INFO service=auth message=OK
2025-12-20T18:50:09.725941 level=WARN service=orders message=OK
2025-12-20T18:50:10.729517 level=WARN service=orders message=OK
2025-12-20T18:50:11.734498 level=DEBUG service=orders message=OK
2025-12-20T18:50:12.736015 level=WARN service=auth message=OK
2025-12-20T18:50:13.739142 level=INFO service=payments message=OK
2025-12-20T18:50:14.744540 level=INFO service=inventory message=OK
2025-12-20T18:50:15.748006 level=WARN service=orders message=OK
2025-12-20T18:50:16.749759 level=WARN service=orders message=OK
2025-12-20T18:50:17.752605 level=ERROR service=auth message=SERVICE_UNAVAILABLE
2025-12-20T18:50:18.758609 level=WARN service=payments message=OK
2025-12-20T18:50:19.760386 level=DEBUG service=inventory message=OK
2025-12-20T18:50:20.765510 level=DEBUG service=auth message=OK
2025-12-20T18:50:21.768744 level=DEBUG service=auth message=OK
2025-12-20T18:50:22.772232 level=ERROR service=inventory message=NULL_POINTER
2025-12-20T18:50:23.777585 level=DEBUG service=auth message=OK
2025-12-20T18:50:24.782836 level=ERROR service=inventory message=CACHE_MISS
2025-12-20T18:50:25.786452 level=DEBUG service=inventory message=OK
2025-12-20T18:50:26.789507 level=WARN service=payments message=OK
2025-12-20T18:50:27.793840 level=ERROR service=auth message=NULL_POINTER
2025-12-20T18:50:28.799060 level=ERROR service=orders message=SERVICE_UNAVAILABLE
2025-12-20T18:50:29.803972 level=DEBUG service=inventory message=OK
2025-12-20T18:50:30.804517 level=WARN service=orders message=OK
2025-12-20T18:50:31.808578 level=WARN service=inventory message=OK
2025-12-20T18:50:32.809306 level=DEBUG service=orders message=OK
2025-12-20T18:50:33.814653 level=INFO service=orders message=OK
2025-12-20T18:50:34.816672 level=DEBUG service=inventory message=OK
2025-12-20T18:50:35.822002 level=WARN service=orders message=OK
2025-12-20T18:50:36.825044 level=INFO service=auth message=OK
2025-12-20T18:50:37.827792 level=DEBUG service=payments message=OK
2025-12-20T18:50:38.829455 level=ERROR service=orders message=CACHE_MISS
2025-12-20T18:50:39.834707 level=INFO service=orders message=OK
2025-12-20T18:50:40.837585 level=ERROR service=auth message=SERVICE_UNAVAILABLE
2025-12-20T18:50:41.841625 level=DEBUG service=orders message=OK
2025-12-20T18:50:42.845587 level=DEBUG service=auth message=OK
2025-12-20T18:50:43.847525 level=WARN service=orders message=OK
2025-12-20T18:50:44.848410 level=INFO service=orders message=OK
2025-12-20T18:50:45.853759 level=DEBUG service=payments message=OK
2025-12-20T18:50:46.855797 level=ERROR service=payments message=AUTH_FAILED
2025-12-20T18:50:47.858313 level=DEBUG service=inventory message=OK
2025-12-20T18:50:48.860510 level=ERROR service=inventory message=CACHE_MISS
2025-12-20T18:50:49.861859 level=DEBUG service=payments message=OK
2025-12-20T18:50:50.865113 level=ERROR service=payments message=CACHE_MISS
2025-12-20T18:50:51.868838 level=WARN service=payments message=OK
2025-12-20T18:50:52.870551 level=ERROR service=orders message=DB_TIMEOUT
2025-12-20T18:50:53.875742 level=DEBUG service=payments message=OK
2025-12-20T18:50:54.877119 level=DEBUG service=auth message=OK
2025-12-20T18:50:55.881291 level=DEBUG service=auth message=OK
2025-12-20T18:50:56.885573 level=INFO service=inventory message=OK
2025-12-20T18:50:57.889250 level=INFO service=inventory message=OK
2025-12-20T18:50:58.893773 level=INFO service=inventory message=OK
2025-12-20T18:50:59.894346 level=INFO service=orders message=OK
2025-12-20T18:51:00.900863 level=DEBUG service=payments message=OK
2025-12-20T18:51:01.903919 level=DEBUG service=auth message=OK
2025-12-20T18:51:02.906379 level=DEBUG service=orders message=OK
2025-12-20T18:51:03.910099 level=INFO service=auth message=OK
2025-12-20T18:51:04.910756 level=INFO service=inventory message=OK
2025-12-20T18:51:05.916015 level=DEBUG service=auth message=OK
2025-12-20T18:51:06.921228 level=DEBUG service=orders message=OK
2025-12-20T18:51:07.925132 level=INFO service=inventory message=OK
2025-12-20T18:51:08.928638 level=ERROR service=inventory message=NULL_POINTER
2025-12-20T18:51:09.933925 level=DEBUG service=payments message=OK
2025-12-20T18:51:10.936066 level=INFO service=orders message=OK
2025-12-20T18:51:11.938935 level=ERROR service=payments message=CACHE_MISS
2025-12-20T18:51:12.943522 level=INFO service=orders message=OK
2025-12-20T18:51:13.943705 level=DEBUG service=payments message=OK
2025-12-20T18:51:14.947455 level=INFO service=inventory message=OK
2025-12-20T18:51:15.951982 level=DEBUG service=auth message=OK
2025-12-20T18:51:16.956369 level=DEBUG service=payments message=OK
2025-12-20T18:51:17.957619 level=ERROR service=inventory message=CACHE_MISS
2025-12-20T18:51:18.961070 level=WARN service=orders message=OK
2025-12-20T18:51:19.964533 level=INFO service=payments message=OK
2025-12-20T18:51:20.966120 level=INFO service=orders message=OK
2025-12-20T18:51:21.969115 level=WARN service=inventory message=OK
2025-12-20T18:51:22.974133 level=INFO service=orders message=OK
2025-12-20T18:51:23.979230 level=DEBUG service=payments message=OK
2025-12-20T18:51:24.983887 level=INFO service=payments message=OK
2025-12-20T18:51:25.989411 level=ERROR service=inventory message=DB_TIMEOUT
2025-12-20T18:51:26.993755 level=WARN service=auth message=OK
2025-12-20T18:51:27.996015 level=DEBUG service=auth message=OK
2025-12-20T18:51:28.999367 level=ERROR service=payments message=NULL_POINTER
2025-12-20T18:51:30.000785 level=DEBUG service=payments message=OK
2025-12-20T18:51:31.004546 level=ERROR service=payments message=DB_TIMEOUT
2025-12-20T18:51:32.008849 level=DEBUG service=inventory message=OK
2025-12-20T18:51:33.011225 level=ERROR service=orders message=NULL_POINTER
2025-12-20T18:51:34.013753 level=DEBUG service=auth message=OK
2025-12-20T18:51:35.018522 level=ERROR service=inventory message=SERVICE_UNAVAILABLE
2025-12-20T18:51:36.020040 level=ERROR service=orders message=DB_TIMEOUT
2025-12-20T18:51:37.025225 level=DEBUG service=orders message=OK
2025-12-20T18:51:38.031167 level=INFO service=inventory message=OK
2025-12-20T18:51:39.033710 level=DEBUG service=inventory message=OK
2025-12-20T18:51:40.038116 level=INFO service=orders message=OK
2025-12-20T18:51:41.042745 level=WARN service=inventory message=OK
2025-12-20T18:51:42.043981 level=ERROR service=payments message=CACHE_MISS
2025-12-20T18:51:43.049081 level=INFO service=auth message=OK
2025-12-20T18:51:44.052288 level=INFO service=auth message=OK
2025-12-20T18:51:45.056449 level=ERROR service=auth message=CACHE_MISS
2025-12-20T18:51:46.061609 level=INFO service=orders message=OK
2025-12-20T18:51:47.066335 level=DEBUG service=orders message=OK
2025-12-20T18:51:48.071466 level=ERROR service=payments message=AUTH_FAILED
2025-12-20T18:51:49.073451 level=ERROR service=orders message=NULL_POINTER
2025-12-20T18:51:50.078609 level=WARN service=orders message=OK
2025-12-20T18:51:51.080426 level=WARN service=inventory message=OK
2025-12-20T18:51:52.082606 level=DEBUG service=inventory message=OK
2025-12-20T18:51:53.085560 level=WARN service=auth message=OK
2025-12-20T18:51:54.088528 level=ERROR service=orders message=NULL_POINTER
2025-12-20T18:51:55.092992 level=WARN service=payments message=OK
2025-12-20T18:51:56.096494 level=INFO service=orders message=OK
2025-12-20T18:51:57.097097 level=WARN service=orders message=OK
2025-12-20T18:51:58.102353 level=DEBUG service=orders message=OK
2025-12-20T18:51:59.106519 level=INFO service=auth message=OK
2025-12-20T18:52:00.110664 level=DEBUG service=inventory message=OK
2025-12-20T18:52:01.115940 level=WARN service=orders message=OK
2025-12-20T18:52:02.119499 level=INFO service=auth message=OK
2025-12-20T18:52:03.122975 level=INFO service=payments message=OK
2025-12-20T18:52:04.126669 level=WARN service=payments message=OK
2025-12-20T18:52:05.130438 level=ERROR service=payments message=SERVICE_UNAVAILABLE
2025-12-20T18:52:06.135129 level=WARN service=auth message=OK
2025-12-20T18:52:07.137104 level=WARN service=auth message=OK
2025-12-20T18:52:08.138214 level=INFO service=payments message=OK
2025-12-20T18:52:09.138591 level=DEBUG service=orders message=OK
2025-12-20T18:52:10.143996 level=WARN service=orders message=OK
2025-12-20T18:52:11.145988 level=DEBUG service=inventory message=OK
2025-12-20T18:52:12.151139 level=INFO service=auth message=OK
2025-12-20T18:52:13.156729 level=DEBUG service=inventory message=OK
2025-12-20T18:52:14.161393 level=WARN service=payments message=OK
2025-12-20T18:52:15.166707 level=DEBUG service=orders message=OK
2025-12-20T18:52:16.169383 level=DEBUG service=auth message=OK
2025-12-20T18:52:17.170687 level=INFO service=inventory message=OK
2025-12-20T18:52:18.176015 level=ERROR service=inventory message=CACHE_MISS
2025-12-20T18:52:19.180460 level=WARN service=inventory message=OK
2025-12-20T18:52:20.185473 level=DEBUG service=auth message=OK
2025-12-20T18:52:21.189934 level=DEBUG service=inventory message=OK
2025-12-20T18:52:22.191934 level=WARN service=payments message=OK
2025-12-20T18:52:23.196946 level=DEBUG service=inventory message=OK
2025-12-20T18:52:24.199936 level=DEBUG service=auth message=OK
2025-12-20T18:52:25.205224 level=WARN service=payments message=OK
2025-12-20T18:52:26.205908 level=DEBUG service=payments message=OK
2025-12-20T18:52:27.211345 level=INFO service=orders message=OK
2025-12-20T18:52:28.215299 level=INFO service=inventory message=OK
2025-12-20T18:52:29.219566 level=INFO service=inventory message=OK
2025-12-20T18:52:30.224237 level=WARN service=inventory message=OK
2025-12-20T18:52:31.229160 level=DEBUG service=inventory message=OK
2025-12-20T18:52:32.232814 level=ERROR service=auth message=CACHE_MISS
2025-12-20T18:52:33.236793 level=ERROR service=payments message=SERVICE_UNAVAILABLE
2025-12-20T18:52:34.237958 level=ERROR service=payments message=NULL_POINTER
2025-12-20T18:52:35.242031 level=INFO service=inventory message=OK
2025-12-20T18:52:36.244776 level=ERROR service=inventory message=SERVICE_UNAVAILABLE
2025-12-20T18:52:37.248488 level=INFO service=inventory message=OK
2025-12-20T18:52:38.252307 level=DEBUG service=inventory message=OK
2025-12-20T18:52:39.257866 level=DEBUG service=orders message=OK
2025-12-20T18:52:40.260393 level=WARN service=orders message=OK
2025-12-20T18:52:41.265488 level=WARN service=auth message=OK
2025-12-20T18:52:42.270467 level=WARN service=auth message=OK
2025-12-20T18:52:43.275675 level=INFO service=auth message=OK
2025-12-20T18:52:44.280801 level=ERROR service=inventory message=SERVICE_UNAVAILABLE
2025-12-20T18:52:45.284370 level=WARN service=inventory message=OK
2025-12-20T18:52:46.289527 level=INFO service=payments message=OK
2025-12-20T18:52:47.294455 level=DEBUG service=inventory message=OK
2025-12-20T18:52:48.299662 level=INFO service=auth message=OK
2025-12-20T18:52:49.303880 level=DEBUG service=auth message=OK
2025-12-20T18:52:50.308542 level=WARN service=payments message=OK
2025-12-20T18:52:51.313906 level=INFO service=auth message=OK
2025-12-20T18:52:52.318912 level=INFO service=orders message=OK
2025-12-20T18:52:53.324230 level=WARN service=orders message=OK
2025-12-20T18:52:54.324683 level=INFO service=orders message=OK
2025-12-20T18:52:55.330047 level=INFO service=auth message=OK
2025-12-20T18:52:56.335317 level=ERROR service=orders message=DB_TIMEOUT
2025-12-20T18:52:57.340514 level=DEBUG service=auth message=OK
2025-12-20T18:52:58.344231 level=DEBUG service=auth message=OK
2025-12-20T18:52:59.349121 level=DEBUG service=orders message=OK
2025-12-20T18:53:00.353691 level=ERROR service=orders message=AUTH_FAILED
2025-12-20T18:53:01.358188 level=WARN service=payments message=OK
2025-12-20T18:53:02.359654 level=ERROR service=inventory message=NULL_POINTER
2025-12-20T18:53:03.361272 level=INFO service=payments message=OK
2025-12-20T18:53:04.366168 level=WARN service=auth message=OK
2025-12-20T18:53:05.370205 level=ERROR service=payments message=DB_TIMEOUT
2025-12-20T18:53:06.374853 level=ERROR service=payments message=AUTH_FAILED
2025-12-20T18:53:07.380391 level=INFO service=orders message=OK
2025-12-20T18:53:08.385545 level=WARN service=payments message=OK
2025-12-20T18:53:09.390066 level=INFO service=payments message=OK
2025-12-20T18:53:10.395347 level=DEBUG service=payments message=OK
2025-12-20T18:53:11.395786 level=DEBUG service=inventory message=OK
2025-12-20T18:53:12.400973 level=WARN service=inventory message=OK
2025-12-20T18:53:13.401639 level=INFO service=orders message=OK
2025-12-20T18:53:14.406754 level=WARN service=auth message=OK
2025-12-20T18:53:15.407673 level=WARN service=auth message=OK
2025-12-20T18:53:16.413146 level=INFO service=auth message=OK
2025-12-20T18:53:17.418014 level=WARN service=auth message=OK
2025-12-20T18:53:18.421861 level=INFO service=payments message=OK
2025-12-20T18:53:19.424403 level=ERROR service=inventory message=AUTH_FAILED
2025-12-20T18:53:20.429552 level=INFO service=auth message=OK
2025-12-20T18:53:21.434315 level=DEBUG service=auth message=OK
2025-12-20T18:53:22.439600 level=INFO service=inventory message=OK
2025-12-20T18:53:23.441536 level=DEBUG service=inventory message=OK
2025-12-20T18:53:24.444085 level=DEBUG service=inventory message=OK
2025-12-20T18:53:25.449416 level=INFO service=inventory message=OK
2025-12-20T18:53:26.454678 level=DEBUG service=payments message=OK
2025-12-20T18:53:27.457054 level=ERROR service=payments message=NULL_POINTER
2025-12-20T18:53:28.461034 level=WARN service=payments message=OK
2025-12-20T18:53:29.466352 level=INFO service=orders message=OK
2025-12-20T18:53:30.471574 level=INFO service=orders message=OK
2025-12-20T18:53:31.471830 level=DEBUG service=inventory message=OK
2025-12-20T18:53:32.474629 level=ERROR service=auth message=CACHE_MISS
2025-12-20T18:53:33.479578 level=INFO service=orders message=OK
2025-12-20T18:53:34.480277 level=INFO service=auth message=OK
2025-12-20T18:53:35.482533 level=ERROR service=inventory message=NULL_POINTER
2025-12-20T18:53:36.487519 level=WARN service=auth message=OK
2025-12-20T18:53:37.489480 level=INFO service=auth message=OK
2025-12-20T18:53:38.493393 level=ERROR service=inventory message=CACHE_MISS
2025-12-20T18:53:39.498230 level=INFO service=orders message=OK
2025-12-20T18:53:40.501299 level=INFO service=payments message=OK
2025-12-20T18:53:41.504698 level=ERROR service=inventory message=CACHE_MISS
2025-12-20T18:53:42.509949 level=DEBUG service=auth message=OK
2025-12-20T18:53:43.513666 level=DEBUG service=inventory message=OK
2025-12-20T18:53:44.519064 level=DEBUG service=payments message=OK
2025-12-20T18:53:45.520857 level=INFO service=inventory message=OK
2025-12-20T18:53:46.524932 level=WARN service=orders message=OK
2025-12-20T18:53:47.528967 level=ERROR service=auth message=CACHE_MISS
2025-12-20T18:53:48.533854 level=WARN service=inventory message=OK
2025-12-20T18:53:49.537177 level=WARN service=payments message=OK
2025-12-20T18:53:50.539989 level=WARN service=orders message=OK
2025-12-20T18:53:51.541218 level=INFO service=auth message=OK
2025-12-20T18:53:52.546360 level=INFO service=payments message=OK
2025-12-20T18:53:53.551157 level=DEBUG service=auth message=OK
2025-12-20T18:53:54.552082 level=INFO service=orders message=OK
2025-12-20T18:53:55.555123 level=WARN service=orders message=OK
2025-12-20T18:53:56.560303 level=ERROR service=orders message=DB_TIMEOUT
2025-12-20T18:53:57.563283 level=ERROR service=orders message=NULL_POINTER
2025-12-20T18:53:58.568608 level=INFO service=auth message=OK
2025-12-20T18:53:59.569965 level=WARN service=inventory message=OK
2025-12-20T18:54:00.571265 level=WARN service=inventory message=OK
2025-12-20T18:54:01.576419 level=INFO service=orders message=OK
2025-12-20T18:54:02.577557 level=INFO service=payments message=OK
2025-12-20T18:54:03.579161 level=INFO service=orders message=OK
2025-12-20T18:54:04.580687 level=INFO service=payments message=OK
2025-12-20T18:54:05.585317 level=ERROR service=payments message=NULL_POINTER
2025-12-20T18:54:06.587766 level=INFO service=inventory message=OK
2025-12-20T18:54:07.593127 level=ERROR service=payments message=CACHE_MISS
2025-12-20T18:54:08.597355 level=WARN service=orders message=OK
2025-12-20T18:54:09.602058 level=ERROR service=inventory message=SERVICE_UNAVAILABLE
2025-12-20T18:54:10.607206 level=DEBUG service=orders message=OK
2025-12-20T18:54:11.612175 level=DEBUG service=inventory message=OK
2025-12-20T18:54:12.617574 level=INFO service=orders message=OK
2025-12-20T18:54:13.620792 level=DEBUG service=inventory message=OK
2025-12-20T18:54:14.623982 level=WARN service=payments message=OK
2025-12-20T18:54:15.629151 level=ERROR service=auth message=SERVICE_UNAVAILABLE
2025-12-20T18:54:16.634054 level=DEBUG service=orders message=OK
2025-12-20T18:54:17.636491 level=ERROR service=payments message=AUTH_FAILED
2025-12-20T18:54:18.640932 level=ERROR service=auth message=NULL_POINTER
2025-12-20T18:54:19.644580 level=DEBUG service=payments message=OK
2025-12-20T18:54:20.649648 level=DEBUG service=auth message=OK
2025-12-20T18:54:21.652652 level=INFO service=inventory message=OK
2025-12-20T18:54:22.657558 level=DEBUG service=payments message=OK
2025-12-20T18:54:23.662114 level=WARN service=auth message=OK
2025-12-20T18:54:24.665331 level=DEBUG service=orders message=OK
2025-12-20T18:54:25.669543 level=DEBUG service=orders message=OK
2025-12-20T18:54:26.673603 level=DEBUG service=payments message=OK
2025-12-20T18:54:27.674117 level=INFO service=orders message=OK
2025-12-20T18:54:28.675623 level=INFO service=orders message=OK
2025-12-20T18:54:29.680916 level=DEBUG service=payments message=OK
2025-12-20T18:54:30.686185 level=DEBUG service=inventory message=OK
2025-12-20T18:54:31.690337 level=ERROR service=inventory message=DB_TIMEOUT
2025-12-20T18:54:32.691238 level=DEBUG service=inventory message=OK
2025-12-20T18:54:33.694969 level=ERROR service=payments message=AUTH_FAILED
2025-12-20T18:54:34.697610 level=INFO service=inventory message=OK
2025-12-20T18:54:35.699771 level=INFO service=auth message=OK
2025-12-20T18:54:36.702830 level=WARN service=orders message=OK
2025-12-20T18:54:37.703839 level=ERROR service=orders message=CACHE_MISS
2025-12-20T18:54:38.707283 level=INFO service=auth message=OK
2025-12-20T18:54:39.713554 level=WARN service=payments message=OK
2025-12-20T18:54:40.719126 level=DEBUG service=orders message=OK
2025-12-20T18:54:41.723350 level=ERROR service=orders message=CACHE_MISS
2025-12-20T18:54:42.727320 level=ERROR service=auth message=SERVICE_UNAVAILABLE
2025-12-20T18:54:43.732461 level=INFO service=payments message=OK
2025-12-20T18:54:44.737044 level=WARN service=payments message=OK
2025-12-20T18:54:45.741896 level=INFO service=auth message=OK
2025-12-20T18:54:46.746260 level=WARN service=auth message=OK
2025-12-20T18:54:47.751245 level=INFO service=orders message=OK
2025-12-20T18:54:48.755234 level=INFO service=auth message=OK
2025-12-20T18:54:49.760486 level=WARN service=payments message=OK
2025-12-20T18:54:50.765390 level=DEBUG service=payments message=OK
2025-12-20T18:54:51.766375 level=INFO service=orders message=OK
2025-12-20T18:54:52.770462 level=WARN service=auth message=OK
2025-12-20T18:54:53.775914 level=ERROR service=orders message=CACHE_MISS
2025-12-20T18:54:54.776664 level=INFO service=auth message=OK
2025-12-20T18:54:55.780088 level=INFO service=orders message=OK
2025-12-20T18:54:56.781567 level=WARN service=orders message=OK
2025-12-20T18:54:57.784753 level=WARN service=inventory message=OK
2025-12-20T18:54:58.790062 level=ERROR service=inventory message=CACHE_MISS
2025-12-20T18:54:59.795004 level=DEBUG service=auth message=OK
2025-12-20T18:55:00.799148 level=ERROR service=inventory message=NULL_POINTER
2025-12-20T18:55:01.803450 level=ERROR service=payments message=AUTH_FAILED
2025-12-20T18:55:02.808616 level=DEBUG service=inventory message=OK
2025-12-20T18:55:03.813910 level=INFO service=orders message=OK
2025-12-20T18:55:04.817850 level=WARN service=auth message=OK
2025-12-20T18:55:05.819490 level=WARN service=orders message=OK
2025-12-20T18:55:06.824652 level=INFO service=payments message=OK
2025-12-20T18:55:07.826706 level=DEBUG service=inventory message=OK
2025-12-20T18:55:08.831941 level=INFO service=payments message=OK
2025-12-20T18:55:09.835548 level=DEBUG service=payments message=OK
2025-12-20T18:55:10.838228 level=INFO service=payments message=OK
2025-12-20T18:55:11.838531 level=WARN service=inventory message=OK
2025-12-20T18:55:12.843929 level=WARN service=payments message=OK
2025-12-20T18:55:13.848741 level=WARN service=auth message=OK
2025-12-20T18:55:14.853556 level=ERROR service=orders message=SERVICE_UNAVAILABLE
2025-12-20T18:55:15.858531 level=ERROR service=payments message=CACHE_MISS
2025-12-20T18:55:16.865964 level=INFO service=auth message=OK
2025-12-20T18:55:17.870405 level=WARN service=orders message=OK
2025-12-20T18:55:18.871285 level=ERROR service=payments message=DB_TIMEOUT
2025-12-20T18:55:19.875840 level=INFO service=inventory message=OK
2025-12-20T18:55:20.880834 level=DEBUG service=inventory message=OK
2025-12-20T18:55:21.882390 level=ERROR service=auth message=AUTH_FAILED
2025-12-20T18:55:22.886267 level=DEBUG service=inventory message=OK
2025-12-20T18:55:23.887437 level=DEBUG service=orders message=OK
2025-12-20T18:55:24.892512 level=DEBUG service=orders message=OK
2025-12-20T18:55:25.897673 level=INFO service=inventory message=OK
2025-12-20T18:55:26.900684 level=INFO service=payments message=OK
2025-12-20T18:55:27.901686 level=INFO service=auth message=OK
2025-12-20T18:55:28.903390 level=ERROR service=payments message=CACHE_MISS
2025-12-20T18:55:29.907621 level=ERROR service=payments message=DB_TIMEOUT
2025-12-20T18:55:30.911154 level=INFO service=auth message=OK
2025-12-20T18:55:31.915876 level=DEBUG service=auth message=OK
2025-12-20T18:55:32.920464 level=WARN service=auth message=OK
2025-12-20T18:55:33.923752 level=INFO service=auth message=OK
2025-12-20T18:55:34.928796 level=WARN service=orders message=OK
2025-12-20T18:55:35.933178 level=DEBUG service=auth message=OK
2025-12-20T18:55:36.938326 level=DEBUG service=payments message=OK
2025-12-20T18:55:37.943579 level=ERROR service=auth message=DB_TIMEOUT
2025-12-20T18:55:38.948694 level=DEBUG service=auth message=OK
2025-12-20T18:55:39.950493 level=ERROR service=inventory message=SERVICE_UNAVAILABLE
2025-12-20T18:55:40.953724 level=INFO service=orders message=OK
2025-12-20T18:55:41.957821 level=DEBUG service=payments message=OK
2025-12-20T18:55:42.961202 level=DEBUG service=orders message=OK
2025-12-20T18:55:43.964880 level=DEBUG service=auth message=OK
2025-12-20T18:55:44.970009 level=ERROR service=orders message=DB_TIMEOUT
2025-12-20T18:55:45.970379 level=INFO service=auth message=OK
2025-12-20T18:55:46.975298 level=WARN service=orders message=OK
2025-12-20T18:55:47.976020 level=ERROR service=orders message=CACHE_MISS
2025-12-20T18:55:48.979504 level=WARN service=inventory message=OK
2025-12-20T18:55:49.979757 level=DEBUG service=inventory message=OK
2025-12-20T18:55:50.982535 level=ERROR service=orders message=CACHE_MISS
2025-12-20T18:55:51.985558 level=WARN service=orders message=OK
2025-12-20T18:55:52.990366 level=DEBUG service=inventory message=OK
2025-12-20T18:55:53.994560 level=ERROR service=payments message=DB_TIMEOUT
2025-12-20T18:55:54.997440 level=WARN service=orders message=OK
2025-12-20T18:55:56.001467 level=WARN service=orders message=OK
2025-12-20T18:55:57.005150 level=INFO service=inventory message=OK
2025-12-20T18:55:58.005613 level=ERROR service=payments message=SERVICE_UNAVAILABLE
2025-12-20T18:55:59.007571 level=ERROR service=auth message=CACHE_MISS
2025-12-20T18:56:00.012641 level=INFO service=payments message=OK
2025-12-20T18:56:01.013849 level=WARN service=auth message=OK
2025-12-20T18:56:02.017158 level=ERROR service=auth message=SERVICE_UNAVAILABLE
2025-12-20T18:56:03.019578 level=ERROR service=orders message=NULL_POINTER
2025-12-20T18:56:04.020493 level=ERROR service=orders message=DB_TIMEOUT
2025-12-20T18:56:05.022899 level=DEBUG service=payments message=OK
2025-12-20T18:56:06.025517 level=INFO service=payments message=OK
2025-12-20T18:56:07.027927 level=ERROR service=payments message=CACHE_MISS
2025-12-20T18:56:08.028852 level=WARN service=payments message=OK
2025-12-20T18:56:09.032481 level=WARN service=orders message=OK
2025-12-20T18:56:10.038083 level=ERROR service=orders message=NULL_POINTER
2025-12-20T18:56:11.038344 level=INFO service=payments message=OK
2025-12-20T18:56:12.039735 level=INFO service=payments message=OK
2025-12-20T18:56:13.044553 level=ERROR service=orders message=CACHE_MISS
2025-12-20T18:56:14.049257 level=DEBUG service=orders message=OK
2025-12-20T18:56:15.051351 level=WARN service=orders message=OK
2025-12-20T18:56:16.052271 level=DEBUG service=inventory message=OK
2025-12-20T18:56:17.056375 level=WARN service=orders message=OK
2025-12-20T18:56:18.059655 level=DEBUG service=orders message=OK
2025-12-20T18:56:19.063606 level=WARN service=inventory message=OK
2025-12-20T18:56:20.067740 level=WARN service=orders message=OK
2025-12-20T18:56:21.070483 level=WARN service=orders message=OK
2025-12-20T18:56:22.071244 level=ERROR service=orders message=CACHE_MISS
2025-12-20T18:56:23.074283 level=WARN service=orders message=OK
2025-12-20T18:56:24.076102 level=DEBUG service=orders message=OK
2025-12-20T18:56:25.081229 level=INFO service=auth message=OK
2025-12-20T18:56:26.086322 level=INFO service=payments message=OK
2025-12-20T18:56:27.090498 level=INFO service=auth message=OK
2025-12-20T18:56:28.095747 level=WARN service=payments message=OK
2025-12-20T18:56:29.097634 level=WARN service=payments message=OK
2025-12-20T18:56:30.101289 level=WARN service=auth message=OK
2025-12-20T18:56:31.105881 level=DEBUG service=orders message=OK
2025-12-20T18:56:32.106402 level=WARN service=inventory message=OK
2025-12-20T18:56:33.107266 level=INFO service=orders message=OK
2025-12-20T18:56:34.112439 level=INFO service=inventory message=OK
2025-12-20T18:56:35.116145 level=DEBUG service=auth message=OK
2025-12-20T18:56:36.119294 level=DEBUG service=auth message=OK
2025-12-20T18:56:37.119905 level=DEBUG service=orders message=OK
2025-12-20T18:56:38.126002 level=DEBUG service=payments message=OK
2025-12-20T18:56:39.128987 level=WARN service=payments message=OK
2025-12-20T18:56:40.133075 level=WARN service=payments message=OK
2025-12-20T18:56:41.135620 level=INFO service=auth message=OK
2025-12-20T18:56:42.139143 level=INFO service=inventory message=OK
2025-12-20T18:56:43.142925 level=WARN service=orders message=OK
2025-12-20T18:56:44.145891 level=ERROR service=orders message=AUTH_FAILED
2025-12-20T18:56:45.148717 level=DEBUG service=inventory message=OK
2025-12-20T18:56:46.154274 level=ERROR service=auth message=NULL_POINTER
2025-12-20T18:56:47.159103 level=ERROR service=orders message=SERVICE_UNAVAILABLE
2025-12-20T18:56:48.162680 level=DEBUG service=orders message=OK
2025-12-20T18:56:49.167538 level=INFO service=inventory message=OK
2025-12-20T18:56:50.170850 level=INFO service=payments message=OK
2025-12-20T18:56:51.175395 level=ERROR service=payments message=AUTH_FAILED
2025-12-20T18:56:52.178489 level=ERROR service=payments message=DB_TIMEOUT
2025-12-20T18:56:53.182189 level=INFO service=payments message=OK
2025-12-20T18:56:54.186856 level=ERROR service=auth message=CACHE_MISS
2025-12-20T18:56:55.191709 level=INFO service=orders message=OK
2025-12-20T18:56:56.194162 level=WARN service=payments message=OK
2025-12-20T18:56:57.198869 level=ERROR service=inventory message=SERVICE_UNAVAILABLE
2025-12-20T18:56:58.204129 level=DEBUG service=orders message=OK
2025-12-20T18:56:59.208150 level=INFO service=auth message=OK
2025-12-20T18:57:00.212729 level=ERROR service=inventory message=AUTH_FAILED
2025-12-20T18:57:01.217938 level=INFO service=inventory message=OK
2025-12-20T18:57:02.223222 level=WARN service=inventory message=OK
2025-12-20T18:57:03.228548 level=INFO service=payments message=OK
2025-12-20T18:57:04.233670 level=WARN service=orders message=OK
2025-12-20T18:57:05.238222 level=ERROR service=inventory message=AUTH_FAILED
2025-12-20T18:57:06.239557 level=INFO service=auth message=OK
2025-12-20T18:57:07.240605 level=INFO service=payments message=OK
2025-12-20T18:57:08.242462 level=DEBUG service=payments message=OK
2025-12-20T18:57:09.245229 level=DEBUG service=payments message=OK
2025-12-20T18:57:10.245760 level=DEBUG service=auth message=OK
2025-12-20T18:57:11.246774 level=DEBUG service=payments message=OK
2025-12-20T18:57:12.249692 level=DEBUG service=auth message=OK
2025-12-20T18:57:13.254862 level=INFO service=orders message=OK
2025-12-20T18:57:14.258733 level=DEBUG service=orders message=OK
2025-12-20T18:57:15.263618 level=WARN service=inventory message=OK
2025-12-20T18:57:16.267569 level=DEBUG service=auth message=OK
2025-12-20T18:57:17.272698 level=ERROR service=inventory message=AUTH_FAILED
2025-12-20T18:57:18.280338 level=INFO service=orders message=OK
2025-12-20T18:57:19.285630 level=ERROR service=inventory message=AUTH_FAILED
2025-12-20T18:57:20.287325 level=INFO service=orders message=OK
2025-12-20T18:57:21.292671 level=INFO service=auth message=OK
2025-12-20T18:57:22.294318 level=DEBUG service=auth message=OK
2025-12-20T18:57:23.299593 level=WARN service=auth message=OK
2025-12-20T18:57:24.303049 level=ERROR service=orders message=SERVICE_UNAVAILABLE
2025-12-20T18:57:25.308290 level=DEBUG service=auth message=OK
2025-12-20T18:57:26.313622 level=INFO service=payments message=OK
2025-12-20T18:57:27.319702 level=DEBUG service=inventory message=OK
2025-12-20T18:57:28.323940 level=WARN service=inventory message=OK
2025-12-20T18:57:29.328239 level=INFO service=payments message=OK
2025-12-20T18:57:30.332666 level=DEBUG service=inventory message=OK
2025-12-20T18:57:31.337982 level=INFO service=inventory message=OK
2025-12-20T18:57:32.342171 level=ERROR service=payments message=AUTH_FAILED
2025-12-20T18:57:33.347288 level=ERROR service=auth message=AUTH_FAILED
2025-12-20T18:57:34.352474 level=WARN service=payments message=OK
2025-12-20T18:57:35.357257 level=ERROR service=auth message=NULL_POINTER
2025-12-20T18:57:36.361222 level=DEBUG service=payments message=OK
2025-12-20T18:57:37.365541 level=ERROR service=auth message=SERVICE_UNAVAILABLE
2025-12-20T18:57:38.366957 level=INFO service=payments message=OK
2025-12-20T18:57:39.369437 level=INFO service=payments message=OK
2025-12-20T18:57:40.373332 level=DEBUG service=payments message=OK
2025-12-20T18:57:41.378091 level=WARN service=inventory message=OK
2025-12-20T18:57:42.383238 level=DEBUG service=inventory message=OK
2025-12-20T18:57:43.384318 level=DEBUG service=payments message=OK
2025-12-20T18:57:44.389202 level=DEBUG service=orders message=OK
2025-12-20T18:57:45.389955 level=DEBUG service=orders message=OK
2025-12-20T18:57:46.393321 level=WARN service=inventory message=OK
2025-12-20T18:57:47.398576 level=ERROR service=inventory message=NULL_POINTER
2025-12-20T18:57:48.402726 level=WARN service=payments message=OK
2025-12-20T18:57:49.407267 level=INFO service=payments message=OK
2025-12-20T18:57:50.411501 level=INFO service=inventory message=OK
2025-12-20T18:57:51.416627 level=INFO service=orders message=OK
2025-12-20T18:57:52.419764 level=WARN service=orders message=OK
2025-12-20T18:57:53.424225 level=ERROR service=inventory message=DB_TIMEOUT
2025-12-20T18:57:54.430305 level=ERROR service=inventory message=CACHE_MISS
2025-12-20T18:57:55.435408 level=INFO service=payments message=OK
2025-12-20T18:57:56.436160 level=WARN service=inventory message=OK
2025-12-20T18:57:57.440655 level=ERROR service=orders message=NULL_POINTER
2025-12-20T18:57:58.445902 level=INFO service=orders message=OK
2025-12-20T18:57:59.450565 level=DEBUG service=orders message=OK
2025-12-20T18:58:00.455528 level=WARN service=payments message=OK
2025-12-20T18:58:01.460870 level=ERROR service=payments message=NULL_POINTER
2025-12-20T18:58:02.462234 level=ERROR service=inventory message=DB_TIMEOUT
2025-12-20T18:58:03.466384 level=DEBUG service=inventory message=OK
2025-12-20T18:58:04.469939 level=WARN service=payments message=OK
2025-12-20T18:58:05.474276 level=INFO service=auth message=OK
2025-12-20T18:58:06.475604 level=INFO service=orders message=OK
2025-12-20T18:58:07.476448 level=WARN service=payments message=OK
2025-12-20T18:58:08.480309 level=ERROR service=payments message=NULL_POINTER
2025-12-20T18:58:09.483121 level=DEBUG service=orders message=OK
2025-12-20T18:58:10.486489 level=INFO service=inventory message=OK
2025-12-20T18:58:11.491009 level=ERROR service=auth message=SERVICE_UNAVAILABLE
2025-12-20T18:58:12.491665 level=DEBUG service=inventory message=OK
2025-12-20T18:58:13.493794 level=INFO service=inventory message=OK
2025-12-20T18:58:14.496472 level=INFO service=inventory message=OK
2025-12-20T18:58:15.499650 level=DEBUG service=orders message=OK
2025-12-20T18:58:16.504919 level=DEBUG service=inventory message=OK
2025-12-20T18:58:17.510032 level=ERROR service=inventory message=DB_TIMEOUT
2025-12-20T18:58:18.515298 level=INFO service=inventory message=OK
2025-12-20T18:58:19.519510 level=INFO service=inventory message=OK
2025-12-20T18:58:20.524240 level=DEBUG service=auth message=OK
2025-12-20T18:58:21.528206 level=DEBUG service=orders message=OK
2025-12-20T18:58:22.533314 level=ERROR service=payments message=CACHE_MISS
2025-12-20T18:58:23.536756 level=INFO service=inventory message=OK
2025-12-20T18:58:24.542036 level=WARN service=orders message=OK
2025-12-20T18:58:25.547144 level=ERROR service=orders message=NULL_POINTER
2025-12-20T18:58:26.552288 level=WARN service=inventory message=OK
2025-12-20T18:58:27.556007 level=WARN service=auth message=OK
2025-12-20T18:58:28.561521 level=WARN service=payments message=OK
2025-12-20T18:58:29.566687 level=DEBUG service=orders message=OK
2025-12-20T18:58:30.567701 level=WARN service=orders message=OK
2025-12-20T18:58:31.568473 level=WARN service=inventory message=OK
2025-12-20T18:58:32.573761 level=WARN service=orders message=OK
2025-12-20T18:58:33.579084 level=WARN service=payments message=OK
2025-12-20T18:58:34.584399 level=INFO service=payments message=OK
2025-12-20T18:58:35.586215 level=INFO service=payments message=OK
2025-12-20T18:58:36.590494 level=ERROR service=inventory message=CACHE_MISS
2025-12-20T18:58:37.594830 level=ERROR service=orders message=DB_TIMEOUT
2025-12-20T18:58:38.598602 level=INFO service=orders message=OK
2025-12-20T18:58:39.602666 level=ERROR service=inventory message=DB_TIMEOUT
2025-12-20T18:58:40.605663 level=DEBUG service=orders message=OK
2025-12-20T18:58:41.610342 level=DEBUG service=orders message=OK
2025-12-20T18:58:42.614402 level=DEBUG service=payments message=OK
2025-12-20T18:58:43.615356 level=ERROR service=orders message=DB_TIMEOUT
2025-12-20T18:58:44.620577 level=WARN service=auth message=OK
2025-12-20T18:58:45.624295 level=ERROR service=payments message=CACHE_MISS
2025-12-20T18:58:46.628529 level=INFO service=auth message=OK
2025-12-20T18:58:47.633793 level=ERROR service=orders message=DB_TIMEOUT
2025-12-20T18:58:48.637186 level=WARN service=orders message=OK
2025-12-20T18:58:49.641383 level=ERROR service=orders message=DB_TIMEOUT
2025-12-20T18:58:50.642951 level=DEBUG service=inventory message=OK
2025-12-20T18:58:51.646756 level=WARN service=auth message=OK
2025-12-20T18:58:52.652085 level=INFO service=payments message=OK
2025-12-20T18:58:53.657368 level=WARN service=auth message=OK
2025-12-20T18:58:54.660845 level=ERROR service=payments message=CACHE_MISS
2025-12-20T18:58:55.661558 level=WARN service=orders message=OK
2025-12-20T18:58:56.666681 level=DEBUG service=inventory message=OK
2025-12-20T18:58:57.668487 level=WARN service=payments message=OK
2025-12-20T18:58:58.670441 level=ERROR service=payments message=SERVICE_UNAVAILABLE
2025-12-20T18:58:59.674454 level=DEBUG service=payments message=OK
2025-12-20T18:59:00.678155 level=ERROR service=auth message=DB_TIMEOUT
2025-12-20T18:59:01.683331 level=DEBUG service=auth message=OK
2025-12-20T18:59:02.687121 level=INFO service=auth message=OK
2025-12-20T18:59:03.688998 level=WARN service=auth message=OK
2025-12-20T18:59:04.690529 level=DEBUG service=auth message=OK
2025-12-20T18:59:05.695581 level=ERROR service=auth message=AUTH_FAILED
2025-12-20T18:59:06.699005 level=ERROR service=payments message=AUTH_FAILED
2025-12-20T18:59:07.700923 level=ERROR service=auth message=DB_TIMEOUT
2025-12-20T18:59:08.706192 level=INFO service=auth message=OK
2025-12-20T18:59:09.711511 level=ERROR service=inventory message=SERVICE_UNAVAILABLE
2025-12-20T18:59:10.716697 level=WARN service=auth message=OK
2025-12-20T18:59:11.720444 level=ERROR service=orders message=AUTH_FAILED
2025-12-20T18:59:12.725775 level=INFO service=orders message=OK
2025-12-20T18:59:13.728970 level=WARN service=orders message=OK
2025-12-20T18:59:14.730341 level=INFO service=orders message=OK
2025-12-20T18:59:15.735360 level=INFO service=inventory message=OK
2025-12-20T18:59:16.739117 level=ERROR service=inventory message=SERVICE_UNAVAILABLE
2025-12-20T18:59:17.743614 level=DEBUG service=payments message=OK
2025-12-20T18:59:18.748912 level=ERROR service=auth message=NULL_POINTER
2025-12-20T18:59:19.752699 level=INFO service=payments message=OK
2025-12-20T18:59:20.753350 level=WARN service=payments message=OK
2025-12-20T18:59:21.755165 level=ERROR service=payments message=NULL_POINTER
2025-12-20T18:59:22.760783 level=ERROR service=orders message=NULL_POINTER
2025-12-20T18:59:23.765808 level=ERROR service=inventory message=CACHE_MISS
2025-12-20T18:59:24.771072 level=ERROR service=auth message=DB_TIMEOUT
2025-12-20T18:59:25.775746 level=ERROR service=auth message=DB_TIMEOUT
2025-12-20T18:59:26.779027 level=ERROR service=auth message=NULL_POINTER
2025-12-20T18:59:27.784051 level=ERROR service=payments message=NULL_POINTER
2025-12-20T18:59:28.787034 level=WARN service=auth message=OK
2025-12-20T18:59:29.790822 level=ERROR service=auth message=AUTH_FAILED
2025-12-20T18:59:30.794918 level=DEBUG service=inventory message=OK
2025-12-20T18:59:31.800226 level=DEBUG service=orders message=OK
2025-12-20T18:59:32.803182 level=DEBUG service=orders message=OK
2025-12-20T18:59:33.806102 level=WARN service=inventory message=OK
2025-12-20T18:59:34.809878 level=DEBUG service=inventory message=OK
2025-12-20T18:59:35.811773 level=WARN service=inventory message=OK
2025-12-20T18:59:36.813479 level=WARN service=auth message=OK
2025-12-20T18:59:37.816198 level=DEBUG service=auth message=OK
2025-12-20T18:59:38.821772 level=WARN service=auth message=OK
2025-12-20T18:59:39.825770 level=INFO service=auth message=OK
2025-12-20T18:59:40.831042 level=DEBUG service=payments message=OK
2025-12-20T18:59:41.835126 level=WARN service=payments message=OK
2025-12-20T18:59:42.840030 level=INFO service=orders message=OK
2025-12-20T18:59:43.844468 level=INFO service=auth message=OK
2025-12-20T18:59:44.845531 level=WARN service=payments message=OK
2025-12-20T18:59:45.846031 level=DEBUG service=auth message=OK
2025-12-20T18:59:46.850117 level=INFO service=inventory message=OK
2025-12-20T18:59:47.853024 level=ERROR service=auth message=NULL_POINTER
2025-12-20T18:59:48.855757 level=DEBUG service=orders message=OK
2025-12-20T18:59:49.861078 level=WARN service=inventory message=OK
2025-12-20T18:59:50.864875 level=INFO service=orders message=OK
2025-12-20T18:59:51.869154 level=INFO service=inventory message=OK
2025-12-20T18:59:52.871932 level=ERROR service=inventory message=NULL_POINTER
2025-12-20T18:59:53.877229 level=DEBUG service=orders message=OK
2025-12-20T18:59:54.882532 level=WARN service=orders message=OK
2025-12-20T18:59:55.887845 level=WARN service=orders message=OK
2025-12-20T18:59:56.893127 level=ERROR service=inventory message=CACHE_MISS
2025-12-20T18:59:57.894879 level=INFO service=orders message=OK
2025-12-20T18:59:58.895741 level=ERROR service=orders message=CACHE_MISS
2025-12-20T18:59:59.897099 level=DEBUG service=auth message=OK
2025-12-20T19:00:00.898035 level=DEBUG service=orders message=OK
2025-12-20T19:00:01.903349 level=DEBUG service=inventory message=OK
2025-12-20T19:00:02.904795 level=DEBUG service=auth message=OK
2025-12-20T19:00:03.905393 level=INFO service=auth message=OK
2025-12-20T19:00:04.909825 level=ERROR service=auth message=SERVICE_UNAVAILABLE
2025-12-20T19:00:05.911734 level=ERROR service=auth message=CACHE_MISS
2025-12-20T19:00:06.914479 level=INFO service=orders message=OK
2025-12-20T19:00:07.915162 level=ERROR service=inventory message=DB_TIMEOUT
2025-12-20T19:00:08.920163 level=INFO service=payments message=OK
2025-12-20T19:00:09.925334 level=WARN service=orders message=OK
2025-12-20T19:00:10.930496 level=WARN service=inventory message=OK
2025-12-20T19:00:11.935254 level=INFO service=auth message=OK
2025-12-20T19:00:12.937626 level=ERROR service=auth message=AUTH_FAILED
2025-12-20T19:00:13.940886 level=ERROR service=inventory message=AUTH_FAILED
2025-12-20T19:00:14.945063 level=ERROR service=inventory message=DB_TIMEOUT
2025-12-20T19:00:15.946013 level=DEBUG service=payments message=OK
2025-12-20T19:00:16.947339 level=INFO service=orders message=OK
2025-12-20T19:00:17.951829 level=DEBUG service=auth message=OK
2025-12-20T19:00:18.955081 level=WARN service=inventory message=OK
2025-12-20T19:00:19.957567 level=WARN service=inventory message=OK
2025-12-20T19:00:20.958074 level=INFO service=orders message=OK
2025-12-20T19:00:21.961666 level=INFO service=inventory message=OK
2025-12-20T19:00:22.966793 level=ERROR service=payments message=NULL_POINTER
2025-12-20T19:00:23.971913 level=DEBUG service=auth message=OK
2025-12-20T19:00:24.976807 level=WARN service=auth message=OK
2025-12-20T19:00:25.980665 level=WARN service=auth message=OK
2025-12-20T19:00:26.985768 level=INFO service=payments message=OK
2025-12-20T19:00:27.990986 level=INFO service=payments message=OK
2025-12-20T19:00:28.996540 level=WARN service=inventory message=OK
2025-12-20T19:00:29.998376 level=INFO service=payments message=OK
2025-12-20T19:00:31.003289 level=INFO service=inventory message=OK
2025-12-20T19:00:32.007612 level=DEBUG service=payments message=OK
2025-12-20T19:00:33.009518 level=INFO service=orders message=OK
2025-12-20T19:00:34.011915 level=ERROR service=orders message=SERVICE_UNAVAILABLE
2025-12-20T19:00:35.015113 level=DEBUG service=inventory message=OK
2025-12-20T19:00:36.018987 level=WARN service=inventory message=OK
2025-12-20T19:00:37.024161 level=INFO service=payments message=OK
2025-12-20T19:00:38.026227 level=WARN service=orders message=OK
2025-12-20T19:00:39.029346 level=ERROR service=orders message=DB_TIMEOUT
2025-12-20T19:00:40.033106 level=DEBUG service=inventory message=OK
2025-12-20T19:00:41.037685 level=DEBUG service=auth message=OK
2025-12-20T19:00:42.037855 level=DEBUG service=payments message=OK
2025-12-20T19:00:43.038935 level=DEBUG service=inventory message=OK
2025-12-20T19:00:44.042985 level=WARN service=payments message=OK
2025-12-20T19:00:45.046048 level=DEBUG service=orders message=OK
2025-12-20T19:00:46.051152 level=DEBUG service=orders message=OK
2025-12-20T19:00:47.052399 level=DEBUG service=inventory message=OK
2025-12-20T19:00:48.057496 level=WARN service=auth message=OK
2025-12-20T19:00:49.060662 level=WARN service=payments message=OK
2025-12-20T19:00:50.063591 level=ERROR service=orders message=CACHE_MISS
2025-12-20T19:00:51.068881 level=INFO service=orders message=OK
2025-12-20T19:00:52.070129 level=DEBUG service=payments message=OK
2025-12-20T19:00:53.072944 level=INFO service=inventory message=OK
2025-12-20T19:00:54.077533 level=DEBUG service=orders message=OK
2025-12-20T19:00:55.083126 level=WARN service=inventory message=OK
2025-12-20T19:00:56.087804 level=INFO service=inventory message=OK
2025-12-20T19:00:57.091760 level=ERROR service=payments message=DB_TIMEOUT
2025-12-20T19:00:58.094815 level=WARN service=inventory message=OK
2025-12-20T19:00:59.097242 level=DEBUG service=payments message=OK
2025-12-20T19:01:00.102455 level=ERROR service=payments message=SERVICE_UNAVAILABLE
2025-12-20T19:01:01.104847 level=INFO service=payments message=OK
2025-12-20T19:01:02.108139 level=ERROR service=payments message=NULL_POINTER
2025-12-20T19:01:03.111820 level=DEBUG service=orders message=OK
2025-12-20T19:01:04.117002 level=DEBUG service=inventory message=OK
2025-12-20T19:01:05.120215 level=WARN service=auth message=OK
2025-12-20T19:01:06.125222 level=DEBUG service=payments message=OK
2025-12-20T19:01:07.126065 level=INFO service=auth message=OK
2025-12-20T19:01:08.131133 level=INFO service=orders message=OK
2025-12-20T19:01:09.136538 level=INFO service=inventory message=OK
2025-12-20T19:01:10.142870 level=INFO service=payments message=OK
2025-12-20T19:01:11.145745 level=ERROR service=auth message=SERVICE_UNAVAILABLE
2025-12-20T19:01:12.147990 level=ERROR service=payments message=AUTH_FAILED
2025-12-20T19:01:13.153122 level=WARN service=inventory message=OK
2025-12-20T19:01:14.158293 level=DEBUG service=auth message=OK
2025-12-20T19:01:15.160972 level=INFO service=payments message=OK
2025-12-20T19:01:16.163070 level=WARN service=auth message=OK
2025-12-20T19:01:17.168119 level=DEBUG service=inventory message=OK
2025-12-20T19:01:18.173192 level=INFO service=auth message=OK
2025-12-20T19:01:19.177977 level=ERROR service=inventory message=AUTH_FAILED
2025-12-20T19:01:20.181465 level=DEBUG service=inventory message=OK
2025-12-20T19:01:21.185282 level=INFO service=auth message=OK
2025-12-20T19:01:22.188152 level=WARN service=auth message=OK
2025-12-20T19:01:23.193504 level=ERROR service=auth message=CACHE_MISS
2025-12-20T19:01:24.198741 level=WARN service=orders message=OK
2025-12-20T19:01:25.200522 level=ERROR service=orders message=DB_TIMEOUT
2025-12-20T19:01:26.204899 level=DEBUG service=orders message=OK
2025-12-20T19:01:27.210090 level=ERROR service=orders message=CACHE_MISS
2025-12-20T19:01:28.215359 level=DEBUG service=payments message=OK
2025-12-20T19:01:29.216621 level=INFO service=payments message=OK
2025-12-20T19:01:30.221104 level=DEBUG service=orders message=OK
2025-12-20T19:01:31.222589 level=WARN service=auth message=OK
2025-12-20T19:01:32.226024 level=INFO service=inventory message=OK
2025-12-20T19:01:33.230279 level=DEBUG service=orders message=OK
2025-12-20T19:01:34.235368 level=ERROR service=orders message=CACHE_MISS
2025-12-20T19:01:35.239598 level=WARN service=auth message=OK
2025-12-20T19:01:36.240265 level=WARN service=payments message=OK
2025-12-20T19:01:37.245254 level=INFO service=orders message=OK
2025-12-20T19:01:38.249896 level=ERROR service=auth message=SERVICE_UNAVAILABLE
2025-12-20T19:01:39.253318 level=INFO service=payments message=OK
2025-12-20T19:01:40.257868 level=DEBUG service=auth message=OK
2025-12-20T19:01:41.261926 level=DEBUG service=payments message=OK
2025-12-20T19:01:42.266589 level=DEBUG service=payments message=OK
2025-12-20T19:01:43.271480 level=WARN service=payments message=OK
2025-12-20T19:01:44.276585 level=INFO service=orders message=OK
2025-12-20T19:01:45.278732 level=WARN service=orders message=OK
2025-12-20T19:01:46.284113 level=INFO service=payments message=OK
2025-12-20T19:01:47.285796 level=DEBUG service=orders message=OK
2025-12-20T19:01:48.291034 level=ERROR service=payments message=NULL_POINTER
2025-12-20T19:01:49.295281 level=INFO service=payments message=OK
2025-12-20T19:01:50.300547 level=WARN service=auth message=OK
2025-12-20T19:01:51.305794 level=INFO service=inventory message=OK
2025-12-20T19:01:52.309696 level=INFO service=orders message=OK
2025-12-20T19:01:53.311720 level=INFO service=payments message=OK
2025-12-20T19:01:54.316599 level=ERROR service=auth message=AUTH_FAILED
2025-12-20T19:01:55.320252 level=WARN service=inventory message=OK
2025-12-20T19:01:56.321817 level=WARN service=auth message=OK
2025-12-20T19:01:57.325580 level=DEBUG service=auth message=OK
2025-12-20T19:01:58.327554 level=DEBUG service=inventory message=OK
2025-12-20T19:01:59.332677 level=WARN service=auth message=OK
2025-12-20T19:02:00.337146 level=DEBUG service=inventory message=OK
2025-12-20T19:02:01.340277 level=WARN service=inventory message=OK
2025-12-20T19:02:02.345324 level=DEBUG service=orders message=OK
2025-12-20T19:02:03.348957 level=WARN service=orders message=OK
2025-12-20T19:02:04.353854 level=DEBUG service=orders message=OK
2025-12-20T19:02:05.359172 level=WARN service=payments message=OK
2025-12-20T19:02:06.363825 level=DEBUG service=payments message=OK
2025-12-20T19:02:07.367490 level=INFO service=orders message=OK
2025-12-20T19:02:08.372772 level=WARN service=auth message=OK
2025-12-20T19:02:09.375486 level=DEBUG service=payments message=OK
2025-12-20T19:02:10.380805 level=ERROR service=payments message=AUTH_FAILED
2025-12-20T19:02:11.386107 level=INFO service=orders message=OK
2025-12-20T19:02:12.391026 level=WARN service=inventory message=OK
2025-12-20T19:02:13.392994 level=DEBUG service=orders message=OK
2025-12-20T19:02:14.399067 level=ERROR service=auth message=NULL_POINTER
2025-12-20T19:02:15.402664 level=ERROR service=auth message=NULL_POINTER
2025-12-20T19:02:16.407373 level=INFO service=auth message=OK
2025-12-20T19:02:17.411350 level=INFO service=orders message=OK
2025-12-20T19:02:18.416603 level=ERROR service=auth message=DB_TIMEOUT
2025-12-20T19:02:19.419854 level=WARN service=payments message=OK
2025-12-20T19:02:20.425175 level=INFO service=payments message=OK
2025-12-20T19:02:21.429176 level=WARN service=auth message=OK
2025-12-20T19:02:22.432985 level=ERROR service=auth message=CACHE_MISS
2025-12-20T19:02:23.438155 level=WARN service=auth message=OK
2025-12-20T19:02:24.442304 level=ERROR service=auth message=NULL_POINTER
2025-12-20T19:02:25.446795 level=INFO service=orders message=OK
2025-12-20T19:02:26.451018 level=WARN service=payments message=OK
2025-12-20T19:02:27.451755 level=INFO service=payments message=OK
2025-12-20T19:02:28.454009 level=ERROR service=payments message=CACHE_MISS
2025-12-20T19:02:29.458648 level=WARN service=payments message=OK
2025-12-20T19:02:30.463134 level=WARN service=orders message=OK
2025-12-20T19:02:31.464394 level=INFO service=orders message=OK
2025-12-20T19:02:32.467165 level=ERROR service=auth message=AUTH_FAILED
2025-12-20T19:02:33.471008 level=DEBUG service=auth message=OK
2025-12-20T19:02:34.475828 level=ERROR service=orders message=NULL_POINTER
2025-12-20T19:02:35.481152 level=INFO service=auth message=OK
2025-12-20T19:02:36.486477 level=ERROR service=payments message=NULL_POINTER
2025-12-20T19:02:37.489941 level=ERROR service=payments message=AUTH_FAILED
2025-12-20T19:02:38.495450 level=INFO service=payments message=OK
2025-12-20T19:02:39.500560 level=DEBUG service=orders message=OK
2025-12-20T19:02:40.503424 level=DEBUG service=orders message=OK
2025-12-20T19:02:41.508719 level=INFO service=inventory message=OK
2025-12-20T19:02:42.510764 level=INFO service=inventory message=OK
2025-12-20T19:02:43.512104 level=DEBUG service=inventory message=OK
2025-12-20T19:02:44.516797 level=ERROR service=auth message=NULL_POINTER
2025-12-20T19:02:45.522119 level=INFO service=orders message=OK
2025-12-20T19:02:46.525422 level=INFO service=orders message=OK
2025-12-20T19:02:47.531040 level=WARN service=orders message=OK
2025-12-20T19:02:48.536224 level=WARN service=auth message=OK
2025-12-20T19:02:49.538619 level=DEBUG service=payments message=OK
2025-12-20T19:02:50.543443 level=WARN service=inventory message=OK
2025-12-20T19:02:51.547902 level=ERROR service=orders message=DB_TIMEOUT
2025-12-20T19:02:52.553119 level=WARN service=auth message=OK
2025-12-20T19:02:53.555777 level=WARN service=payments message=OK
2025-12-20T19:02:54.559302 level=DEBUG service=inventory message=OK
2025-12-20T19:02:55.563161 level=ERROR service=auth message=NULL_POINTER
2025-12-20T19:02:56.568347 level=DEBUG service=orders message=OK
2025-12-20T19:02:57.571793 level=INFO service=payments message=OK
2025-12-20T19:02:58.574929 level=INFO service=payments message=OK
2025-12-20T19:02:59.575483 level=ERROR service=auth message=SERVICE_UNAVAILABLE
2025-12-20T19:03:00.579703 level=WARN service=orders message=OK
2025-12-20T19:03:01.580452 level=ERROR service=orders message=DB_TIMEOUT
2025-12-20T19:03:02.583462 level=DEBUG service=auth message=OK
2025-12-20T19:03:03.587176 level=INFO service=auth message=OK
2025-12-20T19:03:04.591035 level=WARN service=payments message=OK
2025-12-20T19:03:05.596593 level=DEBUG service=auth message=OK
2025-12-20T19:03:06.601803 level=ERROR service=payments message=DB_TIMEOUT
2025-12-20T19:03:07.607782 level=WARN service=payments message=OK
2025-12-20T19:03:08.612216 level=DEBUG service=inventory message=OK
2025-12-20T19:03:09.616883 level=INFO service=inventory message=OK
2025-12-20T19:03:10.618748 level=INFO service=orders message=OK
2025-12-20T19:03:11.624066 level=INFO service=inventory message=OK
2025-12-20T19:03:12.628772 level=DEBUG service=inventory message=OK
2025-12-20T19:03:13.631746 level=INFO service=payments message=OK
2025-12-20T19:03:14.632711 level=ERROR service=orders message=NULL_POINTER
2025-12-20T19:03:15.638032 level=DEBUG service=payments message=OK
2025-12-20T19:03:16.644425 level=INFO service=orders message=OK
2025-12-20T19:03:17.645448 level=WARN service=auth message=OK
2025-12-20T19:03:18.649307 level=INFO service=auth message=OK
2025-12-20T19:03:19.652822 level=ERROR service=inventory message=AUTH_FAILED
2025-12-20T19:03:20.657074 level=WARN service=orders message=OK
2025-12-20T19:03:21.662113 level=WARN service=auth message=OK
2025-12-20T19:03:22.666335 level=WARN service=payments message=OK
2025-12-20T19:03:23.670454 level=WARN service=payments message=OK
2025-12-20T19:03:24.673544 level=INFO service=auth message=OK
2025-12-20T19:03:25.677527 level=INFO service=inventory message=OK
2025-12-20T19:03:26.679980 level=ERROR service=orders message=AUTH_FAILED
2025-12-20T19:03:27.683447 level=DEBUG service=inventory message=OK
2025-12-20T19:03:28.686766 level=ERROR service=auth message=CACHE_MISS
2025-12-20T19:03:29.692234 level=DEBUG service=auth message=OK
2025-12-20T19:03:30.697325 level=INFO service=inventory message=OK
2025-12-20T19:03:31.698789 level=INFO service=orders message=OK
2025-12-20T19:03:32.700797 level=DEBUG service=orders message=OK
2025-12-20T19:03:33.707553 level=DEBUG service=inventory message=OK
2025-12-20T19:03:34.712654 level=ERROR service=auth message=SERVICE_UNAVAILABLE
2025-12-20T19:03:35.717390 level=INFO service=orders message=OK
2025-12-20T19:03:36.721580 level=ERROR service=payments message=SERVICE_UNAVAILABLE
2025-12-20T19:03:37.723128 level=WARN service=inventory message=OK
2025-12-20T19:03:38.727452 level=ERROR service=orders message=SERVICE_UNAVAILABLE
2025-12-20T19:03:39.732034 level=ERROR service=payments message=DB_TIMEOUT
2025-12-20T19:03:40.735681 level=INFO service=orders message=OK
2025-12-20T19:03:41.739389 level=DEBUG service=payments message=OK
2025-12-20T19:03:42.744129 level=INFO service=payments message=OK
2025-12-20T19:03:43.749474 level=ERROR service=auth message=DB_TIMEOUT
2025-12-20T19:03:44.753802 level=DEBUG service=inventory message=OK
2025-12-20T19:03:45.758496 level=WARN service=inventory message=OK
2025-12-20T19:03:46.762213 level=WARN service=orders message=OK
2025-12-20T19:03:47.764631 level=DEBUG service=payments message=OK
2025-12-20T19:03:48.768297 level=DEBUG service=auth message=OK
2025-12-20T19:03:49.773382 level=DEBUG service=payments message=OK
2025-12-20T19:03:50.776889 level=DEBUG service=orders message=OK
2025-12-20T19:03:51.782341 level=INFO service=payments message=OK
2025-12-20T19:03:52.787631 level=WARN service=orders message=OK
2025-12-20T19:03:53.790006 level=INFO service=orders message=OK
2025-12-20T19:03:54.795151 level=ERROR service=orders message=CACHE_MISS
2025-12-20T19:03:55.800182 level=DEBUG service=orders message=OK
2025-12-20T19:03:56.803890 level=DEBUG service=auth message=OK
2025-12-20T19:03:57.805929 level=WARN service=auth message=OK
2025-12-20T19:03:58.811372 level=WARN service=payments message=OK
2025-12-20T19:03:59.816422 level=DEBUG service=auth message=OK
2025-12-20T19:04:00.821269 level=ERROR service=payments message=AUTH_FAILED
2025-12-20T19:04:01.825298 level=DEBUG service=inventory message=OK
2025-12-20T19:04:02.829967 level=DEBUG service=payments message=OK
2025-12-20T19:04:03.834704 level=ERROR service=payments message=CACHE_MISS
2025-12-20T19:04:04.839947 level=DEBUG service=orders message=OK
2025-12-20T19:04:05.844127 level=DEBUG service=orders message=OK
2025-12-20T19:04:06.849405 level=ERROR service=orders message=NULL_POINTER
2025-12-20T19:04:07.852493 level=DEBUG service=payments message=OK
2025-12-20T19:04:08.857543 level=DEBUG service=payments message=OK
2025-12-20T19:04:09.862673 level=WARN service=orders message=OK
2025-12-20T19:04:10.867457 level=ERROR service=auth message=AUTH_FAILED
2025-12-20T19:04:11.869997 level=WARN service=inventory message=OK
2025-12-20T19:04:12.874707 level=WARN service=orders message=OK
2025-12-20T19:04:13.875690 level=DEBUG service=payments message=OK
2025-12-20T19:04:14.877502 level=DEBUG service=auth message=OK
2025-12-20T19:04:15.881849 level=ERROR service=orders message=NULL_POINTER
2025-12-20T19:04:16.886600 level=INFO service=inventory message=OK
2025-12-20T19:04:17.889977 level=DEBUG service=auth message=OK
2025-12-20T19:04:18.895545 level=DEBUG service=payments message=OK
2025-12-20T19:04:19.900870 level=ERROR service=auth message=DB_TIMEOUT
2025-12-20T19:04:20.905160 level=INFO service=payments message=OK
2025-12-20T19:04:21.909987 level=INFO service=payments message=OK
2025-12-20T19:04:22.912749 level=INFO service=auth message=OK
2025-12-20T19:04:23.917354 level=WARN service=payments message=OK
2025-12-20T19:04:24.922255 level=ERROR service=inventory message=SERVICE_UNAVAILABLE
2025-12-20T19:04:25.924598 level=INFO service=auth message=OK
2025-12-20T19:04:26.929738 level=WARN service=orders message=OK
2025-12-20T19:04:27.935066 level=ERROR service=payments message=SERVICE_UNAVAILABLE
2025-12-20T19:04:28.938994 level=WARN service=inventory message=OK
2025-12-20T19:04:29.942320 level=INFO service=payments message=OK
2025-12-20T19:04:30.946088 level=INFO service=inventory message=OK
2025-12-20T19:04:31.950580 level=ERROR service=auth message=NULL_POINTER
2025-12-20T19:04:32.954813 level=INFO service=auth message=OK
2025-12-20T19:04:33.957961 level=DEBUG service=inventory message=OK
2025-12-20T19:04:34.961778 level=INFO service=inventory message=OK
2025-12-20T19:04:35.966992 level=INFO service=auth message=OK
2025-12-20T19:04:36.968209 level=DEBUG service=auth message=OK
2025-12-20T19:04:37.969912 level=DEBUG service=orders message=OK
2025-12-20T19:04:38.975016 level=WARN service=payments message=OK
2025-12-20T19:04:39.979450 level=ERROR service=payments message=DB_TIMEOUT
2025-12-20T19:04:40.984716 level=ERROR service=auth message=CACHE_MISS
2025-12-20T19:04:41.985992 level=DEBUG service=orders message=OK
2025-12-20T19:04:42.991254 level=WARN service=inventory message=OK
2025-12-20T19:04:43.996413 level=INFO service=inventory message=OK
2025-12-20T19:04:44.999730 level=DEBUG service=orders message=OK
2025-12-20T19:04:46.004006 level=ERROR service=payments message=NULL_POINTER
2025-12-20T19:04:47.009310 level=INFO service=auth message=OK
2025-12-20T19:04:48.011590 level=DEBUG service=inventory message=OK
2025-12-20T19:04:49.016834 level=WARN service=inventory message=OK
2025-12-20T19:04:50.020222 level=ERROR service=payments message=AUTH_FAILED
2025-12-20T19:04:51.023232 level=ERROR service=inventory message=SERVICE_UNAVAILABLE
2025-12-20T19:04:52.028349 level=WARN service=payments message=OK
2025-12-20T19:04:53.031353 level=WARN service=inventory message=OK
2025-12-20T19:04:54.036369 level=ERROR service=orders message=CACHE_MISS
2025-12-20T19:04:55.041451 level=WARN service=auth message=OK
2025-12-20T19:04:56.045600 level=DEBUG service=inventory message=OK
2025-12-20T19:04:57.049898 level=INFO service=payments message=OK
2025-12-20T19:04:58.054686 level=DEBUG service=auth message=OK
2025-12-20T19:04:59.059824 level=INFO service=payments message=OK
2025-12-20T19:05:00.062781 level=DEBUG service=payments message=OK
2025-12-20T19:05:01.066453 level=DEBUG service=inventory message=OK
2025-12-20T19:05:02.070691 level=WARN service=inventory message=OK
2025-12-20T19:05:03.073818 level=ERROR service=payments message=SERVICE_UNAVAILABLE
2025-12-20T19:05:04.078973 level=DEBUG service=inventory message=OK
2025-12-20T19:05:05.084110 level=WARN service=orders message=OK
2025-12-20T19:05:06.087818 level=DEBUG service=inventory message=OK
2025-12-20T19:05:07.092977 level=INFO service=inventory message=OK
2025-12-20T19:05:08.096553 level=DEBUG service=auth message=OK
2025-12-20T19:05:09.099863 level=INFO service=payments message=OK
2025-12-20T19:05:10.105106 level=DEBUG service=auth message=OK
2025-12-20T19:05:11.109023 level=DEBUG service=orders message=OK
2025-12-20T19:05:12.111938 level=ERROR service=orders message=NULL_POINTER
2025-12-20T19:05:13.117081 level=ERROR service=auth message=CACHE_MISS
2025-12-20T19:05:14.121180 level=DEBUG service=orders message=OK
2025-12-20T19:05:15.126057 level=ERROR service=payments message=AUTH_FAILED
2025-12-20T19:05:16.128471 level=DEBUG service=inventory message=OK
2025-12-20T19:05:17.133621 level=DEBUG service=inventory message=OK
2025-12-20T19:05:18.137372 level=ERROR service=auth message=NULL_POINTER
2025-12-20T19:05:19.142409 level=ERROR service=inventory message=SERVICE_UNAVAILABLE
2025-12-20T19:05:20.144498 level=DEBUG service=payments message=OK
2025-12-20T19:05:21.145441 level=INFO service=inventory message=OK
2025-12-20T19:05:22.149858 level=WARN service=payments message=OK
2025-12-20T19:05:23.154997 level=ERROR service=orders message=AUTH_FAILED
2025-12-20T19:05:24.158728 level=INFO service=inventory message=OK
2025-12-20T19:05:25.160024 level=ERROR service=auth message=AUTH_FAILED
2025-12-20T19:05:26.160535 level=INFO service=orders message=OK
2025-12-20T19:05:27.160673 level=DEBUG service=payments message=OK
2025-12-20T19:05:28.162827 level=DEBUG service=orders message=OK
2025-12-20T19:05:29.165337 level=ERROR service=auth message=SERVICE_UNAVAILABLE
2025-12-20T19:05:30.169856 level=ERROR service=payments message=AUTH_FAILED
2025-12-20T19:05:31.175124 level=DEBUG service=auth message=OK
2025-12-20T19:05:32.180437 level=ERROR service=inventory message=DB_TIMEOUT
2025-12-20T19:05:33.181363 level=DEBUG service=auth message=OK
2025-12-20T19:05:34.188653 level=INFO service=payments message=OK
2025-12-20T19:05:35.193162 level=DEBUG service=auth message=OK
2025-12-20T19:05:36.193513 level=ERROR service=auth message=DB_TIMEOUT
2025-12-20T19:05:37.197522 level=WARN service=payments message=OK
2025-12-20T19:05:38.202591 level=DEBUG service=auth message=OK
2025-12-20T19:05:39.204698 level=INFO service=inventory message=OK
2025-12-20T19:05:40.205472 level=INFO service=inventory message=OK
2025-12-20T19:05:41.209889 level=ERROR service=inventory message=SERVICE_UNAVAILABLE
2025-12-20T19:05:42.211748 level=WARN service=orders message=OK
2025-12-20T19:05:43.217015 level=WARN service=inventory message=OK
2025-12-20T19:05:44.218319 level=DEBUG service=inventory message=OK
2025-12-20T19:05:45.223185 level=WARN service=payments message=OK
2025-12-20T19:05:46.225064 level=INFO service=orders message=OK
2025-12-20T19:05:47.229876 level=WARN service=orders message=OK
2025-12-20T19:05:48.235394 level=ERROR service=inventory message=DB_TIMEOUT
2025-12-20T19:05:49.240791 level=ERROR service=orders message=CACHE_MISS
2025-12-20T19:05:50.245796 level=WARN service=payments message=OK
2025-12-20T19:05:51.251202 level=WARN service=inventory message=OK
2025-12-20T19:05:52.254683 level=INFO service=auth message=OK
2025-12-20T19:05:53.260075 level=INFO service=inventory message=OK
2025-12-20T19:05:54.265321 level=ERROR service=orders message=DB_TIMEOUT
2025-12-20T19:05:55.270619 level=WARN service=orders message=OK
2025-12-20T19:05:56.275148 level=DEBUG service=orders message=OK
2025-12-20T19:05:57.279935 level=WARN service=inventory message=OK
2025-12-20T19:05:58.283278 level=ERROR service=auth message=NULL_POINTER
2025-12-20T19:05:59.287925 level=WARN service=auth message=OK
2025-12-20T19:06:00.291482 level=ERROR service=payments message=CACHE_MISS
2025-12-20T19:06:01.295747 level=INFO service=auth message=OK
2025-12-20T19:06:02.300411 level=INFO service=auth message=OK
2025-12-20T19:06:03.300690 level=INFO service=auth message=OK
2025-12-20T19:06:04.305914 level=WARN service=auth message=OK
2025-12-20T19:06:05.308831 level=WARN service=orders message=OK
2025-12-20T19:06:06.313380 level=ERROR service=auth message=NULL_POINTER
2025-12-20T19:06:07.317141 level=WARN service=orders message=OK
2025-12-20T19:06:08.318156 level=WARN service=inventory message=OK
2025-12-20T19:06:09.322035 level=INFO service=orders message=OK
2025-12-20T19:06:10.326142 level=DEBUG service=payments message=OK
2025-12-20T19:06:11.329835 level=ERROR service=inventory message=AUTH_FAILED
2025-12-20T19:06:12.333759 level=INFO service=orders message=OK
2025-12-20T19:06:13.335299 level=ERROR service=orders message=DB_TIMEOUT
2025-12-20T19:06:14.335544 level=ERROR service=payments message=CACHE_MISS
2025-12-20T19:06:15.341031 level=DEBUG service=inventory message=OK
2025-12-20T19:06:16.341648 level=DEBUG service=auth message=OK
2025-12-20T19:06:17.345901 level=ERROR service=payments message=CACHE_MISS
2025-12-20T19:06:18.347919 level=INFO service=inventory message=OK
2025-12-20T19:06:19.351483 level=ERROR service=auth message=CACHE_MISS
2025-12-20T19:06:20.354145 level=INFO service=payments message=OK
2025-12-20T19:06:21.359309 level=WARN service=inventory message=OK
2025-12-20T19:06:22.363335 level=WARN service=inventory message=OK
2025-12-20T19:06:23.367402 level=INFO service=inventory message=OK
2025-12-20T19:06:24.370800 level=ERROR service=inventory message=DB_TIMEOUT
2025-12-20T19:06:25.374884 level=DEBUG service=payments message=OK
2025-12-20T19:06:26.379107 level=ERROR service=payments message=CACHE_MISS
2025-12-20T19:06:27.381394 level=INFO service=orders message=OK
2025-12-20T19:06:28.385153 level=WARN service=orders message=OK
2025-12-20T19:06:29.389822 level=ERROR service=payments message=CACHE_MISS
2025-12-20T19:06:30.394307 level=ERROR service=payments message=DB_TIMEOUT
2025-12-20T19:06:31.395489 level=ERROR service=inventory message=SERVICE_UNAVAILABLE
2025-12-20T19:06:32.400507 level=DEBUG service=auth message=OK
2025-12-20T19:06:33.404159 level=DEBUG service=payments message=OK
2025-12-20T19:06:34.408835 level=WARN service=inventory message=OK
2025-12-20T19:06:35.412111 level=ERROR service=auth message=NULL_POINTER
2025-12-20T19:06:36.413183 level=INFO service=auth message=OK
2025-12-20T19:06:37.414499 level=ERROR service=orders message=CACHE_MISS
2025-12-20T19:06:38.417733 level=ERROR service=orders message=DB_TIMEOUT
2025-12-20T19:06:39.420445 level=DEBUG service=inventory message=OK
2025-12-20T19:06:40.425509 level=WARN service=orders message=OK
2025-12-20T19:06:41.430757 level=ERROR service=inventory message=AUTH_FAILED
2025-12-20T19:06:42.431820 level=DEBUG service=payments message=OK
2025-12-20T19:06:43.436480 level=WARN service=orders message=OK
2025-12-20T19:06:44.437687 level=WARN service=payments message=OK
2025-12-20T19:06:45.441810 level=ERROR service=payments message=SERVICE_UNAVAILABLE
2025-12-20T19:06:46.445833 level=ERROR service=inventory message=DB_TIMEOUT
2025-12-20T19:06:47.449550 level=DEBUG service=inventory message=OK
2025-12-20T19:06:48.453775 level=INFO service=inventory message=OK
2025-12-20T19:06:49.458683 level=DEBUG service=inventory message=OK
2025-12-20T19:06:50.459776 level=INFO service=orders message=OK
2025-12-20T19:06:51.464134 level=INFO service=inventory message=OK
2025-12-20T19:06:52.468610 level=ERROR service=orders message=NULL_POINTER
2025-12-20T19:06:53.470692 level=DEBUG service=inventory message=OK
2025-12-20T19:06:54.475524 level=WARN service=payments message=OK
2025-12-20T19:06:55.479904 level=WARN service=orders message=OK
2025-12-20T19:06:56.481190 level=WARN service=payments message=OK
2025-12-20T19:06:57.484669 level=ERROR service=payments message=DB_TIMEOUT
2025-12-20T19:06:58.487484 level=DEBUG service=orders message=OK
2025-12-20T19:06:59.488599 level=INFO service=payments message=OK
2025-12-20T19:07:00.493768 level=WARN service=auth message=OK
2025-12-20T19:07:01.500174 level=ERROR service=inventory message=DB_TIMEOUT
2025-12-20T19:07:02.503613 level=DEBUG service=orders message=OK
2025-12-20T19:07:03.508599 level=ERROR service=orders message=AUTH_FAILED
2025-12-20T19:07:04.513639 level=INFO service=inventory message=OK
2025-12-20T19:07:05.517050 level=WARN service=auth message=OK
2025-12-20T19:07:06.521554 level=INFO service=orders message=OK
2025-12-20T19:07:07.527057 level=WARN service=inventory message=OK
2025-12-20T19:07:08.531169 level=WARN service=orders message=OK
2025-12-20T19:07:09.536350 level=INFO service=inventory message=OK
2025-12-20T19:07:10.540009 level=DEBUG service=inventory message=OK
2025-12-20T19:07:11.543544 level=ERROR service=auth message=SERVICE_UNAVAILABLE
2025-12-20T19:07:12.545890 level=INFO service=inventory message=OK
2025-12-20T19:07:13.551212 level=WARN service=auth message=OK
2025-12-20T19:07:14.555033 level=WARN service=orders message=OK
2025-12-20T19:07:15.559738 level=ERROR service=orders message=DB_TIMEOUT
2025-12-20T19:07:16.560400 level=INFO service=inventory message=OK
2025-12-20T19:07:17.564822 level=WARN service=payments message=OK
2025-12-20T19:07:18.568576 level=INFO service=inventory message=OK
2025-12-20T19:07:19.571335 level=WARN service=orders message=OK
2025-12-20T19:07:20.575535 level=INFO service=orders message=OK
2025-12-20T19:07:21.580310 level=INFO service=orders message=OK
2025-12-20T19:07:22.584152 level=ERROR service=orders message=CACHE_MISS
2025-12-20T19:07:23.589285 level=ERROR service=auth message=NULL_POINTER
2025-12-20T19:07:24.594420 level=ERROR service=inventory message=AUTH_FAILED
2025-12-20T19:07:25.598355 level=INFO service=payments message=OK
2025-12-20T19:07:26.600624 level=ERROR service=auth message=CACHE_MISS
2025-12-20T19:07:27.604261 level=DEBUG service=inventory message=OK
2025-12-20T19:07:28.608531 level=DEBUG service=orders message=OK
2025-12-20T19:07:29.613643 level=DEBUG service=payments message=OK
2025-12-20T19:07:30.618972 level=ERROR service=payments message=AUTH_FAILED
2025-12-20T19:07:31.622020 level=ERROR service=payments message=SERVICE_UNAVAILABLE
2025-12-20T19:07:32.623477 level=DEBUG service=orders message=OK
2025-12-20T19:07:33.628584 level=ERROR service=inventory message=AUTH_FAILED
2025-12-20T19:07:34.629906 level=DEBUG service=inventory message=OK
2025-12-20T19:07:35.633944 level=DEBUG service=orders message=OK
2025-12-20T19:07:36.637601 level=WARN service=auth message=OK
2025-12-20T19:07:37.638516 level=DEBUG service=payments message=OK
2025-12-20T19:07:38.643622 level=WARN service=auth message=OK
2025-12-20T19:07:39.648587 level=ERROR service=inventory message=NULL_POINTER
2025-12-20T19:07:40.653868 level=DEBUG service=payments message=OK
2025-12-20T19:07:41.658238 level=ERROR service=payments message=CACHE_MISS
2025-12-20T19:07:42.659654 level=WARN service=inventory message=OK
2025-12-20T19:07:43.660962 level=ERROR service=payments message=AUTH_FAILED
2025-12-20T19:07:44.666210 level=INFO service=payments message=OK
2025-12-20T19:07:45.668021 level=DEBUG service=auth message=OK
2025-12-20T19:07:46.668900 level=DEBUG service=auth message=OK
2025-12-20T19:07:47.673510 level=DEBUG service=auth message=OK
2025-12-20T19:07:48.678770 level=ERROR service=inventory message=SERVICE_UNAVAILABLE
2025-12-20T19:07:49.684067 level=ERROR service=payments message=SERVICE_UNAVAILABLE
2025-12-20T19:07:50.688998 level=ERROR service=payments message=SERVICE_UNAVAILABLE
2025-12-20T19:07:51.690694 level=INFO service=inventory message=OK
2025-12-20T19:07:52.697057 level=DEBUG service=inventory message=OK
2025-12-20T19:07:53.700258 level=INFO service=payments message=OK
2025-12-20T19:07:54.704218 level=ERROR service=inventory message=AUTH_FAILED
2025-12-20T19:07:55.705231 level=ERROR service=orders message=SERVICE_UNAVAILABLE
2025-12-20T19:07:56.709269 level=INFO service=auth message=OK
2025-12-20T19:07:57.710357 level=DEBUG service=auth message=OK
2025-12-20T19:07:58.715157 level=INFO service=inventory message=OK
2025-12-20T19:07:59.716104 level=ERROR service=payments message=SERVICE_UNAVAILABLE
2025-12-20T19:08:00.721293 level=DEBUG service=auth message=OK
2025-12-20T19:08:01.722061 level=DEBUG service=auth message=OK
2025-12-20T19:08:02.726089 level=WARN service=inventory message=OK
2025-12-20T19:08:03.731329 level=WARN service=auth message=OK
2025-12-20T19:08:04.732652 level=DEBUG service=auth message=OK
2025-12-20T19:08:05.735617 level=DEBUG service=auth message=OK
2025-12-20T19:08:06.739626 level=ERROR service=auth message=AUTH_FAILED
2025-12-20T19:08:07.740752 level=INFO service=orders message=OK
2025-12-20T19:08:08.746016 level=WARN service=payments message=OK
2025-12-20T19:08:09.750722 level=WARN service=inventory message=OK
2025-12-20T19:08:10.754382 level=INFO service=inventory message=OK
2025-12-20T19:08:11.760432 level=WARN service=payments message=OK
2025-12-20T19:08:12.764824 level=ERROR service=payments message=SERVICE_UNAVAILABLE
2025-12-20T19:08:13.767733 level=WARN service=payments message=OK
2025-12-20T19:08:14.771010 level=DEBUG service=auth message=OK
2025-12-20T19:08:15.776124 level=DEBUG service=auth message=OK
2025-12-20T19:08:16.779134 level=DEBUG service=payments message=OK
2025-12-20T19:08:17.783570 level=INFO service=inventory message=OK
2025-12-20T19:08:18.790507 level=ERROR service=auth message=NULL_POINTER
2025-12-20T19:08:19.795565 level=DEBUG service=inventory message=OK
2025-12-20T19:08:20.797079 level=ERROR service=auth message=CACHE_MISS
2025-12-20T19:08:21.802279 level=INFO service=inventory message=OK
2025-12-20T19:08:22.804929 level=ERROR service=payments message=SERVICE_UNAVAILABLE
2025-12-20T19:08:23.805997 level=INFO service=auth message=OK
2025-12-20T19:08:24.806887 level=INFO service=auth message=OK
2025-12-20T19:08:25.808471 level=ERROR service=orders message=CACHE_MISS
2025-12-20T19:08:26.813258 level=INFO service=inventory message=OK
2025-12-20T19:08:27.813671 level=INFO service=orders message=OK
2025-12-20T19:08:28.818797 level=DEBUG service=inventory message=OK
2025-12-20T19:08:29.822766 level=INFO service=orders message=OK
2025-12-20T19:08:30.827668 level=WARN service=inventory message=OK
2025-12-20T19:08:31.829387 level=WARN service=payments message=OK
2025-12-20T19:08:32.832818 level=ERROR service=payments message=DB_TIMEOUT
2025-12-20T19:08:33.834259 level=ERROR service=auth message=AUTH_FAILED
2025-12-20T19:08:34.834841 level=DEBUG service=inventory message=OK
2025-12-20T19:08:35.839225 level=DEBUG service=orders message=OK
2025-12-20T19:08:36.844240 level=ERROR service=payments message=CACHE_MISS
2025-12-20T19:08:37.849114 level=ERROR service=auth message=NULL_POINTER
2025-12-20T19:08:38.854085 level=INFO service=inventory message=OK
2025-12-20T19:08:39.855227 level=DEBUG service=orders message=OK
2025-12-20T19:08:40.858307 level=INFO service=auth message=OK
2025-12-20T19:08:41.858944 level=INFO service=inventory message=OK
2025-12-20T19:08:42.859903 level=DEBUG service=orders message=OK
2025-12-20T19:08:43.864905 level=ERROR service=inventory message=NULL_POINTER
2025-12-20T19:08:44.868525 level=DEBUG service=inventory message=OK
2025-12-20T19:08:45.872105 level=DEBUG service=inventory message=OK
2025-12-20T19:08:46.873852 level=ERROR service=orders message=AUTH_FAILED
2025-12-20T19:08:47.877670 level=ERROR service=payments message=CACHE_MISS
2025-12-20T19:08:48.880198 level=DEBUG service=orders message=OK
2025-12-20T19:08:49.884735 level=WARN service=inventory message=OK
2025-12-20T19:08:50.885434 level=WARN service=auth message=OK
2025-12-20T19:08:51.888589 level=INFO service=inventory message=OK
2025-12-20T19:08:52.890951 level=WARN service=payments message=OK
2025-12-20T19:08:53.893915 level=INFO service=inventory message=OK
2025-12-20T19:08:54.895575 level=DEBUG service=auth message=OK
2025-12-20T19:08:55.900675 level=ERROR service=inventory message=NULL_POINTER
2025-12-20T19:08:56.905523 level=INFO service=auth message=OK
2025-12-20T19:08:57.907281 level=DEBUG service=payments message=OK
2025-12-20T19:08:58.909977 level=INFO service=payments message=OK
2025-12-20T19:08:59.913034 level=ERROR service=orders message=DB_TIMEOUT
2025-12-20T19:09:00.913378 level=INFO service=orders message=OK
2025-12-20T19:09:01.917105 level=DEBUG service=inventory message=OK
2025-12-20T19:09:02.921581 level=INFO service=orders message=OK
2025-12-20T19:09:03.922563 level=DEBUG service=inventory message=OK
2025-12-20T19:09:04.924832 level=DEBUG service=inventory message=OK
2025-12-20T19:09:05.929193 level=DEBUG service=payments message=OK
2025-12-20T19:09:06.932037 level=WARN service=payments message=OK
2025-12-20T19:09:07.937153 level=WARN service=orders message=OK
2025-12-20T19:09:08.942873 level=WARN service=orders message=OK
2025-12-20T19:09:09.947150 level=WARN service=inventory message=OK
2025-12-20T19:09:10.951467 level=WARN service=orders message=OK
2025-12-20T19:09:11.955705 level=DEBUG service=inventory message=OK
2025-12-20T19:09:12.959805 level=INFO service=auth message=OK
2025-12-20T19:09:13.963259 level=ERROR service=orders message=DB_TIMEOUT
2025-12-20T19:09:14.967456 level=WARN service=auth message=OK
2025-12-20T19:09:15.972626 level=INFO service=auth message=OK
2025-12-20T19:09:16.975158 level=WARN service=payments message=OK
2025-12-20T19:09:17.979974 level=DEBUG service=payments message=OK
2025-12-20T19:09:18.985215 level=INFO service=inventory message=OK
2025-12-20T19:09:19.989764 level=ERROR service=inventory message=AUTH_FAILED
2025-12-20T19:09:20.995070 level=WARN service=payments message=OK
2025-12-20T19:09:21.999409 level=DEBUG service=inventory message=OK
2025-12-20T19:09:23.002831 level=DEBUG service=payments message=OK
2025-12-20T19:09:24.006978 level=ERROR service=inventory message=SERVICE_UNAVAILABLE
2025-12-20T19:09:25.008212 level=INFO service=payments message=OK
2025-12-20T19:09:26.008552 level=DEBUG service=inventory message=OK
2025-12-20T19:09:27.012736 level=DEBUG service=inventory message=OK
2025-12-20T19:09:28.014902 level=DEBUG service=payments message=OK
2025-12-20T19:09:29.020018 level=ERROR service=auth message=SERVICE_UNAVAILABLE
2025-12-20T19:09:30.023740 level=ERROR service=inventory message=NULL_POINTER
2025-12-20T19:09:31.024887 level=WARN service=inventory message=OK
2025-12-20T19:09:32.026938 level=INFO service=auth message=OK
2025-12-20T19:09:33.031293 level=ERROR service=auth message=AUTH_FAILED
2025-12-20T19:09:34.034395 level=WARN service=auth message=OK
2025-12-20T19:09:35.038988 level=ERROR service=inventory message=SERVICE_UNAVAILABLE
2025-12-20T19:09:36.043682 level=WARN service=payments message=OK
2025-12-20T19:09:37.048365 level=INFO service=payments message=OK
2025-12-20T19:09:38.050475 level=WARN service=auth message=OK
2025-12-20T19:09:39.052627 level=ERROR service=payments message=CACHE_MISS
2025-12-20T19:09:40.055414 level=INFO service=auth message=OK
2025-12-20T19:09:41.060544 level=INFO service=orders message=OK
2025-12-20T19:09:42.063441 level=INFO service=auth message=OK
2025-12-20T19:09:43.068667 level=INFO service=inventory message=OK
2025-12-20T19:09:44.071485 level=INFO service=auth message=OK
2025-12-20T19:09:45.075318 level=INFO service=inventory message=OK
2025-12-20T19:09:46.077163 level=WARN service=payments message=OK
2025-12-20T19:09:47.080680 level=INFO service=payments message=OK
2025-12-20T19:09:48.084660 level=ERROR service=inventory message=DB_TIMEOUT
2025-12-20T19:09:49.089522 level=WARN service=payments message=OK
2025-12-20T19:09:50.092437 level=INFO service=payments message=OK
2025-12-20T19:09:51.095492 level=ERROR service=inventory message=DB_TIMEOUT
2025-12-20T19:09:52.099708 level=INFO service=payments message=OK
2025-12-20T19:09:53.101281 level=ERROR service=auth message=NULL_POINTER
2025-12-20T19:09:54.106220 level=ERROR service=orders message=NULL_POINTER
2025-12-20T19:09:55.109051 level=DEBUG service=payments message=OK
2025-12-20T19:09:56.112213 level=WARN service=payments message=OK
2025-12-20T19:09:57.116229 level=INFO service=payments message=OK
2025-12-20T19:09:58.121522 level=ERROR service=auth message=DB_TIMEOUT
2025-12-20T19:09:59.125241 level=DEBUG service=orders message=OK
2025-12-20T19:10:00.130297 level=WARN service=orders message=OK
2025-12-20T19:10:01.131879 level=DEBUG service=orders message=OK
2025-12-20T19:10:02.133955 level=ERROR service=auth message=SERVICE_UNAVAILABLE
2025-12-20T19:10:03.138895 level=WARN service=payments message=OK
2025-12-20T19:10:04.142239 level=INFO service=inventory message=OK
2025-12-20T19:10:05.145422 level=DEBUG service=auth message=OK
2025-12-20T19:10:06.149723 level=ERROR service=auth message=NULL_POINTER
2025-12-20T19:10:07.151649 level=INFO service=payments message=OK
2025-12-20T19:10:08.153870 level=DEBUG service=payments message=OK
2025-12-20T19:10:09.156686 level=ERROR service=orders message=SERVICE_UNAVAILABLE
2025-12-20T19:10:10.160436 level=DEBUG service=orders message=OK
2025-12-20T19:10:11.162843 level=WARN service=inventory message=OK
2025-12-20T19:10:12.165642 level=WARN service=auth message=OK
2025-12-20T19:10:13.170593 level=WARN service=auth message=OK
2025-12-20T19:10:14.172861 level=INFO service=payments message=OK
2025-12-20T19:10:15.178133 level=ERROR service=auth message=DB_TIMEOUT
2025-12-20T19:10:16.179478 level=DEBUG service=orders message=OK
2025-12-20T19:10:17.180089 level=ERROR service=payments message=AUTH_FAILED
2025-12-20T19:10:18.185216 level=INFO service=auth message=OK
2025-12-20T19:10:19.190411 level=ERROR service=payments message=CACHE_MISS
2025-12-20T19:10:20.195562 level=ERROR service=inventory message=NULL_POINTER
2025-12-20T19:10:21.196368 level=DEBUG service=orders message=OK
2025-12-20T19:10:22.200117 level=INFO service=auth message=OK
2025-12-20T19:10:23.203509 level=WARN service=inventory message=OK
2025-12-20T19:10:24.207760 level=DEBUG service=inventory message=OK
2025-12-20T19:10:25.212997 level=DEBUG service=orders message=OK
2025-12-20T19:10:26.215447 level=ERROR service=payments message=NULL_POINTER
2025-12-20T19:10:27.220168 level=WARN service=inventory message=OK
2025-12-20T19:10:28.223671 level=DEBUG service=auth message=OK
2025-12-20T19:10:29.226309 level=ERROR service=orders message=AUTH_FAILED
2025-12-20T19:10:30.229822 level=DEBUG service=orders message=OK
2025-12-20T19:10:31.234357 level=INFO service=payments message=OK
2025-12-20T19:10:32.237841 level=INFO service=inventory message=OK
2025-12-20T19:10:33.242568 level=WARN service=payments message=OK
2025-12-20T19:10:34.246092 level=DEBUG service=payments message=OK
2025-12-20T19:10:35.249888 level=DEBUG service=payments message=OK
2025-12-20T19:10:36.254350 level=ERROR service=auth message=DB_TIMEOUT
2025-12-20T19:10:37.261613 level=ERROR service=auth message=AUTH_FAILED
2025-12-20T19:10:38.266788 level=WARN service=auth message=OK
2025-12-20T19:10:39.271101 level=INFO service=auth message=OK
2025-12-20T19:10:40.272619 level=ERROR service=orders message=AUTH_FAILED
2025-12-20T19:10:41.275754 level=ERROR service=orders message=AUTH_FAILED
2025-12-20T19:10:42.279434 level=ERROR service=orders message=DB_TIMEOUT
2025-12-20T19:10:43.283873 level=DEBUG service=payments message=OK
2025-12-20T19:10:44.289239 level=WARN service=inventory message=OK
2025-12-20T19:10:45.291441 level=DEBUG service=orders message=OK
2025-12-20T19:10:46.295058 level=INFO service=orders message=OK
2025-12-20T19:10:47.298701 level=WARN service=orders message=OK
2025-12-20T19:10:48.301409 level=DEBUG service=inventory message=OK
2025-12-20T19:10:49.304422 level=WARN service=payments message=OK
2025-12-20T19:10:50.308112 level=DEBUG service=payments message=OK
2025-12-20T19:10:51.312801 level=INFO service=auth message=OK
2025-12-20T19:10:52.318078 level=ERROR service=inventory message=NULL_POINTER
2025-12-20T19:10:53.323445 level=ERROR service=inventory message=DB_TIMEOUT
2025-12-20T19:10:54.328075 level=INFO service=inventory message=OK
2025-12-20T19:10:55.328899 level=WARN service=inventory message=OK
2025-12-20T19:10:56.331705 level=ERROR service=inventory message=CACHE_MISS
2025-12-20T19:10:57.335342 level=INFO service=payments message=OK
2025-12-20T19:10:58.339194 level=WARN service=payments message=OK
2025-12-20T19:10:59.344560 level=ERROR service=orders message=DB_TIMEOUT
2025-12-20T19:11:00.349763 level=INFO service=inventory message=OK
2025-12-20T19:11:01.353761 level=DEBUG service=payments message=OK
2025-12-20T19:11:02.356399 level=WARN service=orders message=OK
2025-12-20T19:11:03.360213 level=INFO service=payments message=OK
2025-12-20T19:11:04.362797 level=WARN service=inventory message=OK
2025-12-20T19:11:05.367494 level=WARN service=auth message=OK
2025-12-20T19:11:06.371118 level=ERROR service=orders message=DB_TIMEOUT
2025-12-20T19:11:07.371854 level=DEBUG service=inventory message=OK
2025-12-20T19:11:08.375807 level=WARN service=orders message=OK
2025-12-20T19:11:09.381337 level=DEBUG service=orders message=OK
2025-12-20T19:11:10.383418 level=INFO service=inventory message=OK
2025-12-20T19:11:11.387815 level=WARN service=auth message=OK
2025-12-20T19:11:12.390991 level=INFO service=auth message=OK
2025-12-20T19:11:13.392605 level=ERROR service=payments message=SERVICE_UNAVAILABLE
2025-12-20T19:11:14.395950 level=DEBUG service=auth message=OK
2025-12-20T19:11:15.399779 level=INFO service=auth message=OK
2025-12-20T19:11:16.400802 level=DEBUG service=payments message=OK
2025-12-20T19:11:17.405909 level=ERROR service=orders message=NULL_POINTER
2025-12-20T19:11:18.406322 level=DEBUG service=payments message=OK
2025-12-20T19:11:19.407975 level=WARN service=auth message=OK
2025-12-20T19:11:20.410134 level=DEBUG service=payments message=OK
2025-12-20T19:11:21.412809 level=INFO service=auth message=OK
2025-12-20T19:11:22.416513 level=INFO service=orders message=OK
2025-12-20T19:11:23.420657 level=ERROR service=payments message=AUTH_FAILED
2025-12-20T19:11:24.425369 level=WARN service=inventory message=OK
2025-12-20T19:11:25.430346 level=DEBUG service=orders message=OK
2025-12-20T19:11:26.435119 level=ERROR service=orders message=DB_TIMEOUT
2025-12-20T19:11:27.435944 level=WARN service=inventory message=OK
2025-12-20T19:11:28.441090 level=ERROR service=inventory message=NULL_POINTER
2025-12-20T19:11:29.444007 level=WARN service=orders message=OK
2025-12-20T19:11:30.448033 level=INFO service=orders message=OK
2025-12-20T19:11:31.451337 level=WARN service=payments message=OK
2025-12-20T19:11:32.453522 level=WARN service=payments message=OK
2025-12-20T19:11:33.455698 level=ERROR service=auth message=NULL_POINTER
2025-12-20T19:11:34.460729 level=DEBUG service=payments message=OK
2025-12-20T19:11:35.464145 level=ERROR service=payments message=AUTH_FAILED
2025-12-20T19:11:36.468891 level=DEBUG service=orders message=OK
2025-12-20T19:11:37.474048 level=INFO service=orders message=OK
2025-12-20T19:11:38.475520 level=WARN service=payments message=OK
2025-12-20T19:11:39.476311 level=DEBUG service=orders message=OK
2025-12-20T19:11:40.479524 level=WARN service=payments message=OK
2025-12-20T19:11:41.484874 level=INFO service=auth message=OK
2025-12-20T19:11:42.485712 level=ERROR service=orders message=SERVICE_UNAVAILABLE
2025-12-20T19:11:43.490838 level=WARN service=auth message=OK
2025-12-20T19:11:44.492154 level=DEBUG service=inventory message=OK
2025-12-20T19:11:45.493476 level=WARN service=auth message=OK
2025-12-20T19:11:46.496659 level=ERROR service=auth message=CACHE_MISS
2025-12-20T19:11:47.498209 level=INFO service=auth message=OK
2025-12-20T19:11:48.503349 level=ERROR service=payments message=NULL_POINTER
2025-12-20T19:11:49.505322 level=DEBUG service=auth message=OK
2025-12-20T19:11:50.508184 level=WARN service=inventory message=OK
2025-12-20T19:11:51.512842 level=DEBUG service=inventory message=OK
2025-12-20T19:11:52.516523 level=DEBUG service=payments message=OK
2025-12-20T19:11:53.518721 level=INFO service=orders message=OK
2025-12-20T19:11:54.522497 level=DEBUG service=payments message=OK
2025-12-20T19:11:55.525846 level=ERROR service=payments message=CACHE_MISS
2025-12-20T19:11:56.528989 level=DEBUG service=inventory message=OK
2025-12-20T19:11:57.534234 level=ERROR service=orders message=SERVICE_UNAVAILABLE
2025-12-20T19:11:58.539541 level=INFO service=auth message=OK
2025-12-20T19:11:59.543880 level=DEBUG service=payments message=OK
2025-12-20T19:12:00.545860 level=WARN service=auth message=OK
2025-12-20T19:12:01.550593 level=ERROR service=auth message=AUTH_FAILED
2025-12-20T19:12:02.554421 level=INFO service=payments message=OK
2025-12-20T19:12:03.559160 level=DEBUG service=auth message=OK
2025-12-20T19:12:04.564025 level=WARN service=payments message=OK
2025-12-20T19:12:05.564422 level=WARN service=payments message=OK
2025-12-20T19:12:06.569399 level=WARN service=payments message=OK
2025-12-20T19:12:07.573996 level=INFO service=auth message=OK
2025-12-20T19:12:08.578509 level=WARN service=inventory message=OK
2025-12-20T19:12:09.582258 level=WARN service=auth message=OK
2025-12-20T19:12:10.584547 level=DEBUG service=orders message=OK
2025-12-20T19:12:11.587668 level=INFO service=orders message=OK
2025-12-20T19:12:12.592473 level=INFO service=orders message=OK
2025-12-20T19:12:13.596231 level=ERROR service=auth message=DB_TIMEOUT
2025-12-20T19:12:14.601463 level=DEBUG service=auth message=OK
2025-12-20T19:12:15.602699 level=ERROR service=orders message=AUTH_FAILED
2025-12-20T19:12:16.608187 level=ERROR service=orders message=SERVICE_UNAVAILABLE
2025-12-20T19:12:17.613366 level=INFO service=inventory message=OK
2025-12-20T19:12:18.613718 level=DEBUG service=orders message=OK
2025-12-20T19:12:19.618833 level=ERROR service=payments message=SERVICE_UNAVAILABLE
2025-12-20T19:12:20.623226 level=ERROR service=orders message=SERVICE_UNAVAILABLE
2025-12-20T19:12:21.628445 level=DEBUG service=orders message=OK
2025-12-20T19:12:22.633602 level=DEBUG service=orders message=OK
2025-12-20T19:12:23.638710 level=WARN service=payments message=OK
2025-12-20T19:12:24.643996 level=WARN service=orders message=OK
2025-12-20T19:12:25.646771 level=ERROR service=payments message=CACHE_MISS
2025-12-20T19:12:26.647936 level=INFO service=auth message=OK
2025-12-20T19:12:27.650409 level=DEBUG service=payments message=OK
2025-12-20T19:12:28.654132 level=DEBUG service=auth message=OK
2025-12-20T19:12:29.658374 level=INFO service=orders message=OK
2025-12-20T19:12:30.663524 level=ERROR service=inventory message=CACHE_MISS
2025-12-20T19:12:31.669155 level=WARN service=inventory message=OK
2025-12-20T19:12:32.671237 level=DEBUG service=auth message=OK
2025-12-20T19:12:33.674858 level=DEBUG service=inventory message=OK
2025-12-20T19:12:34.679516 level=DEBUG service=inventory message=OK
2025-12-20T19:12:35.683279 level=ERROR service=auth message=CACHE_MISS
2025-12-20T19:12:36.684768 level=WARN service=inventory message=OK
2025-12-20T19:12:37.688845 level=INFO service=auth message=OK
2025-12-20T19:12:38.693749 level=INFO service=orders message=OK
2025-12-20T19:12:39.698835 level=DEBUG service=auth message=OK
2025-12-20T19:12:40.704133 level=ERROR service=orders message=DB_TIMEOUT
2025-12-20T19:12:41.709033 level=ERROR service=payments message=AUTH_FAILED
2025-12-20T19:12:42.710743 level=DEBUG service=auth message=OK
2025-12-20T19:12:43.714848 level=DEBUG service=inventory message=OK
2025-12-20T19:12:44.716651 level=INFO service=payments message=OK
2025-12-20T19:12:45.719841 level=DEBUG service=orders message=OK
2025-12-20T19:12:46.725000 level=INFO service=payments message=OK
2025-12-20T19:12:47.726658 level=ERROR service=payments message=CACHE_MISS
2025-12-20T19:12:48.730525 level=WARN service=auth message=OK
2025-12-20T19:12:49.734011 level=DEBUG service=orders message=OK
2025-12-20T19:12:50.737786 level=WARN service=payments message=OK
2025-12-20T19:12:51.742458 level=WARN service=payments message=OK
2025-12-20T19:12:52.747703 level=ERROR service=inventory message=AUTH_FAILED
2025-12-20T19:12:53.749947 level=WARN service=inventory message=OK
2025-12-20T19:12:54.751134 level=INFO service=auth message=OK
2025-12-20T19:12:55.756085 level=INFO service=auth message=OK
2025-12-20T19:12:56.756471 level=ERROR service=orders message=CACHE_MISS
2025-12-20T19:12:57.760593 level=WARN service=orders message=OK
2025-12-20T19:12:58.765761 level=INFO service=orders message=OK
2025-12-20T19:12:59.769006 level=INFO service=orders message=OK
2025-12-20T19:13:00.771163 level=INFO service=inventory message=OK
2025-12-20T19:13:01.775525 level=ERROR service=orders message=DB_TIMEOUT
2025-12-20T19:13:02.780278 level=ERROR service=auth message=AUTH_FAILED
2025-12-20T19:13:03.782721 level=ERROR service=payments message=AUTH_FAILED
2025-12-20T19:13:04.785421 level=DEBUG service=payments message=OK
2025-12-20T19:13:05.790663 level=WARN service=auth message=OK
2025-12-20T19:13:06.790960 level=WARN service=orders message=OK
2025-12-20T19:13:07.796750 level=DEBUG service=auth message=OK
2025-12-20T19:13:08.798927 level=INFO service=payments message=OK
2025-12-20T19:13:09.803234 level=DEBUG service=auth message=OK
2025-12-20T19:13:10.805785 level=ERROR service=payments message=CACHE_MISS
2025-12-20T19:13:11.808953 level=WARN service=inventory message=OK
2025-12-20T19:13:12.811921 level=WARN service=orders message=OK
2025-12-20T19:13:13.816064 level=DEBUG service=auth message=OK
2025-12-20T19:13:14.821314 level=INFO service=orders message=OK
2025-12-20T19:13:15.825340 level=INFO service=orders message=OK
2025-12-20T19:13:16.828948 level=DEBUG service=payments message=OK
2025-12-20T19:13:17.833265 level=WARN service=payments message=OK
2025-12-20T19:13:18.834130 level=WARN service=orders message=OK
2025-12-20T19:13:19.836095 level=WARN service=orders message=OK
2025-12-20T19:13:20.838312 level=ERROR service=inventory message=SERVICE_UNAVAILABLE
2025-12-20T19:13:21.841647 level=ERROR service=inventory message=SERVICE_UNAVAILABLE
2025-12-20T19:13:22.846294 level=DEBUG service=auth message=OK
2025-12-20T19:13:23.849847 level=DEBUG service=inventory message=OK
2025-12-20T19:13:24.854657 level=WARN service=inventory message=OK
2025-12-20T19:13:25.859651 level=WARN service=payments message=OK
2025-12-20T19:13:26.861136 level=INFO service=orders message=OK
2025-12-20T19:13:27.862966 level=DEBUG service=orders message=OK
2025-12-20T19:13:28.867058 level=ERROR service=orders message=SERVICE_UNAVAILABLE
2025-12-20T19:13:29.871268 level=DEBUG service=inventory message=OK
2025-12-20T19:13:30.871603 level=ERROR service=orders message=NULL_POINTER
2025-12-20T19:13:31.872569 level=DEBUG service=auth message=OK
2025-12-20T19:13:32.874960 level=WARN service=payments message=OK
2025-12-20T19:13:33.879071 level=DEBUG service=inventory message=OK
2025-12-20T19:13:34.884248 level=ERROR service=payments message=AUTH_FAILED
2025-12-20T19:13:35.888894 level=WARN service=inventory message=OK
2025-12-20T19:13:36.891907 level=DEBUG service=inventory message=OK
2025-12-20T19:13:37.897553 level=ERROR service=auth message=AUTH_FAILED
2025-12-20T19:13:38.900010 level=INFO service=payments message=OK
2025-12-20T19:13:39.904645 level=WARN service=payments message=OK
2025-12-20T19:13:40.909418 level=DEBUG service=auth message=OK
2025-12-20T19:13:41.911038 level=WARN service=orders message=OK
2025-12-20T19:13:42.916282 level=WARN service=auth message=OK
2025-12-20T19:13:43.919578 level=DEBUG service=auth message=OK
2025-12-20T19:13:44.923449 level=DEBUG service=auth message=OK
2025-12-20T19:13:45.925936 level=WARN service=inventory message=OK
2025-12-20T19:13:46.929693 level=WARN service=payments message=OK
2025-12-20T19:13:47.931066 level=INFO service=auth message=OK
2025-12-20T19:13:48.933466 level=ERROR service=payments message=AUTH_FAILED
2025-12-20T19:13:49.936205 level=WARN service=auth message=OK
2025-12-20T19:13:50.937997 level=DEBUG service=auth message=OK
2025-12-20T19:13:51.943113 level=INFO service=inventory message=OK
2025-12-20T19:13:52.947242 level=ERROR service=auth message=DB_TIMEOUT
2025-12-20T19:13:53.950089 level=ERROR service=auth message=DB_TIMEOUT
2025-12-20T19:13:54.954668 level=INFO service=auth message=OK
2025-12-20T19:13:55.959251 level=WARN service=payments message=OK
2025-12-20T19:13:56.962488 level=INFO service=auth message=OK
2025-12-20T19:13:57.967965 level=DEBUG service=auth message=OK
2025-12-20T19:13:58.973172 level=DEBUG service=payments message=OK
2025-12-20T19:13:59.975549 level=DEBUG service=inventory message=OK
2025-12-20T19:14:00.977251 level=ERROR service=auth message=SERVICE_UNAVAILABLE
2025-12-20T19:14:01.979671 level=ERROR service=orders message=NULL_POINTER
2025-12-20T19:14:02.982764 level=ERROR service=auth message=CACHE_MISS
2025-12-20T19:14:03.985283 level=INFO service=inventory message=OK
2025-12-20T19:14:04.990752 level=WARN service=auth message=OK
2025-12-20T19:14:05.995837 level=WARN service=inventory message=OK
2025-12-20T19:14:06.996142 level=DEBUG service=orders message=OK
2025-12-20T19:14:08.001013 level=WARN service=payments message=OK
2025-12-20T19:14:09.003766 level=INFO service=inventory message=OK
2025-12-20T19:14:10.009341 level=WARN service=orders message=OK
2025-12-20T19:14:11.012874 level=INFO service=auth message=OK
2025-12-20T19:14:12.014158 level=ERROR service=inventory message=DB_TIMEOUT
2025-12-20T19:14:13.014456 level=WARN service=orders message=OK
2025-12-20T19:14:14.015623 level=ERROR service=payments message=NULL_POINTER
2025-12-20T19:14:15.017745 level=ERROR service=payments message=CACHE_MISS
2025-12-20T19:14:16.019618 level=ERROR service=orders message=NULL_POINTER
2025-12-20T19:14:17.024731 level=INFO service=payments message=OK
2025-12-20T19:14:18.027517 level=WARN service=auth message=OK
2025-12-20T19:14:19.030702 level=INFO service=auth message=OK
2025-12-20T19:14:20.035660 level=WARN service=inventory message=OK
2025-12-20T19:14:21.041150 level=ERROR service=auth message=NULL_POINTER
2025-12-20T19:14:22.046293 level=DEBUG service=inventory message=OK
2025-12-20T19:14:23.050520 level=WARN service=inventory message=OK
2025-12-20T19:14:24.052649 level=INFO service=payments message=OK
2025-12-20T19:14:25.054231 level=DEBUG service=payments message=OK
2025-12-20T19:14:26.057555 level=WARN service=auth message=OK
2025-12-20T19:14:27.062242 level=WARN service=inventory message=OK
2025-12-20T19:14:28.066758 level=DEBUG service=auth message=OK
2025-12-20T19:14:29.068469 level=DEBUG service=inventory message=OK
2025-12-20T19:14:30.070732 level=INFO service=inventory message=OK
2025-12-20T19:14:31.073954 level=INFO service=inventory message=OK
2025-12-20T19:14:32.079086 level=ERROR service=payments message=DB_TIMEOUT
2025-12-20T19:14:33.079712 level=DEBUG service=payments message=OK
2025-12-20T19:14:34.080898 level=ERROR service=inventory message=DB_TIMEOUT
2025-12-20T19:14:35.086046 level=WARN service=orders message=OK
2025-12-20T19:14:36.088034 level=DEBUG service=payments message=OK
2025-12-20T19:14:37.092604 level=DEBUG service=payments message=OK
2025-12-20T19:14:38.097774 level=DEBUG service=payments message=OK
2025-12-20T19:14:39.102917 level=DEBUG service=payments message=OK
2025-12-20T19:14:40.107747 level=ERROR service=payments message=DB_TIMEOUT
2025-12-20T19:14:41.108163 level=WARN service=orders message=OK
2025-12-20T19:14:42.108970 level=INFO service=auth message=OK
2025-12-20T19:14:43.111925 level=INFO service=orders message=OK
2025-12-20T19:14:44.112047 level=ERROR service=auth message=DB_TIMEOUT
2025-12-20T19:14:45.117200 level=WARN service=inventory message=OK
2025-12-20T19:14:46.122452 level=INFO service=auth message=OK
2025-12-20T19:14:47.126490 level=WARN service=payments message=OK
2025-12-20T19:14:48.131672 level=ERROR service=payments message=AUTH_FAILED
2025-12-20T19:14:49.134000 level=DEBUG service=inventory message=OK
2025-12-20T19:14:50.139203 level=INFO service=auth message=OK
2025-12-20T19:14:51.141745 level=ERROR service=inventory message=DB_TIMEOUT
2025-12-20T19:14:52.145899 level=ERROR service=orders message=SERVICE_UNAVAILABLE
2025-12-20T19:14:53.148322 level=WARN service=inventory message=OK
2025-12-20T19:14:54.153464 level=ERROR service=auth message=CACHE_MISS
2025-12-20T19:14:55.153904 level=WARN service=inventory message=OK
2025-12-20T19:14:56.156608 level=DEBUG service=auth message=OK
2025-12-20T19:14:57.158100 level=DEBUG service=orders message=OK
2025-12-20T19:14:58.160787 level=ERROR service=payments message=CACHE_MISS
2025-12-20T19:14:59.166584 level=WARN service=orders message=OK
2025-12-20T19:15:00.170877 level=WARN service=payments message=OK
2025-12-20T19:15:01.172521 level=INFO service=orders message=OK
2025-12-20T19:15:02.173590 level=INFO service=auth message=OK
2025-12-20T19:15:03.178738 level=DEBUG service=orders message=OK
2025-12-20T19:15:04.182155 level=ERROR service=orders message=CACHE_MISS
2025-12-20T19:15:05.188340 level=INFO service=orders message=OK
2025-12-20T19:15:06.192881 level=ERROR service=payments message=SERVICE_UNAVAILABLE
2025-12-20T19:15:07.197994 level=WARN service=inventory message=OK
2025-12-20T19:15:08.203172 level=WARN service=payments message=OK
2025-12-20T19:15:09.208331 level=DEBUG service=orders message=OK
2025-12-20T19:15:10.212941 level=INFO service=payments message=OK
2025-12-20T19:15:11.214619 level=ERROR service=orders message=SERVICE_UNAVAILABLE
2025-12-20T19:15:12.219077 level=INFO service=auth message=OK
2025-12-20T19:15:13.219527 level=ERROR service=inventory message=CACHE_MISS
2025-12-20T19:15:14.220879 level=ERROR service=payments message=NULL_POINTER
2025-12-20T19:15:15.225856 level=WARN service=orders message=OK
2025-12-20T19:15:16.231006 level=INFO service=auth message=OK
2025-12-20T19:15:17.234720 level=WARN service=payments message=OK
2025-12-20T19:15:18.239806 level=DEBUG service=payments message=OK
2025-12-20T19:15:19.244890 level=INFO service=payments message=OK
2025-12-20T19:15:20.249978 level=DEBUG service=orders message=OK
2025-12-20T19:15:21.250694 level=WARN service=inventory message=OK
2025-12-20T19:15:22.255164 level=ERROR service=payments message=AUTH_FAILED
2025-12-20T19:15:23.255956 level=ERROR service=payments message=SERVICE_UNAVAILABLE
2025-12-20T19:15:24.256739 level=INFO service=orders message=OK
2025-12-20T19:15:25.258825 level=INFO service=orders message=OK
2025-12-20T19:15:26.263529 level=INFO service=payments message=OK
2025-12-20T19:15:27.267005 level=DEBUG service=payments message=OK
2025-12-20T19:15:28.271844 level=INFO service=orders message=OK
2025-12-20T19:15:29.276967 level=WARN service=payments message=OK
2025-12-20T19:15:30.282062 level=ERROR service=orders message=CACHE_MISS
2025-12-20T19:15:31.285144 level=ERROR service=inventory message=DB_TIMEOUT
2025-12-20T19:15:32.289776 level=INFO service=orders message=OK
2025-12-20T19:15:33.292948 level=WARN service=orders message=OK
2025-12-20T19:15:34.293600 level=DEBUG service=payments message=OK
2025-12-20T19:15:35.298931 level=ERROR service=payments message=DB_TIMEOUT
2025-12-20T19:15:36.304243 level=INFO service=payments message=OK
2025-12-20T19:15:37.309527 level=ERROR service=payments message=AUTH_FAILED
2025-12-20T19:15:38.314814 level=WARN service=auth message=OK
2025-12-20T19:15:39.319931 level=ERROR service=inventory message=CACHE_MISS
2025-12-20T19:15:40.325185 level=WARN service=orders message=OK
2025-12-20T19:15:41.330489 level=DEBUG service=payments message=OK
2025-12-20T19:15:42.331376 level=DEBUG service=inventory message=OK
2025-12-20T19:15:43.335129 level=INFO service=inventory message=OK
2025-12-20T19:15:44.339019 level=ERROR service=orders message=NULL_POINTER
2025-12-20T19:15:45.343085 level=INFO service=orders message=OK
2025-12-20T19:15:46.344987 level=ERROR service=auth message=SERVICE_UNAVAILABLE
2025-12-20T19:15:47.346875 level=DEBUG service=auth message=OK
2025-12-20T19:15:48.349885 level=WARN service=orders message=OK
2025-12-20T19:15:49.354431 level=DEBUG service=payments message=OK
2025-12-20T19:15:50.355983 level=INFO service=payments message=OK
2025-12-20T19:15:51.358139 level=ERROR service=payments message=SERVICE_UNAVAILABLE
2025-12-20T19:15:52.359647 level=INFO service=auth message=OK
2025-12-20T19:15:53.365023 level=ERROR service=auth message=SERVICE_UNAVAILABLE
2025-12-20T19:15:54.368644 level=DEBUG service=payments message=OK
2025-12-20T19:15:55.369668 level=INFO service=payments message=OK
2025-12-20T19:15:56.373920 level=INFO service=auth message=OK
2025-12-20T19:15:57.380829 level=ERROR service=orders message=DB_TIMEOUT
2025-12-20T19:15:58.382065 level=INFO service=auth message=OK
2025-12-20T19:15:59.385671 level=DEBUG service=auth message=OK
2025-12-20T19:16:00.388692 level=ERROR service=payments message=AUTH_FAILED
2025-12-20T19:16:01.394017 level=WARN service=auth message=OK
2025-12-20T19:16:02.398412 level=WARN service=inventory message=OK
2025-12-20T19:16:03.404015 level=DEBUG service=inventory message=OK
2025-12-20T19:16:04.408623 level=WARN service=payments message=OK
2025-12-20T19:16:05.414016 level=WARN service=payments message=OK
2025-12-20T19:16:06.415317 level=DEBUG service=inventory message=OK
2025-12-20T19:16:07.415733 level=DEBUG service=inventory message=OK
2025-12-20T19:16:08.417341 level=WARN service=auth message=OK
2025-12-20T19:16:09.417769 level=INFO service=payments message=OK
2025-12-20T19:16:10.421534 level=INFO service=orders message=OK
2025-12-20T19:16:11.426895 level=DEBUG service=auth message=OK
2025-12-20T19:16:12.430763 level=INFO service=inventory message=OK
2025-12-20T19:16:13.432975 level=ERROR service=payments message=SERVICE_UNAVAILABLE
2025-12-20T19:16:14.437659 level=ERROR service=orders message=DB_TIMEOUT
2025-12-20T19:16:15.441983 level=WARN service=payments message=OK
2025-12-20T19:16:16.448281 level=INFO service=orders message=OK
2025-12-20T19:16:17.451058 level=ERROR service=inventory message=DB_TIMEOUT
2025-12-20T19:16:18.451511 level=WARN service=payments message=OK
2025-12-20T19:16:19.453931 level=INFO service=inventory message=OK
2025-12-20T19:16:20.455402 level=INFO service=auth message=OK
2025-12-20T19:16:21.460740 level=ERROR service=auth message=CACHE_MISS
2025-12-20T19:16:22.461751 level=INFO service=payments message=OK
2025-12-20T19:16:23.463670 level=DEBUG service=orders message=OK
2025-12-20T19:16:24.468414 level=DEBUG service=orders message=OK
2025-12-20T19:16:25.471477 level=DEBUG service=inventory message=OK
2025-12-20T19:16:26.473782 level=WARN service=auth message=OK
2025-12-20T19:16:27.477180 level=INFO service=orders message=OK
2025-12-20T19:16:28.482246 level=INFO service=auth message=OK
2025-12-20T19:16:29.487454 level=INFO service=auth message=OK
2025-12-20T19:16:30.492217 level=WARN service=inventory message=OK
2025-12-20T19:16:31.495575 level=DEBUG service=auth message=OK
2025-12-20T19:16:32.498817 level=ERROR service=inventory message=CACHE_MISS
2025-12-20T19:16:33.502118 level=DEBUG service=inventory message=OK
2025-12-20T19:16:34.504385 level=INFO service=payments message=OK
2025-12-20T19:16:35.510102 level=INFO service=auth message=OK
2025-12-20T19:16:36.515172 level=WARN service=auth message=OK
2025-12-20T19:16:37.519356 level=INFO service=auth message=OK
2025-12-20T19:16:38.521495 level=INFO service=inventory message=OK
2025-12-20T19:16:39.525178 level=WARN service=payments message=OK
2025-12-20T19:16:40.530256 level=WARN service=orders message=OK
2025-12-20T19:16:41.535140 level=INFO service=inventory message=OK
2025-12-20T19:16:42.539846 level=WARN service=orders message=OK
2025-12-20T19:16:43.544833 level=INFO service=auth message=OK
2025-12-20T19:16:44.549906 level=WARN service=auth message=OK
2025-12-20T19:16:45.550623 level=ERROR service=payments message=CACHE_MISS
2025-12-20T19:16:46.554854 level=DEBUG service=orders message=OK
2025-12-20T19:16:47.556078 level=INFO service=orders message=OK
2025-12-20T19:16:48.559112 level=INFO service=orders message=OK
2025-12-20T19:16:49.560678 level=ERROR service=orders message=SERVICE_UNAVAILABLE
2025-12-20T19:16:50.565858 level=WARN service=inventory message=OK
2025-12-20T19:16:51.570950 level=DEBUG service=inventory message=OK
2025-12-20T19:16:52.576159 level=ERROR service=auth message=AUTH_FAILED
2025-12-20T19:16:53.581253 level=WARN service=orders message=OK
2025-12-20T19:16:54.584434 level=ERROR service=orders message=AUTH_FAILED
2025-12-20T19:16:55.588467 level=ERROR service=orders message=DB_TIMEOUT
2025-12-20T19:16:56.591090 level=INFO service=orders message=OK
2025-12-20T19:16:57.596052 level=WARN service=orders message=OK
2025-12-20T19:16:58.599025 level=INFO service=payments message=OK
2025-12-20T19:16:59.603435 level=INFO service=payments message=OK
2025-12-20T19:17:00.608480 level=DEBUG service=payments message=OK
2025-12-20T19:17:01.609570 level=DEBUG service=auth message=OK
2025-12-20T19:17:02.613672 level=INFO service=auth message=OK
2025-12-20T19:17:03.618914 level=WARN service=auth message=OK
2025-12-20T19:17:04.622597 level=WARN service=payments message=OK
2025-12-20T19:17:05.625785 level=WARN service=inventory message=OK
2025-12-20T19:17:06.627809 level=ERROR service=orders message=AUTH_FAILED
2025-12-20T19:17:07.628478 level=INFO service=auth message=OK
2025-12-20T19:17:08.630062 level=WARN service=auth message=OK
2025-12-20T19:17:09.635225 level=WARN service=orders message=OK
2025-12-20T19:17:10.637927 level=INFO service=auth message=OK
2025-12-20T19:17:11.642696 level=WARN service=auth message=OK
2025-12-20T19:17:12.644959 level=ERROR service=orders message=AUTH_FAILED
2025-12-20T19:17:13.649476 level=INFO service=payments message=OK
2025-12-20T19:17:14.654486 level=INFO service=payments message=OK
2025-12-20T19:17:15.656045 level=WARN service=inventory message=OK
2025-12-20T19:17:16.660194 level=DEBUG service=auth message=OK
2025-12-20T19:17:17.662214 level=ERROR service=inventory message=AUTH_FAILED
2025-12-20T19:17:18.666762 level=ERROR service=inventory message=AUTH_FAILED
2025-12-20T19:17:19.670099 level=WARN service=payments message=OK
2025-12-20T19:17:20.675260 level=WARN service=inventory message=OK
2025-12-20T19:17:21.680283 level=ERROR service=orders message=DB_TIMEOUT
2025-12-20T19:17:22.685233 level=ERROR service=auth message=SERVICE_UNAVAILABLE
2025-12-20T19:17:23.688224 level=ERROR service=payments message=AUTH_FAILED
2025-12-20T19:17:24.693532 level=WARN service=inventory message=OK
2025-12-20T19:17:25.698707 level=DEBUG service=inventory message=OK
2025-12-20T19:17:26.703375 level=INFO service=payments message=OK
2025-12-20T19:17:27.704627 level=ERROR service=orders message=CACHE_MISS
2025-12-20T19:17:28.709800 level=ERROR service=auth message=DB_TIMEOUT
2025-12-20T19:17:29.712865 level=INFO service=orders message=OK
2025-12-20T19:17:30.718009 level=WARN service=auth message=OK
2025-12-20T19:17:31.723202 level=ERROR service=payments message=SERVICE_UNAVAILABLE
2025-12-20T19:17:32.726996 level=WARN service=payments message=OK
2025-12-20T19:17:33.729205 level=INFO service=auth message=OK
2025-12-20T19:17:34.733981 level=DEBUG service=orders message=OK
2025-12-20T19:17:35.735285 level=WARN service=orders message=OK
2025-12-20T19:17:36.738603 level=ERROR service=payments message=CACHE_MISS
2025-12-20T19:17:37.742429 level=DEBUG service=payments message=OK
2025-12-20T19:17:38.746091 level=INFO service=inventory message=OK
2025-12-20T19:17:39.749237 level=ERROR service=auth message=DB_TIMEOUT
2025-12-20T19:17:40.750752 level=INFO service=orders message=OK
2025-12-20T19:17:41.755891 level=DEBUG service=auth message=OK
2025-12-20T19:17:42.760416 level=WARN service=orders message=OK
2025-12-20T19:17:43.765575 level=DEBUG service=payments message=OK
2025-12-20T19:17:44.770738 level=ERROR service=auth message=NULL_POINTER
2025-12-20T19:17:45.775853 level=DEBUG service=inventory message=OK
2025-12-20T19:17:46.776391 level=DEBUG service=payments message=OK
2025-12-20T19:17:47.779457 level=WARN service=orders message=OK
2025-12-20T19:17:48.781108 level=DEBUG service=orders message=OK
2025-12-20T19:17:49.786203 level=INFO service=auth message=OK
2025-12-20T19:17:50.788417 level=WARN service=orders message=OK
2025-12-20T19:17:51.791047 level=ERROR service=inventory message=DB_TIMEOUT
2025-12-20T19:17:52.793129 level=ERROR service=auth message=AUTH_FAILED
2025-12-20T19:17:53.795170 level=WARN service=auth message=OK
2025-12-20T19:17:54.800269 level=ERROR service=auth message=AUTH_FAILED
2025-12-20T19:17:55.804529 level=DEBUG service=auth message=OK
2025-12-20T19:17:56.807503 level=DEBUG service=payments message=OK
2025-12-20T19:17:57.812878 level=ERROR service=auth message=NULL_POINTER
2025-12-20T19:17:58.818131 level=ERROR service=orders message=SERVICE_UNAVAILABLE
2025-12-20T19:17:59.819673 level=DEBUG service=auth message=OK
2025-12-20T19:18:00.820726 level=DEBUG service=auth message=OK
2025-12-20T19:18:01.822950 level=WARN service=payments message=OK
2025-12-20T19:18:02.826112 level=ERROR service=inventory message=NULL_POINTER
2025-12-20T19:18:03.830163 level=INFO service=payments message=OK
2025-12-20T19:18:04.835430 level=DEBUG service=orders message=OK
2025-12-20T19:18:05.839738 level=ERROR service=payments message=SERVICE_UNAVAILABLE
2025-12-20T19:18:06.841572 level=WARN service=inventory message=OK
2025-12-20T19:18:07.846192 level=WARN service=inventory message=OK
2025-12-20T19:18:08.849109 level=ERROR service=inventory message=SERVICE_UNAVAILABLE
2025-12-20T19:18:09.853149 level=DEBUG service=auth message=OK
2025-12-20T19:18:10.857886 level=INFO service=auth message=OK
2025-12-20T19:18:11.862840 level=INFO service=payments message=OK
2025-12-20T19:18:12.868166 level=INFO service=payments message=OK
2025-12-20T19:18:13.868556 level=DEBUG service=payments message=OK
2025-12-20T19:18:14.871175 level=ERROR service=inventory message=SERVICE_UNAVAILABLE
2025-12-20T19:18:15.876414 level=ERROR service=payments message=SERVICE_UNAVAILABLE
2025-12-20T19:18:16.878666 level=WARN service=auth message=OK
2025-12-20T19:18:17.883502 level=DEBUG service=inventory message=OK
2025-12-20T19:18:18.888591 level=DEBUG service=inventory message=OK
2025-12-20T19:18:19.889073 level=DEBUG service=payments message=OK
2025-12-20T19:18:20.890554 level=INFO service=inventory message=OK
2025-12-20T19:18:21.892839 level=WARN service=auth message=OK
2025-12-20T19:18:22.896133 level=DEBUG service=orders message=OK
2025-12-20T19:18:23.897019 level=WARN service=orders message=OK
2025-12-20T19:18:24.897473 level=ERROR service=orders message=AUTH_FAILED
2025-12-20T19:18:25.898433 level=WARN service=payments message=OK
2025-12-20T19:18:26.900683 level=WARN service=inventory message=OK
2025-12-20T19:18:27.902529 level=DEBUG service=payments message=OK
2025-12-20T19:18:28.904399 level=WARN service=orders message=OK
2025-12-20T19:18:29.909200 level=INFO service=payments message=OK
2025-12-20T19:18:30.909881 level=ERROR service=inventory message=DB_TIMEOUT
2025-12-20T19:18:31.912929 level=ERROR service=payments message=SERVICE_UNAVAILABLE
2025-12-20T19:18:32.916731 level=WARN service=orders message=OK
2025-12-20T19:18:33.917631 level=DEBUG service=auth message=OK
2025-12-20T19:18:34.921687 level=WARN service=auth message=OK
2025-12-20T19:18:35.926405 level=ERROR service=payments message=AUTH_FAILED
2025-12-20T19:18:36.931079 level=ERROR service=orders message=NULL_POINTER
2025-12-20T19:18:37.932563 level=INFO service=orders message=OK
2025-12-20T19:18:38.937606 level=INFO service=payments message=OK
2025-12-20T19:18:39.942679 level=DEBUG service=inventory message=OK
2025-12-20T19:18:40.945478 level=ERROR service=payments message=AUTH_FAILED
2025-12-20T19:18:41.946204 level=ERROR service=orders message=SERVICE_UNAVAILABLE
2025-12-20T19:18:42.947357 level=INFO service=inventory message=OK
2025-12-20T19:18:43.950191 level=INFO service=auth message=OK
2025-12-20T19:18:44.954787 level=INFO service=auth message=OK
2025-12-20T19:18:45.960093 level=ERROR service=orders message=SERVICE_UNAVAILABLE
2025-12-20T19:18:46.964590 level=ERROR service=inventory message=SERVICE_UNAVAILABLE
2025-12-20T19:18:47.967644 level=DEBUG service=auth message=OK
2025-12-20T19:18:48.971077 level=INFO service=payments message=OK
2025-12-20T19:18:49.975789 level=ERROR service=payments message=DB_TIMEOUT
2025-12-20T19:18:50.981084 level=WARN service=inventory message=OK
2025-12-20T19:18:51.984632 level=INFO service=payments message=OK
2025-12-20T19:18:52.985101 level=DEBUG service=payments message=OK
2025-12-20T19:18:53.989965 level=INFO service=orders message=OK
2025-12-20T19:18:54.991504 level=INFO service=payments message=OK
2025-12-20T19:18:55.996893 level=WARN service=inventory message=OK
2025-12-20T19:18:57.001335 level=INFO service=inventory message=OK
2025-12-20T19:18:58.006480 level=INFO service=auth message=OK
2025-12-20T19:18:59.007750 level=WARN service=auth message=OK
2025-12-20T19:19:00.008290 level=INFO service=auth message=OK
2025-12-20T19:19:01.009611 level=DEBUG service=orders message=OK
2025-12-20T19:19:02.011751 level=WARN service=orders message=OK
2025-12-20T19:19:03.016048 level=ERROR service=auth message=DB_TIMEOUT
2025-12-20T19:19:04.018914 level=INFO service=inventory message=OK
2025-12-20T19:19:05.022300 level=WARN service=orders message=OK
2025-12-20T19:19:06.023136 level=DEBUG service=payments message=OK
2025-12-20T19:19:07.027857 level=INFO service=payments message=OK
2025-12-20T19:19:08.032956 level=WARN service=orders message=OK
2025-12-20T19:19:09.033309 level=WARN service=payments message=OK
2025-12-20T19:19:10.038446 level=WARN service=auth message=OK
2025-12-20T19:19:11.042210 level=ERROR service=orders message=DB_TIMEOUT
2025-12-20T19:19:12.047065 level=WARN service=auth message=OK
2025-12-20T19:19:13.050090 level=DEBUG service=auth message=OK
2025-12-20T19:19:14.052959 level=WARN service=payments message=OK
2025-12-20T19:19:15.062811 level=INFO service=inventory message=OK
2025-12-20T19:19:16.067841 level=DEBUG service=auth message=OK
2025-12-20T19:19:17.072501 level=INFO service=auth message=OK
2025-12-20T19:19:18.074883 level=WARN service=payments message=OK
2025-12-20T19:19:19.076659 level=WARN service=auth message=OK
2025-12-20T19:19:20.080855 level=ERROR service=inventory message=AUTH_FAILED
2025-12-20T19:19:21.083408 level=DEBUG service=orders message=OK
2025-12-20T19:19:22.087811 level=WARN service=auth message=OK
2025-12-20T19:19:23.089497 level=ERROR service=inventory message=CACHE_MISS
2025-12-20T19:19:24.094001 level=ERROR service=payments message=AUTH_FAILED
2025-12-20T19:19:25.097826 level=ERROR service=orders message=NULL_POINTER
2025-12-20T19:19:26.101408 level=INFO service=auth message=OK
2025-12-20T19:19:27.104567 level=WARN service=inventory message=OK
2025-12-20T19:19:28.109738 level=INFO service=orders message=OK
2025-12-20T19:19:29.112950 level=DEBUG service=auth message=OK
2025-12-20T19:19:30.118091 level=INFO service=orders message=OK
2025-12-20T19:19:31.123252 level=WARN service=payments message=OK
2025-12-20T19:19:32.127784 level=WARN service=orders message=OK
2025-12-20T19:19:33.132821 level=DEBUG service=auth message=OK
2025-12-20T19:19:34.137269 level=DEBUG service=orders message=OK
2025-12-20T19:19:35.138273 level=INFO service=auth message=OK
2025-12-20T19:19:36.142273 level=ERROR service=orders message=AUTH_FAILED
2025-12-20T19:19:37.143375 level=INFO service=orders message=OK
2025-12-20T19:19:38.143687 level=INFO service=orders message=OK
2025-12-20T19:19:39.143851 level=WARN service=inventory message=OK
2025-12-20T19:19:40.148644 level=ERROR service=payments message=CACHE_MISS
2025-12-20T19:19:41.153354 level=DEBUG service=orders message=OK
2025-12-20T19:19:42.157778 level=DEBUG service=inventory message=OK
2025-12-20T19:19:43.162965 level=INFO service=payments message=OK
2025-12-20T19:19:44.167788 level=ERROR service=auth message=SERVICE_UNAVAILABLE
2025-12-20T19:19:45.172294 level=ERROR service=orders message=AUTH_FAILED
2025-12-20T19:19:46.175445 level=DEBUG service=inventory message=OK
2025-12-20T19:19:47.175670 level=WARN service=inventory message=OK
2025-12-20T19:19:48.180445 level=DEBUG service=auth message=OK
2025-12-20T19:19:49.185605 level=INFO service=orders message=OK
2025-12-20T19:19:50.190123 level=DEBUG service=payments message=OK
2025-12-20T19:19:51.194006 level=WARN service=inventory message=OK
2025-12-20T19:19:52.198889 level=INFO service=inventory message=OK
2025-12-20T19:19:53.199352 level=DEBUG service=payments message=OK
2025-12-20T19:19:54.202689 level=WARN service=payments message=OK
2025-12-20T19:19:55.207739 level=INFO service=inventory message=OK
2025-12-20T19:19:56.209316 level=WARN service=auth message=OK
2025-12-20T19:19:57.211113 level=WARN service=orders message=OK
2025-12-20T19:19:58.215764 level=INFO service=payments message=OK
2025-12-20T19:19:59.217120 level=DEBUG service=auth message=OK
2025-12-20T19:20:00.218020 level=WARN service=auth message=OK
2025-12-20T19:20:01.219189 level=DEBUG service=orders message=OK
2025-12-20T19:20:02.222746 level=INFO service=inventory message=OK
2025-12-20T19:20:03.227886 level=WARN service=orders message=OK
2025-12-20T19:20:04.232366 level=DEBUG service=auth message=OK
2025-12-20T19:20:05.234976 level=DEBUG service=orders message=OK
2025-12-20T19:20:06.239122 level=DEBUG service=payments message=OK
2025-12-20T19:20:07.244053 level=DEBUG service=auth message=OK
2025-12-20T19:20:08.249112 level=DEBUG service=auth message=OK
2025-12-20T19:20:09.250861 level=ERROR service=payments message=AUTH_FAILED
2025-12-20T19:20:10.252855 level=WARN service=auth message=OK
2025-12-20T19:20:11.254528 level=DEBUG service=payments message=OK
2025-12-20T19:20:12.259674 level=WARN service=auth message=OK
2025-12-20T19:20:13.264454 level=WARN service=payments message=OK
2025-12-20T19:20:14.267726 level=INFO service=orders message=OK
2025-12-20T19:20:15.272256 level=INFO service=auth message=OK
2025-12-20T19:20:16.275734 level=WARN service=inventory message=OK
2025-12-20T19:20:17.280862 level=INFO service=auth message=OK
2025-12-20T19:20:18.284835 level=INFO service=inventory message=OK
2025-12-20T19:20:19.286524 level=WARN service=auth message=OK
2025-12-20T19:20:20.292178 level=DEBUG service=auth message=OK
2025-12-20T19:20:21.296836 level=ERROR service=orders message=DB_TIMEOUT
2025-12-20T19:20:22.301253 level=WARN service=auth message=OK
2025-12-20T19:20:23.305238 level=DEBUG service=auth message=OK
2025-12-20T19:20:24.310006 level=ERROR service=auth message=AUTH_FAILED
2025-12-20T19:20:25.313637 level=INFO service=inventory message=OK
2025-12-20T19:20:26.316870 level=ERROR service=payments message=CACHE_MISS
2025-12-20T19:20:27.322216 level=INFO service=payments message=OK
2025-12-20T19:20:28.327013 level=INFO service=orders message=OK
2025-12-20T19:20:29.331812 level=WARN service=auth message=OK
2025-12-20T19:20:30.336978 level=DEBUG service=inventory message=OK
2025-12-20T19:20:31.339585 level=INFO service=payments message=OK
2025-12-20T19:20:32.342502 level=DEBUG service=payments message=OK
2025-12-20T19:20:33.347663 level=ERROR service=orders message=SERVICE_UNAVAILABLE
2025-12-20T19:20:34.352841 level=WARN service=orders message=OK
2025-12-20T19:20:35.355155 level=INFO service=orders message=OK
2025-12-20T19:20:36.359106 level=DEBUG service=orders message=OK
2025-12-20T19:20:37.364257 level=WARN service=auth message=OK
2025-12-20T19:20:38.367643 level=ERROR service=payments message=SERVICE_UNAVAILABLE
2025-12-20T19:20:39.371866 level=INFO service=auth message=OK
2025-12-20T19:20:40.374132 level=DEBUG service=auth message=OK
2025-12-20T19:20:41.376537 level=INFO service=payments message=OK
2025-12-20T19:20:42.380158 level=WARN service=inventory message=OK
2025-12-20T19:20:43.383832 level=INFO service=inventory message=OK
2025-12-20T19:20:44.387670 level=WARN service=payments message=OK
2025-12-20T19:20:45.392170 level=DEBUG service=orders message=OK
2025-12-20T19:20:46.396821 level=WARN service=inventory message=OK
2025-12-20T19:20:47.398494 level=WARN service=inventory message=OK
2025-12-20T19:20:48.403801 level=ERROR service=inventory message=CACHE_MISS
2025-12-20T19:20:49.409078 level=INFO service=payments message=OK
2025-12-20T19:20:50.413506 level=DEBUG service=inventory message=OK
2025-12-20T19:20:51.418209 level=WARN service=payments message=OK
2025-12-20T19:20:52.419127 level=WARN service=orders message=OK
2025-12-20T19:20:53.420352 level=INFO service=inventory message=OK
2025-12-20T19:20:54.425516 level=ERROR service=orders message=AUTH_FAILED
2025-12-20T19:20:55.430606 level=INFO service=inventory message=OK
2025-12-20T19:20:56.431269 level=ERROR service=payments message=CACHE_MISS
2025-12-20T19:20:57.435129 level=INFO service=auth message=OK
2025-12-20T19:20:58.439043 level=INFO service=inventory message=OK
2025-12-20T19:20:59.441684 level=WARN service=auth message=OK
2025-12-20T19:21:00.446850 level=WARN service=auth message=OK
2025-12-20T19:21:01.447960 level=DEBUG service=auth message=OK
2025-12-20T19:21:02.451129 level=WARN service=auth message=OK
2025-12-20T19:21:03.456565 level=INFO service=inventory message=OK
2025-12-20T19:21:04.461399 level=DEBUG service=auth message=OK
2025-12-20T19:21:05.466451 level=INFO service=payments message=OK
2025-12-20T19:21:06.470998 level=INFO service=inventory message=OK
2025-12-20T19:21:07.472391 level=ERROR service=orders message=DB_TIMEOUT
2025-12-20T19:21:08.476387 level=INFO service=auth message=OK
2025-12-20T19:21:09.476900 level=ERROR service=payments message=DB_TIMEOUT
2025-12-20T19:21:10.479000 level=DEBUG service=inventory message=OK
2025-12-20T19:21:11.484537 level=ERROR service=payments message=NULL_POINTER
2025-12-20T19:21:12.490183 level=INFO service=orders message=OK
2025-12-20T19:21:13.491279 level=INFO service=payments message=OK
2025-12-20T19:21:14.494960 level=WARN service=inventory message=OK
2025-12-20T19:21:15.500152 level=DEBUG service=payments message=OK
2025-12-20T19:21:16.502130 level=INFO service=orders message=OK
2025-12-20T19:21:17.505711 level=ERROR service=auth message=DB_TIMEOUT
2025-12-20T19:21:18.508675 level=DEBUG service=payments message=OK
2025-12-20T19:21:19.513577 level=WARN service=orders message=OK
2025-12-20T19:21:20.518776 level=WARN service=orders message=OK
2025-12-20T19:21:21.522596 level=ERROR service=orders message=AUTH_FAILED
2025-12-20T19:21:22.527559 level=DEBUG service=inventory message=OK
2025-12-20T19:21:23.532582 level=ERROR service=orders message=CACHE_MISS
2025-12-20T19:21:24.534865 level=DEBUG service=auth message=OK
2025-12-20T19:21:25.538061 level=WARN service=inventory message=OK
2025-12-20T19:21:26.543224 level=ERROR service=orders message=SERVICE_UNAVAILABLE
2025-12-20T19:21:27.548425 level=INFO service=auth message=OK
2025-12-20T19:21:28.552707 level=DEBUG service=orders message=OK
2025-12-20T19:21:29.557212 level=WARN service=auth message=OK
2025-12-20T19:21:30.559962 level=ERROR service=orders message=AUTH_FAILED
2025-12-20T19:21:31.564923 level=DEBUG service=orders message=OK
2025-12-20T19:21:32.568753 level=WARN service=auth message=OK
2025-12-20T19:21:33.574009 level=ERROR service=auth message=DB_TIMEOUT
2025-12-20T19:21:34.578965 level=WARN service=payments message=OK
2025-12-20T19:21:35.583666 level=DEBUG service=payments message=OK
2025-12-20T19:21:36.584858 level=INFO service=inventory message=OK
2025-12-20T19:21:37.588112 level=ERROR service=payments message=DB_TIMEOUT
2025-12-20T19:21:38.589512 level=ERROR service=payments message=AUTH_FAILED
2025-12-20T19:21:39.593471 level=DEBUG service=payments message=OK
2025-12-20T19:21:40.596512 level=DEBUG service=auth message=OK
2025-12-20T19:21:41.598514 level=DEBUG service=orders message=OK
2025-12-20T19:21:42.600257 level=DEBUG service=auth message=OK
2025-12-20T19:21:43.602795 level=INFO service=auth message=OK
2025-12-20T19:21:44.604760 level=INFO service=auth message=OK
2025-12-20T19:21:45.608088 level=ERROR service=inventory message=DB_TIMEOUT
2025-12-20T19:21:46.611712 level=DEBUG service=inventory message=OK
2025-12-20T19:21:47.616849 level=WARN service=payments message=OK
2025-12-20T19:21:48.621238 level=INFO service=inventory message=OK
2025-12-20T19:21:49.624057 level=DEBUG service=orders message=OK
2025-12-20T19:21:50.625806 level=ERROR service=orders message=AUTH_FAILED
2025-12-20T19:21:51.627344 level=ERROR service=inventory message=DB_TIMEOUT
2025-12-20T19:21:52.628948 level=DEBUG service=orders message=OK
2025-12-20T19:21:53.632187 level=INFO service=inventory message=OK
2025-12-20T19:21:54.633981 level=INFO service=auth message=OK
2025-12-20T19:21:55.634903 level=DEBUG service=inventory message=OK
2025-12-20T19:21:56.637667 level=DEBUG service=orders message=OK
2025-12-20T19:21:57.639219 level=ERROR service=inventory message=CACHE_MISS
2025-12-20T19:21:58.643196 level=INFO service=orders message=OK
2025-12-20T19:21:59.648307 level=DEBUG service=auth message=OK
2025-12-20T19:22:00.651925 level=DEBUG service=orders message=OK
2025-12-20T19:22:01.656496 level=ERROR service=orders message=SERVICE_UNAVAILABLE
2025-12-20T19:22:02.656893 level=ERROR service=auth message=SERVICE_UNAVAILABLE
2025-12-20T19:22:03.660848 level=WARN service=orders message=OK
2025-12-20T19:22:04.665955 level=INFO service=auth message=OK
2025-12-20T19:22:05.668725 level=ERROR service=auth message=AUTH_FAILED
2025-12-20T19:22:06.671269 level=DEBUG service=orders message=OK
2025-12-20T19:22:07.672391 level=ERROR service=payments message=SERVICE_UNAVAILABLE
2025-12-20T19:22:08.677640 level=INFO service=inventory message=OK
2025-12-20T19:22:09.683527 level=WARN service=payments message=OK
2025-12-20T19:22:10.687506 level=DEBUG service=auth message=OK
2025-12-20T19:22:11.692314 level=ERROR service=inventory message=NULL_POINTER
2025-12-20T19:22:12.697515 level=WARN service=payments message=OK
2025-12-20T19:22:13.700090 level=INFO service=inventory message=OK
2025-12-20T19:22:14.701642 level=INFO service=orders message=OK
2025-12-20T19:22:15.704996 level=DEBUG service=orders message=OK
2025-12-20T19:22:16.709234 level=DEBUG service=inventory message=OK
2025-12-20T19:22:17.711696 level=INFO service=auth message=OK
2025-12-20T19:22:18.713018 level=DEBUG service=orders message=OK
2025-12-20T19:22:19.718306 level=INFO service=inventory message=OK
2025-12-20T19:22:20.722541 level=DEBUG service=auth message=OK
2025-12-20T19:22:21.727729 level=ERROR service=auth message=NULL_POINTER
2025-12-20T19:22:22.730091 level=DEBUG service=orders message=OK
2025-12-20T19:22:23.732919 level=ERROR service=inventory message=SERVICE_UNAVAILABLE
2025-12-20T19:22:24.738217 level=ERROR service=auth message=CACHE_MISS
2025-12-20T19:22:25.741715 level=DEBUG service=auth message=OK
2025-12-20T19:22:26.743456 level=INFO service=payments message=OK
2025-12-20T19:22:27.748360 level=INFO service=auth message=OK
2025-12-20T19:22:28.750324 level=INFO service=inventory message=OK
2025-12-20T19:22:29.754778 level=ERROR service=inventory message=CACHE_MISS
2025-12-20T19:22:30.758667 level=INFO service=auth message=OK
2025-12-20T19:22:31.763855 level=WARN service=inventory message=OK
2025-12-20T19:22:32.767840 level=WARN service=inventory message=OK
2025-12-20T19:22:33.772901 level=ERROR service=auth message=SERVICE_UNAVAILABLE
2025-12-20T19:22:34.778012 level=ERROR service=auth message=AUTH_FAILED
2025-12-20T19:22:35.783177 level=DEBUG service=auth message=OK
2025-12-20T19:22:36.785105 level=ERROR service=orders message=NULL_POINTER
2025-12-20T19:22:37.788238 level=WARN service=orders message=OK
2025-12-20T19:22:38.793533 level=ERROR service=inventory message=CACHE_MISS
2025-12-20T19:22:39.797047 level=DEBUG service=payments message=OK
2025-12-20T19:22:40.799752 level=INFO service=orders message=OK
2025-12-20T19:22:41.804951 level=DEBUG service=orders message=OK
2025-12-20T19:22:42.807423 level=INFO service=orders message=OK
2025-12-20T19:22:43.810850 level=DEBUG service=payments message=OK
2025-12-20T19:22:44.815993 level=WARN service=auth message=OK
2025-12-20T19:22:45.817257 level=INFO service=inventory message=OK
2025-12-20T19:22:46.819538 level=WARN service=auth message=OK
2025-12-20T19:22:47.823273 level=ERROR service=inventory message=DB_TIMEOUT
2025-12-20T19:22:48.826463 level=DEBUG service=orders message=OK
2025-12-20T19:22:49.831083 level=ERROR service=payments message=NULL_POINTER
2025-12-20T19:22:50.831207 level=INFO service=payments message=OK
2025-12-20T19:22:51.834936 level=INFO service=auth message=OK
2025-12-20T19:22:52.839987 level=DEBUG service=orders message=OK
2025-12-20T19:22:53.845068 level=WARN service=orders message=OK
2025-12-20T19:22:54.849954 level=WARN service=auth message=OK
2025-12-20T19:22:55.854898 level=INFO service=orders message=OK
2025-12-20T19:22:56.858657 level=INFO service=payments message=OK
2025-12-20T19:22:57.863674 level=ERROR service=orders message=NULL_POINTER
2025-12-20T19:22:58.868725 level=DEBUG service=orders message=OK
2025-12-20T19:22:59.873785 level=WARN service=payments message=OK
2025-12-20T19:23:00.879141 level=WARN service=inventory message=OK
2025-12-20T19:23:01.883867 level=ERROR service=orders message=NULL_POINTER
2025-12-20T19:23:02.887386 level=INFO service=orders message=OK
2025-12-20T19:23:03.892394 level=INFO service=auth message=OK
2025-12-20T19:23:04.896573 level=DEBUG service=auth message=OK
2025-12-20T19:23:05.900908 level=ERROR service=payments message=SERVICE_UNAVAILABLE
2025-12-20T19:23:06.906161 level=WARN service=inventory message=OK
2025-12-20T19:23:07.909828 level=WARN service=inventory message=OK
2025-12-20T19:23:08.913702 level=DEBUG service=auth message=OK
2025-12-20T19:23:09.918619 level=ERROR service=inventory message=CACHE_MISS
2025-12-20T19:23:10.923951 level=WARN service=orders message=OK
2025-12-20T19:23:11.925753 level=DEBUG service=inventory message=OK
2025-12-20T19:23:12.928809 level=WARN service=inventory message=OK
2025-12-20T19:23:13.933389 level=WARN service=auth message=OK
2025-12-20T19:23:14.938229 level=DEBUG service=inventory message=OK
2025-12-20T19:23:15.943429 level=WARN service=inventory message=OK
2025-12-20T19:23:16.947344 level=ERROR service=inventory message=CACHE_MISS
2025-12-20T19:23:17.950557 level=WARN service=orders message=OK
2025-12-20T19:23:18.955849 level=ERROR service=orders message=CACHE_MISS
2025-12-20T19:23:19.961096 level=WARN service=auth message=OK
2025-12-20T19:23:20.961748 level=WARN service=auth message=OK
2025-12-20T19:23:21.963427 level=WARN service=inventory message=OK
2025-12-20T19:23:22.968583 level=WARN service=payments message=OK
2025-12-20T19:23:23.971683 level=ERROR service=inventory message=SERVICE_UNAVAILABLE
2025-12-20T19:23:24.976902 level=INFO service=orders message=OK
2025-12-20T19:23:25.982126 level=INFO service=inventory message=OK
2025-12-20T19:23:26.985036 level=DEBUG service=inventory message=OK
2025-12-20T19:23:27.989228 level=INFO service=inventory message=OK
2025-12-20T19:23:28.989747 level=DEBUG service=auth message=OK
2025-12-20T19:23:29.990544 level=WARN service=payments message=OK
2025-12-20T19:23:30.992258 level=DEBUG service=payments message=OK
2025-12-20T19:23:31.997749 level=WARN service=payments message=OK
2025-12-20T19:23:33.001677 level=DEBUG service=payments message=OK
2025-12-20T19:23:34.006896 level=WARN service=payments message=OK
2025-12-20T19:23:35.010793 level=INFO service=auth message=OK
2025-12-20T19:23:36.016290 level=ERROR service=payments message=CACHE_MISS
2025-12-20T19:23:37.021861 level=INFO service=payments message=OK
2025-12-20T19:23:38.027397 level=DEBUG service=payments message=OK
2025-12-20T19:23:39.030895 level=INFO service=orders message=OK
2025-12-20T19:23:40.033460 level=ERROR service=orders message=SERVICE_UNAVAILABLE
2025-12-20T19:23:41.038815 level=WARN service=orders message=OK
2025-12-20T19:23:42.044333 level=WARN service=inventory message=OK
2025-12-20T19:23:43.049460 level=INFO service=orders message=OK
2025-12-20T19:23:44.052462 level=WARN service=orders message=OK
2025-12-20T19:23:45.059235 level=WARN service=payments message=OK
2025-12-20T19:23:46.064134 level=WARN service=payments message=OK
2025-12-20T19:23:47.066623 level=WARN service=auth message=OK
2025-12-20T19:23:48.071189 level=ERROR service=inventory message=NULL_POINTER
2025-12-20T19:23:49.072193 level=INFO service=auth message=OK
2025-12-20T19:23:50.075036 level=DEBUG service=orders message=OK
2025-12-20T19:23:51.078878 level=ERROR service=orders message=SERVICE_UNAVAILABLE
2025-12-20T19:23:52.084088 level=INFO service=auth message=OK
2025-12-20T19:23:53.089225 level=ERROR service=inventory message=AUTH_FAILED
2025-12-20T19:23:54.094456 level=INFO service=inventory message=OK
2025-12-20T19:23:55.096297 level=INFO service=orders message=OK
2025-12-20T19:23:56.100822 level=ERROR service=payments message=NULL_POINTER
2025-12-20T19:23:57.103478 level=DEBUG service=inventory message=OK
2025-12-20T19:23:58.108565 level=DEBUG service=orders message=OK
2025-12-20T19:23:59.113622 level=WARN service=inventory message=OK
2025-12-20T19:24:00.118649 level=ERROR service=payments message=SERVICE_UNAVAILABLE
2025-12-20T19:24:01.120305 level=WARN service=inventory message=OK
2025-12-20T19:24:02.122328 level=INFO service=orders message=OK
2025-12-20T19:24:03.125494 level=INFO service=inventory message=OK
2025-12-20T19:24:04.129397 level=DEBUG service=inventory message=OK
2025-12-20T19:24:05.132792 level=INFO service=auth message=OK
2025-12-20T19:24:06.135970 level=ERROR service=orders message=AUTH_FAILED
2025-12-20T19:24:07.139700 level=DEBUG service=orders message=OK
2025-12-20T19:24:08.142270 level=WARN service=auth message=OK
2025-12-20T19:24:09.146857 level=DEBUG service=auth message=OK
2025-12-20T19:24:10.151307 level=DEBUG service=inventory message=OK
2025-12-20T19:24:11.152943 level=DEBUG service=inventory message=OK
2025-12-20T19:24:12.157775 level=INFO service=inventory message=OK
2025-12-20T19:24:13.162234 level=INFO service=payments message=OK
2025-12-20T19:24:14.167476 level=INFO service=inventory message=OK
2025-12-20T19:24:15.171651 level=ERROR service=orders message=DB_TIMEOUT
2025-12-20T19:24:16.173516 level=ERROR service=auth message=SERVICE_UNAVAILABLE
2025-12-20T19:24:17.176432 level=WARN service=orders message=OK
2025-12-20T19:24:18.181017 level=WARN service=payments message=OK
2025-12-20T19:24:19.185886 level=INFO service=orders message=OK
2025-12-20T19:24:20.189979 level=ERROR service=auth message=SERVICE_UNAVAILABLE
2025-12-20T19:24:21.191849 level=WARN service=payments message=OK
2025-12-20T19:24:22.196843 level=WARN service=payments message=OK
2025-12-20T19:24:23.200973 level=INFO service=payments message=OK
2025-12-20T19:24:24.204507 level=WARN service=payments message=OK
2025-12-20T19:24:25.209375 level=DEBUG service=payments message=OK
2025-12-20T19:24:26.210740 level=INFO service=orders message=OK
2025-12-20T19:24:27.212476 level=INFO service=payments message=OK
2025-12-20T19:24:28.215089 level=WARN service=inventory message=OK
2025-12-20T19:24:29.218721 level=ERROR service=orders message=SERVICE_UNAVAILABLE
2025-12-20T19:24:30.221612 level=DEBUG service=inventory message=OK
2025-12-20T19:24:31.225530 level=ERROR service=payments message=AUTH_FAILED
2025-12-20T19:24:32.225920 level=ERROR service=inventory message=DB_TIMEOUT
2025-12-20T19:24:33.230360 level=ERROR service=payments message=AUTH_FAILED
2025-12-20T19:24:34.234851 level=WARN service=inventory message=OK
2025-12-20T19:24:35.237156 level=ERROR service=payments message=CACHE_MISS
2025-12-20T19:24:36.241114 level=ERROR service=orders message=SERVICE_UNAVAILABLE
2025-12-20T19:24:37.241672 level=DEBUG service=auth message=OK
2025-12-20T19:24:38.245675 level=WARN service=inventory message=OK
2025-12-20T19:24:39.250775 level=INFO service=payments message=OK
2025-12-20T19:24:40.251630 level=WARN service=auth message=OK
2025-12-20T19:24:41.254631 level=INFO service=payments message=OK
2025-12-20T19:24:42.258958 level=DEBUG service=inventory message=OK
2025-12-20T19:24:43.264287 level=DEBUG service=payments message=OK
2025-12-20T19:24:44.265729 level=ERROR service=inventory message=NULL_POINTER
2025-12-20T19:24:45.270055 level=WARN service=payments message=OK
2025-12-20T19:24:46.275212 level=INFO service=orders message=OK
2025-12-20T19:24:47.275658 level=DEBUG service=inventory message=OK
2025-12-20T19:24:48.277891 level=ERROR service=payments message=SERVICE_UNAVAILABLE
2025-12-20T19:24:49.282865 level=INFO service=auth message=OK
2025-12-20T19:24:50.283763 level=INFO service=auth message=OK
2025-12-20T19:24:51.288830 level=ERROR service=orders message=CACHE_MISS
2025-12-20T19:24:52.292888 level=INFO service=inventory message=OK
2025-12-20T19:24:53.297323 level=DEBUG service=inventory message=OK
2025-12-20T19:24:54.298034 level=INFO service=auth message=OK
2025-12-20T19:24:55.302104 level=WARN service=payments message=OK
2025-12-20T19:24:56.303585 level=INFO service=inventory message=OK
2025-12-20T19:24:57.308553 level=DEBUG service=orders message=OK
2025-12-20T19:24:58.313704 level=WARN service=orders message=OK
2025-12-20T19:24:59.317863 level=WARN service=inventory message=OK
2025-12-20T19:25:00.321935 level=DEBUG service=auth message=OK
2025-12-20T19:25:01.327079 level=WARN service=auth message=OK
2025-12-20T19:25:02.330856 level=DEBUG service=orders message=OK
2025-12-20T19:25:03.333766 level=WARN service=inventory message=OK
2025-12-20T19:25:04.336937 level=WARN service=orders message=OK
2025-12-20T19:25:05.341866 level=WARN service=payments message=OK
2025-12-20T19:25:06.344945 level=ERROR service=orders message=CACHE_MISS
2025-12-20T19:25:07.349312 level=ERROR service=inventory message=NULL_POINTER
2025-12-20T19:25:08.354401 level=DEBUG service=orders message=OK
2025-12-20T19:25:09.357706 level=ERROR service=auth message=NULL_POINTER
2025-12-20T19:25:10.362877 level=INFO service=inventory message=OK
2025-12-20T19:25:11.368101 level=ERROR service=orders message=NULL_POINTER
2025-12-20T19:25:12.372124 level=INFO service=auth message=OK
2025-12-20T19:25:13.377421 level=DEBUG service=payments message=OK
2025-12-20T19:25:14.383338 level=INFO service=inventory message=OK
2025-12-20T19:25:15.384558 level=ERROR service=payments message=DB_TIMEOUT
2025-12-20T19:25:16.389864 level=WARN service=inventory message=OK
2025-12-20T19:25:17.393095 level=WARN service=inventory message=OK
2025-12-20T19:25:18.397555 level=ERROR service=orders message=DB_TIMEOUT
2025-12-20T19:25:19.401224 level=DEBUG service=inventory message=OK
2025-12-20T19:25:20.405887 level=WARN service=auth message=OK
2025-12-20T19:25:21.411583 level=DEBUG service=auth message=OK
2025-12-20T19:25:22.416148 level=WARN service=inventory message=OK
2025-12-20T19:25:23.417011 level=INFO service=orders message=OK
2025-12-20T19:25:24.418978 level=INFO service=auth message=OK
2025-12-20T19:25:25.423604 level=INFO service=auth message=OK
2025-12-20T19:25:26.426221 level=INFO service=inventory message=OK
2025-12-20T19:25:27.427725 level=DEBUG service=auth message=OK
2025-12-20T19:25:28.429747 level=WARN service=inventory message=OK
2025-12-20T19:25:29.431766 level=DEBUG service=payments message=OK
2025-12-20T19:25:30.435340 level=WARN service=orders message=OK
2025-12-20T19:25:31.440510 level=ERROR service=auth message=NULL_POINTER
2025-12-20T19:25:32.444444 level=DEBUG service=inventory message=OK
2025-12-20T19:25:33.446552 level=WARN service=auth message=OK
2025-12-20T19:25:34.451706 level=DEBUG service=inventory message=OK
2025-12-20T19:25:35.455407 level=INFO service=auth message=OK
2025-12-20T19:25:36.460089 level=DEBUG service=orders message=OK
2025-12-20T19:25:37.463413 level=ERROR service=payments message=DB_TIMEOUT
2025-12-20T19:25:38.466722 level=DEBUG service=auth message=OK
2025-12-20T19:25:39.471571 level=DEBUG service=auth message=OK
2025-12-20T19:25:40.476761 level=INFO service=auth message=OK
2025-12-20T19:25:41.479912 level=DEBUG service=auth message=OK
2025-12-20T19:25:42.483450 level=DEBUG service=auth message=OK
2025-12-20T19:25:43.487383 level=INFO service=auth message=OK
2025-12-20T19:25:44.492558 level=INFO service=payments message=OK
2025-12-20T19:25:45.496608 level=WARN service=auth message=OK
2025-12-20T19:25:46.500143 level=ERROR service=payments message=NULL_POINTER
2025-12-20T19:25:47.502585 level=INFO service=payments message=OK
2025-12-20T19:25:48.507710 level=DEBUG service=auth message=OK
2025-12-20T19:25:49.512222 level=WARN service=inventory message=OK
2025-12-20T19:25:50.514642 level=INFO service=inventory message=OK
2025-12-20T19:25:51.519818 level=INFO service=orders message=OK
2025-12-20T19:25:52.523043 level=INFO service=orders message=OK
2025-12-20T19:25:53.525760 level=INFO service=orders message=OK
2025-12-20T19:25:54.530849 level=WARN service=inventory message=OK
2025-12-20T19:25:55.532459 level=INFO service=orders message=OK
2025-12-20T19:25:56.535210 level=ERROR service=auth message=AUTH_FAILED
2025-12-20T19:25:57.538100 level=ERROR service=payments message=SERVICE_UNAVAILABLE
2025-12-20T19:25:58.542120 level=ERROR service=orders message=SERVICE_UNAVAILABLE
2025-12-20T19:25:59.546983 level=INFO service=auth message=OK
2025-12-20T19:26:00.550717 level=INFO service=auth message=OK
2025-12-20T19:26:01.555209 level=ERROR service=inventory message=DB_TIMEOUT
2025-12-20T19:26:02.558042 level=INFO service=auth message=OK
2025-12-20T19:26:03.563227 level=INFO service=payments message=OK
2025-12-20T19:26:04.568024 level=ERROR service=orders message=NULL_POINTER
2025-12-20T19:26:05.571535 level=ERROR service=inventory message=NULL_POINTER
2025-12-20T19:26:06.576303 level=INFO service=orders message=OK
2025-12-20T19:26:07.580880 level=WARN service=inventory message=OK
2025-12-20T19:26:08.585607 level=INFO service=orders message=OK
2025-12-20T19:26:09.586059 level=INFO service=payments message=OK
2025-12-20T19:26:10.589876 level=INFO service=auth message=OK
2025-12-20T19:26:11.593535 level=DEBUG service=orders message=OK
2025-12-20T19:26:12.597216 level=DEBUG service=orders message=OK
2025-12-20T19:26:13.599738 level=INFO service=orders message=OK
2025-12-20T19:26:14.601161 level=DEBUG service=auth message=OK
2025-12-20T19:26:15.605742 level=ERROR service=auth message=NULL_POINTER
2025-12-20T19:26:16.609701 level=ERROR service=auth message=CACHE_MISS
2025-12-20T19:26:17.614794 level=WARN service=inventory message=OK
2025-12-20T19:26:18.619179 level=INFO service=inventory message=OK
2025-12-20T19:26:19.621201 level=WARN service=orders message=OK
2025-12-20T19:26:20.626013 level=DEBUG service=orders message=OK
2025-12-20T19:26:21.630254 level=DEBUG service=inventory message=OK
2025-12-20T19:26:22.633980 level=INFO service=payments message=OK
2025-12-20T19:26:23.639232 level=INFO service=auth message=OK
2025-12-20T19:26:24.643041 level=DEBUG service=inventory message=OK
2025-12-20T19:26:25.648203 level=ERROR service=inventory message=AUTH_FAILED
2025-12-20T19:26:26.653588 level=WARN service=inventory message=OK
2025-12-20T19:26:27.655569 level=WARN service=inventory message=OK
2025-12-20T19:26:28.659947 level=WARN service=inventory message=OK
2025-12-20T19:26:29.664827 level=DEBUG service=inventory message=OK
2025-12-20T19:26:30.668091 level=WARN service=orders message=OK
2025-12-20T19:26:31.672225 level=WARN service=inventory message=OK
2025-12-20T19:26:32.676399 level=ERROR service=orders message=NULL_POINTER
2025-12-20T19:26:33.681515 level=WARN service=orders message=OK
2025-12-20T19:26:34.686747 level=ERROR service=inventory message=CACHE_MISS
2025-12-20T19:26:35.692047 level=DEBUG service=inventory message=OK
2025-12-20T19:26:36.693755 level=WARN service=auth message=OK
2025-12-20T19:26:37.699752 level=ERROR service=orders message=NULL_POINTER
2025-12-20T19:26:38.704863 level=INFO service=payments message=OK
2025-12-20T19:26:39.709372 level=DEBUG service=payments message=OK
2025-12-20T19:26:40.713234 level=INFO service=auth message=OK
2025-12-20T19:26:41.717101 level=WARN service=auth message=OK
2025-12-20T19:26:42.719388 level=WARN service=inventory message=OK
2025-12-20T19:26:43.722213 level=DEBUG service=auth message=OK
2025-12-20T19:26:44.726878 level=INFO service=orders message=OK
2025-12-20T19:26:45.730900 level=INFO service=orders message=OK
2025-12-20T19:26:46.735252 level=ERROR service=auth message=AUTH_FAILED
2025-12-20T19:26:47.735843 level=WARN service=orders message=OK
2025-12-20T19:26:48.738141 level=DEBUG service=payments message=OK
2025-12-20T19:26:49.739536 level=INFO service=orders message=OK
2025-12-20T19:26:50.744806 level=DEBUG service=payments message=OK
2025-12-20T19:26:51.745573 level=DEBUG service=inventory message=OK
2025-12-20T19:26:52.749243 level=INFO service=orders message=OK
2025-12-20T19:26:53.751216 level=ERROR service=orders message=SERVICE_UNAVAILABLE
2025-12-20T19:26:54.756373 level=ERROR service=auth message=DB_TIMEOUT
2025-12-20T19:26:55.761196 level=INFO service=payments message=OK
2025-12-20T19:26:56.766509 level=ERROR service=payments message=SERVICE_UNAVAILABLE
2025-12-20T19:26:57.769129 level=DEBUG service=payments message=OK
2025-12-20T19:26:58.772896 level=WARN service=payments message=OK
2025-12-20T19:26:59.778075 level=WARN service=auth message=OK
2025-12-20T19:27:00.781105 level=ERROR service=inventory message=SERVICE_UNAVAILABLE
2025-12-20T19:27:01.785961 level=ERROR service=auth message=NULL_POINTER
2025-12-20T19:27:02.790657 level=ERROR service=auth message=AUTH_FAILED
2025-12-20T19:27:03.792397 level=ERROR service=auth message=AUTH_FAILED
2025-12-20T19:27:04.795632 level=DEBUG service=auth message=OK
2025-12-20T19:27:05.796372 level=ERROR service=orders message=SERVICE_UNAVAILABLE
2025-12-20T19:27:06.801532 level=ERROR service=inventory message=DB_TIMEOUT
2025-12-20T19:27:07.806647 level=INFO service=payments message=OK
2025-12-20T19:27:08.810032 level=DEBUG service=inventory message=OK
2025-12-20T19:27:09.811621 level=ERROR service=payments message=CACHE_MISS
2025-12-20T19:27:10.815098 level=WARN service=auth message=OK
2025-12-20T19:27:11.815581 level=ERROR service=payments message=CACHE_MISS
2025-12-20T19:27:12.819614 level=INFO service=orders message=OK
2025-12-20T19:27:13.824781 level=DEBUG service=auth message=OK
2025-12-20T19:27:14.829539 level=DEBUG service=orders message=OK
2025-12-20T19:27:15.832479 level=WARN service=auth message=OK
2025-12-20T19:27:16.834952 level=INFO service=payments message=OK
2025-12-20T19:27:17.841346 level=DEBUG service=orders message=OK
2025-12-20T19:27:18.846476 level=WARN service=inventory message=OK
2025-12-20T19:27:19.851467 level=INFO service=auth message=OK
2025-12-20T19:27:20.853546 level=WARN service=orders message=OK
2025-12-20T19:27:21.857821 level=WARN service=inventory message=OK
2025-12-20T19:27:22.862957 level=ERROR service=orders message=AUTH_FAILED
2025-12-20T19:27:23.864488 level=DEBUG service=orders message=OK
2025-12-20T19:27:24.869401 level=ERROR service=inventory message=AUTH_FAILED
2025-12-20T19:27:25.874038 level=ERROR service=inventory message=CACHE_MISS
2025-12-20T19:27:26.879354 level=ERROR service=auth message=CACHE_MISS
2025-12-20T19:27:27.882800 level=DEBUG service=auth message=OK
2025-12-20T19:27:28.885570 level=WARN service=inventory message=OK
2025-12-20T19:27:29.889492 level=INFO service=payments message=OK
2025-12-20T19:27:30.892759 level=INFO service=auth message=OK
2025-12-20T19:27:31.894094 level=ERROR service=orders message=AUTH_FAILED
2025-12-20T19:27:32.899160 level=ERROR service=inventory message=SERVICE_UNAVAILABLE
2025-12-20T19:27:33.900977 level=INFO service=payments message=OK
2025-12-20T19:27:34.901279 level=WARN service=orders message=OK
2025-12-20T19:27:35.903258 level=INFO service=orders message=OK
2025-12-20T19:27:36.904635 level=INFO service=auth message=OK
2025-12-20T19:27:37.909681 level=ERROR service=inventory message=DB_TIMEOUT
2025-12-20T19:27:38.914983 level=ERROR service=orders message=SERVICE_UNAVAILABLE
2025-12-20T19:27:39.915623 level=WARN service=payments message=OK
2025-12-20T19:27:40.917385 level=WARN service=inventory message=OK
2025-12-20T19:27:41.922685 level=DEBUG service=inventory message=OK
2025-12-20T19:27:42.926588 level=INFO service=orders message=OK
2025-12-20T19:27:43.928203 level=WARN service=inventory message=OK
2025-12-20T19:27:44.930993 level=INFO service=orders message=OK
2025-12-20T19:27:45.933052 level=ERROR service=auth message=DB_TIMEOUT
2025-12-20T19:27:46.937350 level=ERROR service=payments message=CACHE_MISS
2025-12-20T19:27:47.942453 level=INFO service=inventory message=OK
2025-12-20T19:27:48.944098 level=ERROR service=orders message=SERVICE_UNAVAILABLE
2025-12-20T19:27:49.948170 level=INFO service=payments message=OK
2025-12-20T19:27:50.952893 level=DEBUG service=payments message=OK
2025-12-20T19:27:51.956769 level=ERROR service=orders message=CACHE_MISS
2025-12-20T19:27:52.959069 level=WARN service=orders message=OK
2025-12-20T19:27:53.963440 level=INFO service=payments message=OK
2025-12-20T19:27:54.968205 level=ERROR service=payments message=SERVICE_UNAVAILABLE
2025-12-20T19:27:55.968942 level=WARN service=auth message=OK
2025-12-20T19:27:56.969938 level=INFO service=inventory message=OK
2025-12-20T19:27:57.981809 level=INFO service=orders message=OK
2025-12-20T19:27:58.986943 level=ERROR service=payments message=AUTH_FAILED
2025-12-20T19:27:59.992189 level=DEBUG service=orders message=OK
2025-12-20T19:28:00.994106 level=WARN service=payments message=OK
2025-12-20T19:28:01.998352 level=DEBUG service=orders message=OK
2025-12-20T19:28:03.002077 level=ERROR service=inventory message=NULL_POINTER
2025-12-20T19:28:04.006327 level=ERROR service=inventory message=SERVICE_UNAVAILABLE
2025-12-20T19:28:05.010001 level=DEBUG service=inventory message=OK
2025-12-20T19:28:06.014012 level=INFO service=payments message=OK
2025-12-20T19:28:07.018754 level=DEBUG service=payments message=OK
2025-12-20T19:28:08.023344 level=WARN service=auth message=OK
2025-12-20T19:28:09.028559 level=WARN service=orders message=OK
2025-12-20T19:28:10.032873 level=INFO service=inventory message=OK
2025-12-20T19:28:11.038121 level=INFO service=orders message=OK
2025-12-20T19:28:12.041969 level=DEBUG service=orders message=OK
2025-12-20T19:28:13.044337 level=ERROR service=orders message=SERVICE_UNAVAILABLE
2025-12-20T19:28:14.049150 level=ERROR service=orders message=AUTH_FAILED
2025-12-20T19:28:15.052570 level=WARN service=orders message=OK
2025-12-20T19:28:16.061288 level=INFO service=orders message=OK
2025-12-20T19:28:17.062976 level=WARN service=inventory message=OK
2025-12-20T19:28:18.065613 level=ERROR service=payments message=AUTH_FAILED
2025-12-20T19:28:19.069133 level=ERROR service=orders message=SERVICE_UNAVAILABLE
2025-12-20T19:28:20.071798 level=WARN service=auth message=OK
2025-12-20T19:28:21.072991 level=ERROR service=orders message=AUTH_FAILED
2025-12-20T19:28:22.076516 level=DEBUG service=payments message=OK
2025-12-20T19:28:23.079606 level=WARN service=auth message=OK
2025-12-20T19:28:24.084116 level=ERROR service=orders message=DB_TIMEOUT
2025-12-20T19:28:25.089503 level=WARN service=payments message=OK
2025-12-20T19:28:26.093768 level=DEBUG service=orders message=OK
2025-12-20T19:28:27.096635 level=WARN service=auth message=OK
2025-12-20T19:28:28.097670 level=DEBUG service=orders message=OK
2025-12-20T19:28:29.099773 level=INFO service=inventory message=OK
2025-12-20T19:28:30.102098 level=DEBUG service=payments message=OK
2025-12-20T19:28:31.102956 level=ERROR service=inventory message=CACHE_MISS
2025-12-20T19:28:32.108022 level=WARN service=payments message=OK
2025-12-20T19:28:33.113017 level=DEBUG service=auth message=OK
2025-12-20T19:28:34.118240 level=DEBUG service=inventory message=OK
2025-12-20T19:28:35.119785 level=INFO service=orders message=OK
2025-12-20T19:28:36.122595 level=DEBUG service=orders message=OK
2025-12-20T19:28:37.128525 level=INFO service=orders message=OK
2025-12-20T19:28:38.133839 level=WARN service=auth message=OK
2025-12-20T19:28:39.136664 level=DEBUG service=auth message=OK
2025-12-20T19:28:40.140628 level=DEBUG service=orders message=OK
2025-12-20T19:28:41.145519 level=DEBUG service=auth message=OK
2025-12-20T19:28:42.149085 level=INFO service=payments message=OK
2025-12-20T19:28:43.154996 level=DEBUG service=payments message=OK
2025-12-20T19:28:44.158480 level=INFO service=inventory message=OK
2025-12-20T19:28:45.160969 level=INFO service=inventory message=OK
2025-12-20T19:28:46.166240 level=WARN service=orders message=OK
2025-12-20T19:28:47.169829 level=DEBUG service=auth message=OK
2025-12-20T19:28:48.170928 level=WARN service=orders message=OK
2025-12-20T19:28:49.175578 level=INFO service=payments message=OK
2025-12-20T19:28:50.180911 level=DEBUG service=payments message=OK
2025-12-20T19:28:51.186207 level=WARN service=payments message=OK
2025-12-20T19:28:52.186757 level=DEBUG service=inventory message=OK
2025-12-20T19:28:53.192073 level=ERROR service=inventory message=DB_TIMEOUT
2025-12-20T19:28:54.192653 level=INFO service=payments message=OK
2025-12-20T19:28:55.194805 level=WARN service=payments message=OK
2025-12-20T19:28:56.198088 level=DEBUG service=payments message=OK
2025-12-20T19:28:57.202943 level=DEBUG service=orders message=OK
2025-12-20T19:28:58.208224 level=DEBUG service=inventory message=OK
2025-12-20T19:28:59.213071 level=ERROR service=payments message=SERVICE_UNAVAILABLE
2025-12-20T19:29:00.218414 level=DEBUG service=payments message=OK
2025-12-20T19:29:01.222210 level=WARN service=payments message=OK
2025-12-20T19:29:02.226749 level=INFO service=payments message=OK
2025-12-20T19:29:03.228118 level=DEBUG service=payments message=OK
2025-12-20T19:29:04.233399 level=INFO service=orders message=OK
2025-12-20T19:29:05.237362 level=ERROR service=inventory message=AUTH_FAILED
2025-12-20T19:29:06.242645 level=DEBUG service=payments message=OK
2025-12-20T19:29:07.247962 level=WARN service=inventory message=OK
2025-12-20T19:29:08.250865 level=DEBUG service=orders message=OK
2025-12-20T19:29:09.255923 level=ERROR service=inventory message=NULL_POINTER
2025-12-20T19:29:10.257093 level=ERROR service=payments message=NULL_POINTER
2025-12-20T19:29:11.261124 level=DEBUG service=orders message=OK
2025-12-20T19:29:12.261779 level=INFO service=inventory message=OK
2025-12-20T19:29:13.263680 level=ERROR service=payments message=DB_TIMEOUT
2025-12-20T19:29:14.268925 level=INFO service=inventory message=OK
2025-12-20T19:29:15.273732 level=ERROR service=payments message=AUTH_FAILED
2025-12-20T19:29:16.277834 level=WARN service=orders message=OK
2025-12-20T19:29:17.278907 level=INFO service=payments message=OK
2025-12-20T19:29:18.284001 level=DEBUG service=orders message=OK
2025-12-20T19:29:19.288961 level=WARN service=inventory message=OK
2025-12-20T19:29:20.292859 level=WARN service=inventory message=OK
2025-12-20T19:29:21.294652 level=WARN service=auth message=OK
2025-12-20T19:29:22.296134 level=DEBUG service=orders message=OK
2025-12-20T19:29:23.297376 level=ERROR service=orders message=AUTH_FAILED
2025-12-20T19:29:24.302559 level=WARN service=orders message=OK
2025-12-20T19:29:25.307061 level=INFO service=orders message=OK
2025-12-20T19:29:26.312377 level=WARN service=payments message=OK
2025-12-20T19:29:27.317660 level=INFO service=payments message=OK
2025-12-20T19:29:28.320568 level=INFO service=inventory message=OK
2025-12-20T19:29:29.324041 level=ERROR service=auth message=DB_TIMEOUT
2025-12-20T19:29:30.325024 level=INFO service=auth message=OK
2025-12-20T19:29:31.329900 level=WARN service=auth message=OK
2025-12-20T19:29:32.335144 level=ERROR service=inventory message=CACHE_MISS
2025-12-20T19:29:33.335940 level=DEBUG service=inventory message=OK
2025-12-20T19:29:34.341107 level=WARN service=inventory message=OK
2025-12-20T19:29:35.343445 level=ERROR service=auth message=DB_TIMEOUT
2025-12-20T19:29:36.345939 level=INFO service=payments message=OK
2025-12-20T19:29:37.349026 level=DEBUG service=orders message=OK
2025-12-20T19:29:38.351885 level=DEBUG service=orders message=OK
2025-12-20T19:29:39.357532 level=WARN service=inventory message=OK
2025-12-20T19:29:40.361829 level=ERROR service=inventory message=SERVICE_UNAVAILABLE
2025-12-20T19:29:41.364974 level=WARN service=auth message=OK
2025-12-20T19:29:42.368476 level=INFO service=auth message=OK
2025-12-20T19:29:43.372003 level=INFO service=auth message=OK
2025-12-20T19:29:44.377281 level=ERROR service=inventory message=SERVICE_UNAVAILABLE
2025-12-20T19:29:45.380965 level=DEBUG service=orders message=OK
2025-12-20T19:29:46.385111 level=ERROR service=payments message=AUTH_FAILED
2025-12-20T19:29:47.388470 level=WARN service=inventory message=OK
2025-12-20T19:29:48.391902 level=DEBUG service=auth message=OK
2025-12-20T19:29:49.392574 level=DEBUG service=inventory message=OK
2025-12-20T19:29:50.397681 level=INFO service=payments message=OK
2025-12-20T19:29:51.399155 level=INFO service=payments message=OK
2025-12-20T19:29:52.403852 level=DEBUG service=orders message=OK
2025-12-20T19:29:53.407903 level=WARN service=inventory message=OK
2025-12-20T19:29:54.409152 level=WARN service=payments message=OK
2025-12-20T19:29:55.414260 level=DEBUG service=orders message=OK
2025-12-20T19:29:56.419426 level=WARN service=auth message=OK
2025-12-20T19:29:57.424568 level=WARN service=auth message=OK
2025-12-20T19:29:58.429743 level=INFO service=payments message=OK
2025-12-20T19:29:59.434640 level=WARN service=auth message=OK
2025-12-20T19:30:00.439742 level=INFO service=orders message=OK
2025-12-20T19:30:01.444168 level=ERROR service=auth message=NULL_POINTER
2025-12-20T19:30:02.445547 level=DEBUG service=inventory message=OK
2025-12-20T19:30:03.446763 level=WARN service=inventory message=OK
2025-12-20T19:30:04.450788 level=DEBUG service=inventory message=OK
2025-12-20T19:30:05.455897 level=ERROR service=orders message=NULL_POINTER
2025-12-20T19:30:06.461043 level=ERROR service=inventory message=CACHE_MISS
2025-12-20T19:30:07.462179 level=INFO service=orders message=OK
2025-12-20T19:30:08.467051 level=INFO service=payments message=OK
2025-12-20T19:30:09.469622 level=WARN service=orders message=OK
2025-12-20T19:30:10.474730 level=ERROR service=orders message=SERVICE_UNAVAILABLE
2025-12-20T19:30:11.477741 level=DEBUG service=payments message=OK
2025-12-20T19:30:12.480100 level=ERROR service=auth message=NULL_POINTER
2025-12-20T19:30:13.485295 level=WARN service=auth message=OK
2025-12-20T19:30:14.489323 level=WARN service=orders message=OK
2025-12-20T19:30:15.491292 level=WARN service=payments message=OK
2025-12-20T19:30:16.497195 level=DEBUG service=inventory message=OK
2025-12-20T19:30:17.500189 level=WARN service=orders message=OK
2025-12-20T19:30:18.504717 level=DEBUG service=inventory message=OK
2025-12-20T19:30:19.510023 level=ERROR service=orders message=NULL_POINTER
2025-12-20T19:30:20.511867 level=ERROR service=orders message=CACHE_MISS
2025-12-20T19:30:21.514392 level=INFO service=orders message=OK
2025-12-20T19:30:22.516013 level=DEBUG service=inventory message=OK
2025-12-20T19:30:23.520520 level=ERROR service=payments message=SERVICE_UNAVAILABLE
2025-12-20T19:30:24.522835 level=DEBUG service=orders message=OK
2025-12-20T19:30:25.526795 level=DEBUG service=payments message=OK
2025-12-20T19:30:26.532093 level=ERROR service=auth message=SERVICE_UNAVAILABLE
2025-12-20T19:30:27.537273 level=WARN service=inventory message=OK
2025-12-20T19:30:28.541091 level=DEBUG service=orders message=OK
2025-12-20T19:30:29.541702 level=DEBUG service=orders message=OK
2025-12-20T19:30:30.546007 level=DEBUG service=auth message=OK
2025-12-20T19:30:31.551279 level=INFO service=auth message=OK
2025-12-20T19:30:32.556629 level=ERROR service=payments message=SERVICE_UNAVAILABLE
2025-12-20T19:30:33.561660 level=DEBUG service=inventory message=OK
2025-12-20T19:30:34.563091 level=INFO service=inventory message=OK
2025-12-20T19:30:35.568569 level=INFO service=inventory message=OK
2025-12-20T19:30:36.573689 level=DEBUG service=auth message=OK
2025-12-20T19:30:37.578967 level=WARN service=payments message=OK
2025-12-20T19:30:38.582467 level=INFO service=inventory message=OK
2025-12-20T19:30:39.586306 level=ERROR service=inventory message=NULL_POINTER
2025-12-20T19:30:40.591820 level=ERROR service=auth message=DB_TIMEOUT
2025-12-20T19:30:41.595111 level=DEBUG service=payments message=OK
2025-12-20T19:30:42.600010 level=INFO service=orders message=OK
2025-12-20T19:30:43.602660 level=INFO service=auth message=OK
2025-12-20T19:30:44.606100 level=ERROR service=payments message=DB_TIMEOUT
2025-12-20T19:30:45.610275 level=INFO service=inventory message=OK
2025-12-20T19:30:46.615586 level=WARN service=inventory message=OK
2025-12-20T19:30:47.618659 level=ERROR service=payments message=SERVICE_UNAVAILABLE
2025-12-20T19:30:48.622767 level=WARN service=auth message=OK
2025-12-20T19:30:49.630325 level=INFO service=inventory message=OK
2025-12-20T19:30:50.635279 level=INFO service=orders message=OK
2025-12-20T19:30:51.636847 level=INFO service=auth message=OK
2025-12-20T19:30:52.640397 level=DEBUG service=auth message=OK
2025-12-20T19:30:53.642243 level=WARN service=auth message=OK
2025-12-20T19:30:54.647632 level=DEBUG service=auth message=OK
2025-12-20T19:30:55.647913 level=WARN service=inventory message=OK
2025-12-20T19:30:56.653006 level=DEBUG service=orders message=OK
2025-12-20T19:30:57.656122 level=WARN service=inventory message=OK
2025-12-20T19:30:58.660302 level=WARN service=auth message=OK
2025-12-20T19:30:59.665586 level=ERROR service=inventory message=CACHE_MISS
2025-12-20T19:31:00.667599 level=ERROR service=orders message=NULL_POINTER
2025-12-20T19:31:01.672505 level=WARN service=inventory message=OK
2025-12-20T19:31:02.673167 level=ERROR service=payments message=AUTH_FAILED
2025-12-20T19:31:03.678475 level=WARN service=orders message=OK
2025-12-20T19:31:04.681653 level=WARN service=inventory message=OK
2025-12-20T19:31:05.684986 level=WARN service=orders message=OK
2025-12-20T19:31:06.689216 level=DEBUG service=payments message=OK
2025-12-20T19:31:07.690845 level=INFO service=orders message=OK
2025-12-20T19:31:08.694452 level=DEBUG service=orders message=OK
2025-12-20T19:31:09.699350 level=WARN service=inventory message=OK
2025-12-20T19:31:10.703732 level=WARN service=payments message=OK
2025-12-20T19:31:11.708847 level=DEBUG service=payments message=OK
2025-12-20T19:31:12.711179 level=DEBUG service=payments message=OK
2025-12-20T19:31:13.711406 level=ERROR service=payments message=AUTH_FAILED
2025-12-20T19:31:14.714472 level=ERROR service=inventory message=CACHE_MISS
2025-12-20T19:31:15.718479 level=ERROR service=auth message=AUTH_FAILED
2025-12-20T19:31:16.722653 level=ERROR service=auth message=SERVICE_UNAVAILABLE
2025-12-20T19:31:17.724353 level=INFO service=orders message=OK
2025-12-20T19:31:18.729499 level=ERROR service=orders message=NULL_POINTER
2025-12-20T19:31:19.734211 level=DEBUG service=inventory message=OK
2025-12-20T19:31:20.737879 level=ERROR service=auth message=AUTH_FAILED
2025-12-20T19:31:21.741064 level=WARN service=inventory message=OK
2025-12-20T19:31:22.746220 level=INFO service=auth message=OK
2025-12-20T19:31:23.747775 level=INFO service=orders message=OK
2025-12-20T19:31:24.750730 level=DEBUG service=orders message=OK
2025-12-20T19:31:25.752492 level=WARN service=orders message=OK
2025-12-20T19:31:26.756650 level=ERROR service=orders message=DB_TIMEOUT
2025-12-20T19:31:27.761796 level=ERROR service=auth message=DB_TIMEOUT
2025-12-20T19:31:28.766920 level=WARN service=payments message=OK
2025-12-20T19:31:29.770268 level=ERROR service=orders message=DB_TIMEOUT
2025-12-20T19:31:30.772637 level=INFO service=orders message=OK
2025-12-20T19:31:31.774013 level=ERROR service=payments message=AUTH_FAILED
2025-12-20T19:31:32.774937 level=INFO service=inventory message=OK
2025-12-20T19:31:33.780138 level=INFO service=orders message=OK
2025-12-20T19:31:34.785316 level=ERROR service=orders message=AUTH_FAILED
2025-12-20T19:31:35.787213 level=DEBUG service=auth message=OK
2025-12-20T19:31:36.791467 level=INFO service=auth message=OK
2025-12-20T19:31:37.792123 level=ERROR service=inventory message=AUTH_FAILED
2025-12-20T19:31:38.793685 level=WARN service=orders message=OK
2025-12-20T19:31:39.798861 level=ERROR service=orders message=NULL_POINTER
2025-12-20T19:31:40.804070 level=WARN service=orders message=OK
2025-12-20T19:31:41.809150 level=WARN service=inventory message=OK
2025-12-20T19:31:42.813004 level=INFO service=payments message=OK
2025-12-20T19:31:43.818134 level=INFO service=inventory message=OK
2025-12-20T19:31:44.822854 level=ERROR service=payments message=SERVICE_UNAVAILABLE
2025-12-20T19:31:45.827116 level=WARN service=auth message=OK
2025-12-20T19:31:46.831745 level=INFO service=auth message=OK
2025-12-20T19:31:47.833674 level=ERROR service=inventory message=DB_TIMEOUT
2025-12-20T19:31:48.836240 level=INFO service=inventory message=OK
2025-12-20T19:31:49.837413 level=WARN service=inventory message=OK
2025-12-20T19:31:50.840556 level=DEBUG service=inventory message=OK
2025-12-20T19:31:51.844424 level=ERROR service=payments message=DB_TIMEOUT
2025-12-20T19:31:52.848926 level=DEBUG service=inventory message=OK
2025-12-20T19:31:53.854249 level=DEBUG service=payments message=OK
2025-12-20T19:31:54.858710 level=INFO service=auth message=OK
2025-12-20T19:31:55.862304 level=DEBUG service=inventory message=OK
2025-12-20T19:31:56.864671 level=ERROR service=auth message=SERVICE_UNAVAILABLE
2025-12-20T19:31:57.869269 level=DEBUG service=payments message=OK
2025-12-20T19:31:58.870795 level=DEBUG service=inventory message=OK
2025-12-20T19:31:59.876000 level=ERROR service=inventory message=NULL_POINTER
2025-12-20T19:32:00.881119 level=INFO service=payments message=OK
2025-12-20T19:32:01.885905 level=INFO service=auth message=OK
2025-12-20T19:32:02.891110 level=INFO service=inventory message=OK
2025-12-20T19:32:03.894189 level=WARN service=payments message=OK
2025-12-20T19:32:04.895706 level=DEBUG service=auth message=OK
2025-12-20T19:32:05.900630 level=DEBUG service=inventory message=OK
2025-12-20T19:32:06.905810 level=ERROR service=payments message=SERVICE_UNAVAILABLE
2025-12-20T19:32:07.907577 level=ERROR service=inventory message=AUTH_FAILED
2025-12-20T19:32:08.913072 level=ERROR service=payments message=SERVICE_UNAVAILABLE
2025-12-20T19:32:09.914052 level=INFO service=orders message=OK
2025-12-20T19:32:10.918705 level=INFO service=orders message=OK
2025-12-20T19:32:11.922963 level=ERROR service=payments message=NULL_POINTER
2025-12-20T19:32:12.924754 level=ERROR service=payments message=DB_TIMEOUT
2025-12-20T19:32:13.927560 level=INFO service=auth message=OK
2025-12-20T19:32:14.930995 level=WARN service=inventory message=OK
2025-12-20T19:32:15.932184 level=ERROR service=auth message=NULL_POINTER
2025-12-20T19:32:16.933321 level=DEBUG service=payments message=OK
2025-12-20T19:32:17.938488 level=WARN service=inventory message=OK
2025-12-20T19:32:18.942319 level=WARN service=payments message=OK
2025-12-20T19:32:19.943390 level=DEBUG service=auth message=OK
2025-12-20T19:32:20.946686 level=INFO service=payments message=OK
2025-12-20T19:32:21.950454 level=ERROR service=orders message=NULL_POINTER
2025-12-20T19:32:22.950892 level=DEBUG service=inventory message=OK
2025-12-20T19:32:23.952523 level=ERROR service=payments message=AUTH_FAILED
2025-12-20T19:32:24.957842 level=DEBUG service=auth message=OK
2025-12-20T19:32:25.963107 level=DEBUG service=inventory message=OK
2025-12-20T19:32:26.968322 level=DEBUG service=orders message=OK
2025-12-20T19:32:27.972323 level=ERROR service=payments message=CACHE_MISS
2025-12-20T19:32:28.977163 level=ERROR service=auth message=NULL_POINTER
2025-12-20T19:32:29.980223 level=ERROR service=inventory message=AUTH_FAILED
2025-12-20T19:32:30.981291 level=INFO service=auth message=OK
2025-12-20T19:32:31.981498 level=INFO service=orders message=OK
2025-12-20T19:32:32.982351 level=ERROR service=auth message=SERVICE_UNAVAILABLE
2025-12-20T19:32:33.986087 level=INFO service=inventory message=OK
2025-12-20T19:32:34.986905 level=DEBUG service=inventory message=OK
2025-12-20T19:32:35.989357 level=ERROR service=payments message=AUTH_FAILED
2025-12-20T19:32:36.995159 level=INFO service=auth message=OK
2025-12-20T19:32:37.999029 level=ERROR service=payments message=NULL_POINTER
2025-12-20T19:32:39.001543 level=WARN service=orders message=OK
2025-12-20T19:32:40.004962 level=INFO service=orders message=OK
2025-12-20T19:32:41.010160 level=DEBUG service=inventory message=OK
2025-12-20T19:32:42.012260 level=DEBUG service=orders message=OK
2025-12-20T19:32:43.014666 level=ERROR service=orders message=NULL_POINTER
2025-12-20T19:32:44.015200 level=WARN service=orders message=OK
2025-12-20T19:32:45.018894 level=WARN service=auth message=OK
2025-12-20T19:32:46.021969 level=DEBUG service=auth message=OK
2025-12-20T19:32:47.024697 level=WARN service=inventory message=OK
2025-12-20T19:32:48.029252 level=ERROR service=inventory message=SERVICE_UNAVAILABLE
2025-12-20T19:32:49.034468 level=DEBUG service=inventory message=OK
2025-12-20T19:32:50.039766 level=WARN service=inventory message=OK
2025-12-20T19:32:51.045033 level=DEBUG service=orders message=OK
2025-12-20T19:32:52.046372 level=ERROR service=auth message=CACHE_MISS
2025-12-20T19:32:53.050731 level=INFO service=inventory message=OK
2025-12-20T19:32:54.055555 level=WARN service=inventory message=OK
2025-12-20T19:32:55.057333 level=ERROR service=auth message=SERVICE_UNAVAILABLE
2025-12-20T19:32:56.060545 level=DEBUG service=auth message=OK
2025-12-20T19:32:57.065801 level=DEBUG service=payments message=OK
2025-12-20T19:32:58.068269 level=ERROR service=auth message=NULL_POINTER
2025-12-20T19:32:59.073525 level=DEBUG service=payments message=OK
2025-12-20T19:33:00.078653 level=WARN service=orders message=OK
2025-12-20T19:33:01.081779 level=WARN service=inventory message=OK
2025-12-20T19:33:02.086523 level=WARN service=auth message=OK
2025-12-20T19:33:03.091173 level=WARN service=auth message=OK
2025-12-20T19:33:04.092630 level=WARN service=inventory message=OK
2025-12-20T19:33:05.097803 level=INFO service=auth message=OK
2025-12-20T19:33:06.099086 level=INFO service=inventory message=OK
2025-12-20T19:33:07.101454 level=DEBUG service=inventory message=OK
2025-12-20T19:33:08.102216 level=ERROR service=orders message=CACHE_MISS
2025-12-20T19:33:09.106385 level=DEBUG service=orders message=OK
2025-12-20T19:33:10.110845 level=INFO service=payments message=OK
2025-12-20T19:33:11.114902 level=DEBUG service=inventory message=OK
2025-12-20T19:33:12.119284 level=WARN service=inventory message=OK
2025-12-20T19:33:13.121039 level=INFO service=inventory message=OK
2025-12-20T19:33:14.123032 level=INFO service=inventory message=OK
2025-12-20T19:33:15.128161 level=WARN service=orders message=OK
2025-12-20T19:33:16.132565 level=INFO service=inventory message=OK
2025-12-20T19:33:17.134401 level=DEBUG service=orders message=OK
2025-12-20T19:33:18.137871 level=WARN service=auth message=OK
2025-12-20T19:33:19.138601 level=DEBUG service=payments message=OK
2025-12-20T19:33:20.142172 level=INFO service=inventory message=OK
2025-12-20T19:33:21.147625 level=DEBUG service=payments message=OK
2025-12-20T19:33:22.152467 level=WARN service=auth message=OK
2025-12-20T19:33:23.157662 level=ERROR service=inventory message=CACHE_MISS
2025-12-20T19:33:24.162900 level=ERROR service=payments message=SERVICE_UNAVAILABLE
2025-12-20T19:33:25.165228 level=WARN service=orders message=OK
2025-12-20T19:33:26.170396 level=ERROR service=orders message=DB_TIMEOUT
2025-12-20T19:33:27.175098 level=DEBUG service=payments message=OK
2025-12-20T19:33:28.179023 level=ERROR service=orders message=AUTH_FAILED
2025-12-20T19:33:29.179522 level=DEBUG service=auth message=OK
2025-12-20T19:33:30.184625 level=DEBUG service=auth message=OK
2025-12-20T19:33:31.189684 level=ERROR service=orders message=DB_TIMEOUT
2025-12-20T19:33:32.190699 level=WARN service=inventory message=OK
2025-12-20T19:33:33.193758 level=ERROR service=payments message=AUTH_FAILED
2025-12-20T19:33:34.194521 level=ERROR service=orders message=CACHE_MISS
2025-12-20T19:33:35.196539 level=INFO service=orders message=OK
2025-12-20T19:33:36.198801 level=WARN service=payments message=OK
2025-12-20T19:33:37.203957 level=INFO service=inventory message=OK
2025-12-20T19:33:38.206944 level=DEBUG service=orders message=OK
2025-12-20T19:33:39.212119 level=DEBUG service=inventory message=OK
2025-12-20T19:33:40.217129 level=INFO service=orders message=OK
2025-12-20T19:33:41.221851 level=WARN service=orders message=OK
2025-12-20T19:33:42.226013 level=INFO service=auth message=OK
2025-12-20T19:33:43.230539 level=ERROR service=orders message=SERVICE_UNAVAILABLE
2025-12-20T19:33:44.236139 level=INFO service=auth message=OK
2025-12-20T19:33:45.237599 level=INFO service=payments message=OK
2025-12-20T19:33:46.242826 level=INFO service=auth message=OK
2025-12-20T19:33:47.247118 level=WARN service=auth message=OK
2025-12-20T19:33:48.252313 level=DEBUG service=auth message=OK
2025-12-20T19:33:49.256995 level=DEBUG service=inventory message=OK
2025-12-20T19:33:50.259034 level=DEBUG service=inventory message=OK
2025-12-20T19:33:51.262755 level=DEBUG service=auth message=OK
2025-12-20T19:33:52.267830 level=DEBUG service=orders message=OK
2025-12-20T19:33:53.273145 level=DEBUG service=orders message=OK
2025-12-20T19:33:54.276175 level=WARN service=orders message=OK
2025-12-20T19:33:55.280948 level=ERROR service=orders message=CACHE_MISS
2025-12-20T19:33:56.286381 level=WARN service=payments message=OK
2025-12-20T19:33:57.291493 level=INFO service=payments message=OK
2025-12-20T19:33:58.292600 level=INFO service=inventory message=OK
2025-12-20T19:33:59.297015 level=ERROR service=payments message=DB_TIMEOUT
2025-12-20T19:34:00.301350 level=ERROR service=inventory message=SERVICE_UNAVAILABLE
2025-12-20T19:34:01.302864 level=DEBUG service=auth message=OK
2025-12-20T19:34:02.306518 level=WARN service=auth message=OK
2025-12-20T19:34:03.311744 level=INFO service=auth message=OK
2025-12-20T19:34:04.317619 level=INFO service=payments message=OK
2025-12-20T19:34:05.321872 level=ERROR service=payments message=NULL_POINTER
2025-12-20T19:34:06.325514 level=ERROR service=orders message=NULL_POINTER
2025-12-20T19:34:07.330385 level=WARN service=inventory message=OK
2025-12-20T19:34:08.335667 level=ERROR service=inventory message=AUTH_FAILED
2025-12-20T19:34:09.337991 level=INFO service=inventory message=OK
2025-12-20T19:34:10.340533 level=WARN service=inventory message=OK
2025-12-20T19:34:11.344932 level=WARN service=auth message=OK
2025-12-20T19:34:12.346794 level=DEBUG service=orders message=OK
2025-12-20T19:34:13.352058 level=ERROR service=auth message=AUTH_FAILED
2025-12-20T19:34:14.356340 level=ERROR service=payments message=DB_TIMEOUT
2025-12-20T19:34:15.360730 level=ERROR service=orders message=NULL_POINTER
2025-12-20T19:34:16.365374 level=DEBUG service=orders message=OK
2025-12-20T19:34:17.367222 level=ERROR service=inventory message=AUTH_FAILED
2025-12-20T19:34:18.371919 level=WARN service=orders message=OK
2025-12-20T19:34:19.374561 level=ERROR service=auth message=DB_TIMEOUT
2025-12-20T19:34:20.375267 level=WARN service=inventory message=OK
2025-12-20T19:34:21.377593 level=ERROR service=orders message=NULL_POINTER
2025-12-20T19:34:22.382132 level=ERROR service=orders message=NULL_POINTER
2025-12-20T19:34:23.386953 level=ERROR service=orders message=DB_TIMEOUT
2025-12-20T19:34:24.390463 level=INFO service=auth message=OK
2025-12-20T19:34:25.394044 level=WARN service=payments message=OK
2025-12-20T19:34:26.398818 level=ERROR service=auth message=CACHE_MISS
2025-12-20T19:34:27.402402 level=INFO service=orders message=OK
2025-12-20T19:34:28.407783 level=INFO service=auth message=OK
2025-12-20T19:34:29.408239 level=WARN service=inventory message=OK
2025-12-20T19:34:30.412931 level=WARN service=payments message=OK
2025-12-20T19:34:31.418212 level=INFO service=inventory message=OK
2025-12-20T19:34:32.420405 level=WARN service=orders message=OK
2025-12-20T19:34:33.425535 level=DEBUG service=orders message=OK
2025-12-20T19:34:34.430464 level=DEBUG service=inventory message=OK
2025-12-20T19:34:35.436467 level=ERROR service=payments message=AUTH_FAILED
2025-12-20T19:34:36.440860 level=ERROR service=auth message=AUTH_FAILED
2025-12-20T19:34:37.443507 level=DEBUG service=inventory message=OK
2025-12-20T19:34:38.446202 level=INFO service=auth message=OK
2025-12-20T19:34:39.449622 level=INFO service=auth message=OK
2025-12-20T19:34:40.452759 level=WARN service=payments message=OK
2025-12-20T19:34:41.458749 level=ERROR service=orders message=SERVICE_UNAVAILABLE
2025-12-20T19:34:42.461733 level=WARN service=inventory message=OK
2025-12-20T19:34:43.466274 level=ERROR service=inventory message=DB_TIMEOUT
2025-12-20T19:34:44.469426 level=ERROR service=inventory message=CACHE_MISS
2025-12-20T19:34:45.473855 level=ERROR service=inventory message=AUTH_FAILED
2025-12-20T19:34:46.478403 level=WARN service=orders message=OK
2025-12-20T19:34:47.483431 level=ERROR service=payments message=CACHE_MISS
2025-12-20T19:34:48.486460 level=ERROR service=payments message=NULL_POINTER
2025-12-20T19:34:49.491651 level=DEBUG service=orders message=OK
2025-12-20T19:34:50.496675 level=WARN service=auth message=OK
2025-12-20T19:34:51.501812 level=DEBUG service=auth message=OK
2025-12-20T19:34:52.506681 level=ERROR service=inventory message=DB_TIMEOUT
2025-12-20T19:34:53.510778 level=WARN service=orders message=OK
2025-12-20T19:34:54.514122 level=INFO service=inventory message=OK
2025-12-20T19:34:55.518170 level=WARN service=auth message=OK
2025-12-20T19:34:56.518512 level=ERROR service=orders message=DB_TIMEOUT
2025-12-20T19:34:57.521852 level=DEBUG service=inventory message=OK
2025-12-20T19:34:58.527266 level=ERROR service=orders message=DB_TIMEOUT
2025-12-20T19:34:59.532583 level=DEBUG service=payments message=OK
2025-12-20T19:35:00.534101 level=ERROR service=auth message=AUTH_FAILED
2025-12-20T19:35:01.535785 level=INFO service=payments message=OK
2025-12-20T19:35:02.537817 level=INFO service=auth message=OK
2025-12-20T19:35:03.538073 level=ERROR service=auth message=AUTH_FAILED
2025-12-20T19:35:04.542138 level=WARN service=auth message=OK
2025-12-20T19:35:05.546813 level=ERROR service=inventory message=CACHE_MISS
2025-12-20T19:35:06.549952 level=WARN service=inventory message=OK
2025-12-20T19:35:07.552760 level=ERROR service=payments message=CACHE_MISS
2025-12-20T19:35:08.556194 level=DEBUG service=orders message=OK
2025-12-20T19:35:09.561518 level=WARN service=payments message=OK
2025-12-20T19:35:10.565005 level=INFO service=auth message=OK
2025-12-20T19:35:11.569149 level=WARN service=inventory message=OK
2025-12-20T19:35:12.574101 level=INFO service=orders message=OK
2025-12-20T19:35:13.576875 level=ERROR service=inventory message=AUTH_FAILED
2025-12-20T19:35:14.580656 level=INFO service=auth message=OK
2025-12-20T19:35:15.585785 level=DEBUG service=inventory message=OK
2025-12-20T19:35:16.590444 level=DEBUG service=auth message=OK
2025-12-20T19:35:17.594099 level=ERROR service=payments message=SERVICE_UNAVAILABLE
2025-12-20T19:35:18.599182 level=DEBUG service=orders message=OK
2025-12-20T19:35:19.603657 level=ERROR service=orders message=SERVICE_UNAVAILABLE
2025-12-20T19:35:20.605925 level=DEBUG service=auth message=OK
2025-12-20T19:35:21.606343 level=WARN service=orders message=OK
2025-12-20T19:35:22.610843 level=INFO service=auth message=OK
2025-12-20T19:35:23.612661 level=DEBUG service=auth message=OK
2025-12-20T19:35:24.615145 level=ERROR service=orders message=AUTH_FAILED
2025-12-20T19:35:25.620128 level=ERROR service=orders message=DB_TIMEOUT
2025-12-20T19:35:26.623094 level=DEBUG service=payments message=OK
2025-12-20T19:35:27.626650 level=ERROR service=auth message=NULL_POINTER
2025-12-20T19:35:28.626853 level=INFO service=inventory message=OK
2025-12-20T19:35:29.629547 level=ERROR service=payments message=CACHE_MISS
2025-12-20T19:35:30.634363 level=INFO service=auth message=OK
2025-12-20T19:35:31.639288 level=DEBUG service=auth message=OK
2025-12-20T19:35:32.644205 level=WARN service=inventory message=OK
2025-12-20T19:35:33.646052 level=WARN service=payments message=OK
2025-12-20T19:35:34.647376 level=INFO service=orders message=OK
2025-12-20T19:35:35.652168 level=INFO service=inventory message=OK
2025-12-20T19:35:36.655820 level=WARN service=orders message=OK
2025-12-20T19:35:37.660887 level=INFO service=orders message=OK
2025-12-20T19:35:38.662913 level=WARN service=auth message=OK
2025-12-20T19:35:39.667608 level=ERROR service=payments message=SERVICE_UNAVAILABLE
2025-12-20T19:35:40.668225 level=WARN service=auth message=OK
2025-12-20T19:35:41.672616 level=ERROR service=inventory message=NULL_POINTER
2025-12-20T19:35:42.674063 level=INFO service=payments message=OK
2025-12-20T19:35:43.678885 level=ERROR service=auth message=DB_TIMEOUT
2025-12-20T19:35:44.681704 level=WARN service=inventory message=OK
2025-12-20T19:35:45.685874 level=ERROR service=inventory message=DB_TIMEOUT
2025-12-20T19:35:46.689603 level=INFO service=auth message=OK
2025-12-20T19:35:47.694235 level=INFO service=inventory message=OK
2025-12-20T19:35:48.698404 level=INFO service=payments message=OK
2025-12-20T19:35:49.700866 level=ERROR service=auth message=AUTH_FAILED
2025-12-20T19:35:50.703829 level=ERROR service=inventory message=DB_TIMEOUT
2025-12-20T19:35:51.707806 level=INFO service=auth message=OK
2025-12-20T19:35:52.712338 level=INFO service=inventory message=OK
2025-12-20T19:35:53.716304 level=WARN service=orders message=OK
2025-12-20T19:35:54.720611 level=WARN service=payments message=OK
2025-12-20T19:35:55.725022 level=INFO service=inventory message=OK
2025-12-20T19:35:56.728504 level=INFO service=orders message=OK
2025-12-20T19:35:57.732723 level=ERROR service=inventory message=DB_TIMEOUT
2025-12-20T19:35:58.737855 level=DEBUG service=payments message=OK
2025-12-20T19:35:59.740751 level=WARN service=auth message=OK
2025-12-20T19:36:00.744572 level=WARN service=auth message=OK
2025-12-20T19:36:01.749112 level=WARN service=orders message=OK
2025-12-20T19:36:02.754097 level=INFO service=inventory message=OK
2025-12-20T19:36:03.756856 level=ERROR service=auth message=SERVICE_UNAVAILABLE
2025-12-20T19:36:04.761831 level=WARN service=orders message=OK
2025-12-20T19:36:05.765818 level=DEBUG service=inventory message=OK
2025-12-20T19:36:06.770249 level=WARN service=inventory message=OK
2025-12-20T19:36:07.774142 level=ERROR service=inventory message=DB_TIMEOUT
2025-12-20T19:36:08.777622 level=DEBUG service=auth message=OK
2025-12-20T19:36:09.782244 level=INFO service=auth message=OK
2025-12-20T19:36:10.784395 level=INFO service=payments message=OK
2025-12-20T19:36:11.789032 level=DEBUG service=inventory message=OK
2025-12-20T19:36:12.794490 level=INFO service=payments message=OK
2025-12-20T19:36:13.798963 level=DEBUG service=orders message=OK
2025-12-20T19:36:14.800324 level=INFO service=payments message=OK
2025-12-20T19:36:15.805161 level=ERROR service=payments message=AUTH_FAILED
2025-12-20T19:36:16.808643 level=WARN service=payments message=OK
2025-12-20T19:36:17.813078 level=INFO service=payments message=OK
2025-12-20T19:36:18.814982 level=INFO service=orders message=OK
2025-12-20T19:36:19.819316 level=WARN service=payments message=OK
2025-12-20T19:36:20.822334 level=INFO service=inventory message=OK
2025-12-20T19:36:21.827589 level=DEBUG service=orders message=OK
2025-12-20T19:36:22.832300 level=INFO service=auth message=OK
2025-12-20T19:36:23.840127 level=DEBUG service=orders message=OK
2025-12-20T19:36:24.845200 level=ERROR service=payments message=CACHE_MISS
2025-12-20T19:36:25.849908 level=WARN service=inventory message=OK
2025-12-20T19:36:26.853976 level=DEBUG service=auth message=OK
2025-12-20T19:36:27.859186 level=DEBUG service=auth message=OK
2025-12-20T19:36:28.862699 level=INFO service=orders message=OK
2025-12-20T19:36:29.865233 level=INFO service=payments message=OK
2025-12-20T19:36:30.869922 level=WARN service=payments message=OK
2025-12-20T19:36:31.875214 level=INFO service=payments message=OK
2025-12-20T19:36:32.880209 level=WARN service=auth message=OK
2025-12-20T19:36:33.885501 level=DEBUG service=inventory message=OK
2025-12-20T19:36:34.890710 level=WARN service=payments message=OK
2025-12-20T19:36:35.894016 level=INFO service=orders message=OK
2025-12-20T19:36:36.898997 level=INFO service=payments message=OK
2025-12-20T19:36:37.903244 level=INFO service=auth message=OK
2025-12-20T19:36:38.908566 level=INFO service=inventory message=OK
2025-12-20T19:36:39.911933 level=ERROR service=inventory message=DB_TIMEOUT
2025-12-20T19:36:40.915201 level=ERROR service=orders message=NULL_POINTER
2025-12-20T19:36:41.920296 level=INFO service=orders message=OK
2025-12-20T19:36:42.925614 level=ERROR service=inventory message=NULL_POINTER
2025-12-20T19:36:43.930810 level=ERROR service=orders message=SERVICE_UNAVAILABLE
2025-12-20T19:36:44.935048 level=ERROR service=inventory message=CACHE_MISS
2025-12-20T19:36:45.940574 level=DEBUG service=orders message=OK
2025-12-20T19:36:46.944360 level=DEBUG service=auth message=OK
2025-12-20T19:36:47.949094 level=WARN service=orders message=OK
2025-12-20T19:36:48.953810 level=WARN service=orders message=OK
2025-12-20T19:36:49.958648 level=WARN service=inventory message=OK
2025-12-20T19:36:50.959409 level=DEBUG service=inventory message=OK
2025-12-20T19:36:51.964709 level=WARN service=inventory message=OK
2025-12-20T19:36:52.969405 level=INFO service=orders message=OK
2025-12-20T19:36:53.974484 level=ERROR service=orders message=CACHE_MISS
2025-12-20T19:36:54.979525 level=DEBUG service=inventory message=OK
2025-12-20T19:36:55.982928 level=INFO service=payments message=OK
2025-12-20T19:36:56.988230 level=DEBUG service=auth message=OK
2025-12-20T19:36:57.989971 level=INFO service=inventory message=OK
2025-12-20T19:36:58.994493 level=ERROR service=orders message=DB_TIMEOUT
2025-12-20T19:36:59.998449 level=INFO service=payments message=OK
2025-12-20T19:37:01.002076 level=WARN service=inventory message=OK
2025-12-20T19:37:02.007186 level=ERROR service=orders message=DB_TIMEOUT
2025-12-20T19:37:03.008454 level=ERROR service=payments message=CACHE_MISS
2025-12-20T19:37:04.013004 level=INFO service=auth message=OK
2025-12-20T19:37:05.015480 level=ERROR service=inventory message=NULL_POINTER
2025-12-20T19:37:06.019862 level=ERROR service=orders message=DB_TIMEOUT
2025-12-20T19:37:07.023516 level=ERROR service=orders message=AUTH_FAILED
2025-12-20T19:37:08.027999 level=ERROR service=auth message=NULL_POINTER
2025-12-20T19:37:09.029356 level=ERROR service=payments message=CACHE_MISS
2025-12-20T19:37:10.032797 level=DEBUG service=auth message=OK
2025-12-20T19:37:11.036562 level=INFO service=inventory message=OK
2025-12-20T19:37:12.041185 level=INFO service=orders message=OK
2025-12-20T19:37:13.044895 level=WARN service=orders message=OK
2025-12-20T19:37:14.049479 level=ERROR service=inventory message=NULL_POINTER
2025-12-20T19:37:15.053900 level=ERROR service=orders message=DB_TIMEOUT
2025-12-20T19:37:16.058979 level=ERROR service=payments message=DB_TIMEOUT
2025-12-20T19:37:17.064253 level=INFO service=auth message=OK
2025-12-20T19:37:18.069457 level=DEBUG service=auth message=OK
2025-12-20T19:37:19.074711 level=WARN service=inventory message=OK
2025-12-20T19:37:20.079873 level=DEBUG service=auth message=OK
2025-12-20T19:37:21.081914 level=ERROR service=inventory message=SERVICE_UNAVAILABLE
2025-12-20T19:37:22.086578 level=INFO service=inventory message=OK
2025-12-20T19:37:23.089407 level=INFO service=inventory message=OK
2025-12-20T19:37:24.092711 level=WARN service=inventory message=OK
2025-12-20T19:37:25.096839 level=ERROR service=inventory message=CACHE_MISS
2025-12-20T19:37:26.097347 level=INFO service=orders message=OK
2025-12-20T19:37:27.099159 level=INFO service=inventory message=OK
2025-12-20T19:37:28.102768 level=DEBUG service=payments message=OK
2025-12-20T19:37:29.107582 level=DEBUG service=orders message=OK
2025-12-20T19:37:30.112200 level=WARN service=orders message=OK
2025-12-20T19:37:31.115262 level=DEBUG service=payments message=OK
2025-12-20T19:37:32.120294 level=ERROR service=payments message=CACHE_MISS
2025-12-20T19:37:33.124653 level=WARN service=payments message=OK
2025-12-20T19:37:34.126145 level=DEBUG service=auth message=OK
2025-12-20T19:37:35.131376 level=ERROR service=payments message=NULL_POINTER
2025-12-20T19:37:36.135771 level=WARN service=payments message=OK
2025-12-20T19:37:37.137060 level=WARN service=inventory message=OK
2025-12-20T19:37:38.140265 level=ERROR service=auth message=NULL_POINTER
2025-12-20T19:37:39.140941 level=WARN service=orders message=OK
2025-12-20T19:37:40.144943 level=INFO service=payments message=OK
2025-12-20T19:37:41.149699 level=DEBUG service=auth message=OK
2025-12-20T19:37:42.152997 level=WARN service=orders message=OK
2025-12-20T19:37:43.158455 level=WARN service=payments message=OK
2025-12-20T19:37:44.163589 level=WARN service=orders message=OK
2025-12-20T19:37:45.168732 level=DEBUG service=payments message=OK
2025-12-20T19:37:46.173471 level=DEBUG service=inventory message=OK
2025-12-20T19:37:47.178303 level=ERROR service=payments message=CACHE_MISS
2025-12-20T19:37:48.182903 level=WARN service=auth message=OK
2025-12-20T19:37:49.188185 level=DEBUG service=orders message=OK
2025-12-20T19:37:50.192883 level=DEBUG service=payments message=OK
2025-12-20T19:37:51.195931 level=INFO service=inventory message=OK
2025-12-20T19:37:52.200700 level=ERROR service=auth message=NULL_POINTER
2025-12-20T19:37:53.204729 level=DEBUG service=inventory message=OK
2025-12-20T19:37:54.207904 level=INFO service=payments message=OK
2025-12-20T19:37:55.211392 level=DEBUG service=inventory message=OK
2025-12-20T19:37:56.214851 level=INFO service=auth message=OK
2025-12-20T19:37:57.219985 level=DEBUG service=auth message=OK
2025-12-20T19:37:58.220235 level=DEBUG service=orders message=OK
2025-12-20T19:37:59.223776 level=ERROR service=inventory message=DB_TIMEOUT
2025-12-20T19:38:00.229440 level=INFO service=orders message=OK
2025-12-20T19:38:01.233889 level=ERROR service=payments message=AUTH_FAILED
2025-12-20T19:38:02.235635 level=DEBUG service=auth message=OK
2025-12-20T19:38:03.236904 level=INFO service=payments message=OK
2025-12-20T19:38:04.241778 level=ERROR service=auth message=NULL_POINTER
2025-12-20T19:38:05.245641 level=ERROR service=orders message=NULL_POINTER
2025-12-20T19:38:06.251487 level=DEBUG service=payments message=OK
2025-12-20T19:38:07.253673 level=WARN service=inventory message=OK
2025-12-20T19:38:08.254271 level=ERROR service=auth message=AUTH_FAILED
2025-12-20T19:38:09.259670 level=DEBUG service=inventory message=OK
2025-12-20T19:38:10.264775 level=INFO service=payments message=OK
2025-12-20T19:38:11.269619 level=ERROR service=orders message=AUTH_FAILED
2025-12-20T19:38:12.273735 level=INFO service=orders message=OK
2025-12-20T19:38:13.276159 level=WARN service=payments message=OK
2025-12-20T19:38:14.280552 level=WARN service=auth message=OK
2025-12-20T19:38:15.282527 level=WARN service=auth message=OK
2025-12-20T19:38:16.286942 level=INFO service=inventory message=OK
2025-12-20T19:38:17.292249 level=INFO service=auth message=OK
2025-12-20T19:38:18.295169 level=ERROR service=auth message=AUTH_FAILED
2025-12-20T19:38:19.300379 level=ERROR service=orders message=SERVICE_UNAVAILABLE
2025-12-20T19:38:20.302076 level=INFO service=inventory message=OK
2025-12-20T19:38:21.307029 level=WARN service=payments message=OK
2025-12-20T19:38:22.310287 level=INFO service=payments message=OK
2025-12-20T19:38:23.315370 level=WARN service=auth message=OK
2025-12-20T19:38:24.320532 level=WARN service=auth message=OK
2025-12-20T19:38:25.321223 level=INFO service=orders message=OK
2025-12-20T19:38:26.324188 level=DEBUG service=orders message=OK
2025-12-20T19:38:27.329337 level=WARN service=auth message=OK
2025-12-20T19:38:28.333872 level=INFO service=inventory message=OK
2025-12-20T19:38:29.335682 level=INFO service=inventory message=OK
2025-12-20T19:38:30.340236 level=WARN service=auth message=OK
2025-12-20T19:38:31.343275 level=WARN service=payments message=OK
2025-12-20T19:38:32.348102 level=DEBUG service=inventory message=OK
2025-12-20T19:38:33.351938 level=DEBUG service=inventory message=OK
2025-12-20T19:38:34.357062 level=INFO service=payments message=OK
2025-12-20T19:38:35.361915 level=INFO service=payments message=OK
2025-12-20T19:38:36.365906 level=DEBUG service=payments message=OK
2025-12-20T19:38:37.371645 level=WARN service=orders message=OK
2025-12-20T19:38:38.374203 level=DEBUG service=inventory message=OK
2025-12-20T19:38:39.376133 level=ERROR service=inventory message=AUTH_FAILED
2025-12-20T19:38:40.381346 level=INFO service=orders message=OK
2025-12-20T19:38:41.384988 level=ERROR service=orders message=NULL_POINTER
2025-12-20T19:38:42.390123 level=WARN service=inventory message=OK
2025-12-20T19:38:43.395897 level=ERROR service=inventory message=NULL_POINTER
2025-12-20T19:38:44.397588 level=ERROR service=auth message=SERVICE_UNAVAILABLE
2025-12-20T19:38:45.402521 level=INFO service=auth message=OK
2025-12-20T19:38:46.407077 level=WARN service=inventory message=OK
2025-12-20T19:38:47.412387 level=DEBUG service=payments message=OK
2025-12-20T19:38:48.414204 level=ERROR service=orders message=NULL_POINTER
2025-12-20T19:38:49.419519 level=DEBUG service=orders message=OK
2025-12-20T19:38:50.420036 level=INFO service=orders message=OK
2025-12-20T19:38:51.424373 level=INFO service=inventory message=OK
2025-12-20T19:38:52.427733 level=WARN service=payments message=OK
2025-12-20T19:38:53.432013 level=WARN service=payments message=OK
2025-12-20T19:38:54.436846 level=WARN service=auth message=OK
2025-12-20T19:38:55.440908 level=DEBUG service=payments message=OK
2025-12-20T19:38:56.445370 level=DEBUG service=orders message=OK
2025-12-20T19:38:57.446234 level=WARN service=auth message=OK
2025-12-20T19:38:58.448146 level=INFO service=auth message=OK
2025-12-20T19:38:59.452058 level=WARN service=inventory message=OK
2025-12-20T19:39:00.452764 level=WARN service=payments message=OK
2025-12-20T19:39:01.456295 level=DEBUG service=payments message=OK
2025-12-20T19:39:02.459652 level=ERROR service=auth message=DB_TIMEOUT
2025-12-20T19:39:03.463463 level=INFO service=orders message=OK
2025-12-20T19:39:04.467101 level=INFO service=payments message=OK
2025-12-20T19:39:05.468777 level=WARN service=orders message=OK
2025-12-20T19:39:06.472520 level=INFO service=inventory message=OK
2025-12-20T19:39:07.474677 level=ERROR service=auth message=SERVICE_UNAVAILABLE
2025-12-20T19:39:08.478652 level=INFO service=orders message=OK
2025-12-20T19:39:09.483033 level=WARN service=orders message=OK
2025-12-20T19:39:10.487959 level=WARN service=auth message=OK
2025-12-20T19:39:11.492027 level=ERROR service=orders message=SERVICE_UNAVAILABLE
2025-12-20T19:39:12.496961 level=DEBUG service=inventory message=OK
2025-12-20T19:39:13.499809 level=WARN service=payments message=OK
2025-12-20T19:39:14.504428 level=ERROR service=orders message=SERVICE_UNAVAILABLE
2025-12-20T19:39:15.505699 level=INFO service=orders message=OK
2025-12-20T19:39:16.508133 level=DEBUG service=inventory message=OK
2025-12-20T19:39:17.513080 level=DEBUG service=inventory message=OK
2025-12-20T19:39:18.517686 level=ERROR service=auth message=SERVICE_UNAVAILABLE
2025-12-20T19:39:19.522510 level=INFO service=auth message=OK
2025-12-20T19:39:20.527380 level=WARN service=payments message=OK
2025-12-20T19:39:21.531320 level=WARN service=payments message=OK
2025-12-20T19:39:22.533765 level=DEBUG service=inventory message=OK
2025-12-20T19:39:23.538747 level=DEBUG service=payments message=OK
2025-12-20T19:39:24.542724 level=DEBUG service=auth message=OK
2025-12-20T19:39:25.547744 level=INFO service=orders message=OK
2025-12-20T19:39:26.549099 level=DEBUG service=orders message=OK
2025-12-20T19:39:27.554166 level=DEBUG service=inventory message=OK
2025-12-20T19:39:28.559232 level=WARN service=payments message=OK
2025-12-20T19:39:29.562527 level=DEBUG service=orders message=OK
2025-12-20T19:39:30.566800 level=WARN service=orders message=OK
2025-12-20T19:39:31.570293 level=WARN service=payments message=OK
2025-12-20T19:39:32.575431 level=WARN service=orders message=OK
2025-12-20T19:39:33.580550 level=INFO service=orders message=OK
2025-12-20T19:39:34.585938 level=DEBUG service=payments message=OK
2025-12-20T19:39:35.586083 level=DEBUG service=auth message=OK
2025-12-20T19:39:36.591212 level=DEBUG service=orders message=OK
2025-12-20T19:39:37.594985 level=DEBUG service=inventory message=OK
2025-12-20T19:39:38.600196 level=DEBUG service=auth message=OK
2025-12-20T19:39:39.603268 level=ERROR service=payments message=NULL_POINTER
2025-12-20T19:39:40.608579 level=WARN service=orders message=OK
2025-12-20T19:39:41.611534 level=WARN service=auth message=OK
2025-12-20T19:39:42.615548 level=DEBUG service=auth message=OK
2025-12-20T19:39:43.618457 level=DEBUG service=payments message=OK
2025-12-20T19:39:44.619505 level=INFO service=orders message=OK
2025-12-20T19:39:45.622389 level=WARN service=orders message=OK
2025-12-20T19:39:46.625404 level=DEBUG service=payments message=OK
2025-12-20T19:39:47.627931 level=WARN service=auth message=OK
2025-12-20T19:39:48.633286 level=ERROR service=inventory message=SERVICE_UNAVAILABLE
2025-12-20T19:39:49.637922 level=DEBUG service=payments message=OK
2025-12-20T19:39:50.643213 level=INFO service=inventory message=OK
2025-12-20T19:39:51.648051 level=INFO service=orders message=OK
2025-12-20T19:39:52.648627 level=ERROR service=payments message=AUTH_FAILED
2025-12-20T19:39:53.652755 level=INFO service=auth message=OK
2025-12-20T19:39:54.653319 level=ERROR service=payments message=CACHE_MISS
2025-12-20T19:39:55.654991 level=DEBUG service=inventory message=OK
2025-12-20T19:39:56.658067 level=WARN service=payments message=OK
2025-12-20T19:39:57.663203 level=DEBUG service=inventory message=OK
2025-12-20T19:39:58.666662 level=DEBUG service=inventory message=OK
2025-12-20T19:39:59.669366 level=INFO service=orders message=OK
2025-12-20T19:40:00.674015 level=INFO service=orders message=OK
2025-12-20T19:40:01.677590 level=WARN service=orders message=OK
2025-12-20T19:40:02.681180 level=DEBUG service=inventory message=OK
2025-12-20T19:40:03.686096 level=ERROR service=payments message=NULL_POINTER
2025-12-20T19:40:04.690613 level=INFO service=auth message=OK
2025-12-20T19:40:05.694323 level=WARN service=orders message=OK
2025-12-20T19:40:06.695181 level=WARN service=auth message=OK
2025-12-20T19:40:07.700354 level=WARN service=inventory message=OK
2025-12-20T19:40:08.701804 level=ERROR service=orders message=CACHE_MISS
2025-12-20T19:40:09.706741 level=INFO service=orders message=OK
2025-12-20T19:40:10.711867 level=DEBUG service=orders message=OK
2025-12-20T19:40:11.717261 level=INFO service=payments message=OK
2025-12-20T19:40:12.718309 level=WARN service=payments message=OK
2025-12-20T19:40:13.723480 level=WARN service=auth message=OK
2025-12-20T19:40:14.727400 level=DEBUG service=auth message=OK
2025-12-20T19:40:15.729984 level=INFO service=inventory message=OK
2025-12-20T19:40:16.731376 level=INFO service=auth message=OK
2025-12-20T19:40:17.735885 level=WARN service=inventory message=OK
2025-12-20T19:40:18.736630 level=ERROR service=orders message=AUTH_FAILED
2025-12-20T19:40:19.741039 level=ERROR service=auth message=CACHE_MISS
2025-12-20T19:40:20.744517 level=INFO service=payments message=OK
2025-12-20T19:40:21.749845 level=WARN service=auth message=OK
2025-12-20T19:40:22.754209 level=WARN service=inventory message=OK
2025-12-20T19:40:23.758027 level=WARN service=payments message=OK
2025-12-20T19:40:24.760593 level=ERROR service=orders message=DB_TIMEOUT
2025-12-20T19:40:25.761117 level=DEBUG service=payments message=OK
2025-12-20T19:40:26.766394 level=WARN service=inventory message=OK
2025-12-20T19:40:27.769710 level=INFO service=payments message=OK
2025-12-20T19:40:28.774304 level=DEBUG service=inventory message=OK
2025-12-20T19:40:29.779493 level=DEBUG service=auth message=OK
2025-12-20T19:40:30.784184 level=ERROR service=payments message=NULL_POINTER
2025-12-20T19:40:31.784742 level=WARN service=auth message=OK
2025-12-20T19:40:32.786943 level=WARN service=auth message=OK
2025-12-20T19:40:33.791959 level=WARN service=orders message=OK
2025-12-20T19:40:34.793202 level=ERROR service=orders message=CACHE_MISS
2025-12-20T19:40:35.794098 level=WARN service=payments message=OK
2025-12-20T19:40:36.799203 level=ERROR service=orders message=CACHE_MISS
2025-12-20T19:40:37.802972 level=DEBUG service=orders message=OK
2025-12-20T19:40:38.803517 level=ERROR service=auth message=CACHE_MISS
2025-12-20T19:40:39.804661 level=WARN service=inventory message=OK
2025-12-20T19:40:40.809507 level=ERROR service=orders message=AUTH_FAILED
2025-12-20T19:40:41.814356 level=DEBUG service=auth message=OK
2025-12-20T19:40:42.816239 level=WARN service=payments message=OK
2025-12-20T19:40:43.820706 level=WARN service=inventory message=OK
2025-12-20T19:40:44.824753 level=WARN service=inventory message=OK
2025-12-20T19:40:45.829854 level=WARN service=orders message=OK
2025-12-20T19:40:46.833454 level=INFO service=auth message=OK
2025-12-20T19:40:47.838800 level=INFO service=auth message=OK
2025-12-20T19:40:48.840924 level=INFO service=payments message=OK
2025-12-20T19:40:49.844775 level=WARN service=payments message=OK
2025-12-20T19:40:50.849903 level=ERROR service=inventory message=NULL_POINTER
2025-12-20T19:40:51.852821 level=ERROR service=payments message=NULL_POINTER
2025-12-20T19:40:52.856680 level=INFO service=auth message=OK
2025-12-20T19:40:53.861735 level=ERROR service=auth message=AUTH_FAILED
2025-12-20T19:40:54.864720 level=DEBUG service=orders message=OK
2025-12-20T19:40:55.869358 level=WARN service=auth message=OK
2025-12-20T19:40:56.872277 level=INFO service=inventory message=OK
2025-12-20T19:40:57.877582 level=INFO service=inventory message=OK
2025-12-20T19:40:58.882144 level=WARN service=inventory message=OK
2025-12-20T19:40:59.887332 level=WARN service=orders message=OK
2025-12-20T19:41:00.892410 level=WARN service=inventory message=OK
2025-12-20T19:41:01.896716 level=ERROR service=orders message=CACHE_MISS
2025-12-20T19:41:02.902623 level=INFO service=orders message=OK
2025-12-20T19:41:03.903810 level=WARN service=inventory message=OK
2025-12-20T19:41:04.908960 level=WARN service=inventory message=OK
2025-12-20T19:41:05.914089 level=DEBUG service=orders message=OK
2025-12-20T19:41:06.919109 level=WARN service=orders message=OK
2025-12-20T19:41:07.923837 level=WARN service=payments message=OK
2025-12-20T19:41:08.924713 level=DEBUG service=payments message=OK
2025-12-20T19:41:09.927032 level=WARN service=auth message=OK
2025-12-20T19:41:10.931659 level=INFO service=orders message=OK
2025-12-20T19:41:11.936327 level=DEBUG service=inventory message=OK
2025-12-20T19:41:12.937762 level=DEBUG service=auth message=OK
2025-12-20T19:41:13.938095 level=DEBUG service=inventory message=OK
2025-12-20T19:41:14.942745 level=ERROR service=inventory message=CACHE_MISS
2025-12-20T19:41:15.948299 level=ERROR service=orders message=NULL_POINTER
2025-12-20T19:41:16.952977 level=WARN service=payments message=OK
2025-12-20T19:41:17.956660 level=ERROR service=auth message=AUTH_FAILED
2025-12-20T19:41:18.960059 level=ERROR service=inventory message=NULL_POINTER
2025-12-20T19:41:19.965290 level=WARN service=payments message=OK
2025-12-20T19:41:20.967923 level=DEBUG service=payments message=OK
2025-12-20T19:41:21.972348 level=ERROR service=auth message=DB_TIMEOUT
2025-12-20T19:41:22.976645 level=INFO service=payments message=OK
2025-12-20T19:41:23.978435 level=DEBUG service=auth message=OK
2025-12-20T19:41:24.983319 level=DEBUG service=payments message=OK
2025-12-20T19:41:25.986550 level=INFO service=inventory message=OK
2025-12-20T19:41:26.989946 level=WARN service=inventory message=OK
2025-12-20T19:41:27.994813 level=DEBUG service=inventory message=OK
2025-12-20T19:41:28.995200 level=WARN service=orders message=OK
2025-12-20T19:41:29.997614 level=WARN service=orders message=OK
2025-12-20T19:41:31.002473 level=WARN service=payments message=OK
2025-12-20T19:41:32.004085 level=DEBUG service=payments message=OK
2025-12-20T19:41:33.007530 level=ERROR service=inventory message=DB_TIMEOUT
2025-12-20T19:41:34.010997 level=ERROR service=auth message=DB_TIMEOUT
2025-12-20T19:41:35.016121 level=DEBUG service=payments message=OK
2025-12-20T19:41:36.017273 level=DEBUG service=orders message=OK
2025-12-20T19:41:37.020483 level=DEBUG service=orders message=OK
2025-12-20T19:41:38.025256 level=DEBUG service=orders message=OK
2025-12-20T19:41:39.030102 level=WARN service=orders message=OK
2025-12-20T19:41:40.032995 level=DEBUG service=inventory message=OK
2025-12-20T19:41:41.034615 level=INFO service=auth message=OK
2025-12-20T19:41:42.036735 level=DEBUG service=payments message=OK
2025-12-20T19:41:43.042010 level=DEBUG service=payments message=OK
2025-12-20T19:41:44.045485 level=DEBUG service=payments message=OK
2025-12-20T19:41:45.049310 level=WARN service=orders message=OK
2025-12-20T19:41:46.054451 level=ERROR service=inventory message=CACHE_MISS
2025-12-20T19:41:47.059711 level=WARN service=auth message=OK
2025-12-20T19:41:48.064525 level=DEBUG service=inventory message=OK
2025-12-20T19:41:49.067874 level=WARN service=orders message=OK
2025-12-20T19:41:50.073158 level=ERROR service=auth message=AUTH_FAILED
2025-12-20T19:41:51.075259 level=WARN service=auth message=OK
2025-12-20T19:41:52.078527 level=WARN service=inventory message=OK
2025-12-20T19:41:53.082758 level=DEBUG service=orders message=OK
2025-12-20T19:41:54.085732 level=ERROR service=inventory message=NULL_POINTER
2025-12-20T19:41:55.091018 level=DEBUG service=inventory message=OK
2025-12-20T19:41:56.095399 level=DEBUG service=payments message=OK
2025-12-20T19:41:57.098797 level=INFO service=orders message=OK
2025-12-20T19:41:58.103441 level=DEBUG service=orders message=OK
2025-12-20T19:41:59.108293 level=WARN service=orders message=OK
2025-12-20T19:42:00.110520 level=DEBUG service=auth message=OK
2025-12-20T19:42:01.115655 level=DEBUG service=auth message=OK
2025-12-20T19:42:02.119037 level=DEBUG service=auth message=OK
2025-12-20T19:42:03.123303 level=INFO service=orders message=OK
2025-12-20T19:42:04.128594 level=DEBUG service=auth message=OK
2025-12-20T19:42:05.133721 level=DEBUG service=payments message=OK
2025-12-20T19:42:06.137498 level=WARN service=inventory message=OK
2025-12-20T19:42:07.140308 level=WARN service=auth message=OK
2025-12-20T19:42:08.145473 level=ERROR service=payments message=SERVICE_UNAVAILABLE
2025-12-20T19:42:09.148296 level=DEBUG service=inventory message=OK
2025-12-20T19:42:10.152494 level=WARN service=auth message=OK
2025-12-20T19:42:11.154612 level=INFO service=auth message=OK
2025-12-20T19:42:12.159707 level=ERROR service=inventory message=CACHE_MISS
2025-12-20T19:42:13.161801 level=WARN service=orders message=OK
2025-12-20T19:42:14.165454 level=INFO service=payments message=OK
2025-12-20T19:42:15.168638 level=INFO service=auth message=OK
2025-12-20T19:42:16.169699 level=DEBUG service=auth message=OK
2025-12-20T19:42:17.174193 level=ERROR service=auth message=DB_TIMEOUT
2025-12-20T19:42:18.179340 level=ERROR service=auth message=DB_TIMEOUT
2025-12-20T19:42:19.183443 level=WARN service=auth message=OK
2025-12-20T19:42:20.186474 level=ERROR service=payments message=DB_TIMEOUT
2025-12-20T19:42:21.190989 level=DEBUG service=payments message=OK
2025-12-20T19:42:22.196803 level=ERROR service=orders message=AUTH_FAILED
2025-12-20T19:42:23.200358 level=INFO service=orders message=OK
2025-12-20T19:42:24.205564 level=DEBUG service=inventory message=OK
2025-12-20T19:42:25.210810 level=DEBUG service=orders message=OK
2025-12-20T19:42:26.215635 level=ERROR service=inventory message=NULL_POINTER
2025-12-20T19:42:27.220456 level=ERROR service=inventory message=CACHE_MISS
2025-12-20T19:42:28.224550 level=DEBUG service=auth message=OK
2025-12-20T19:42:29.229195 level=WARN service=auth message=OK
2025-12-20T19:42:30.232860 level=ERROR service=orders message=DB_TIMEOUT
2025-12-20T19:42:31.238140 level=DEBUG service=orders message=OK
2025-12-20T19:42:32.243423 level=INFO service=auth message=OK
2025-12-20T19:42:33.248486 level=DEBUG service=orders message=OK
2025-12-20T19:42:34.253767 level=ERROR service=inventory message=SERVICE_UNAVAILABLE
2025-12-20T19:42:35.259056 level=ERROR service=orders message=AUTH_FAILED
2025-12-20T19:42:36.261295 level=ERROR service=auth message=CACHE_MISS
2025-12-20T19:42:37.266602 level=INFO service=orders message=OK
2025-12-20T19:42:38.269287 level=WARN service=inventory message=OK
2025-12-20T19:42:39.274787 level=ERROR service=auth message=DB_TIMEOUT
2025-12-20T19:42:40.277272 level=INFO service=orders message=OK
2025-12-20T19:42:41.281641 level=ERROR service=auth message=DB_TIMEOUT
2025-12-20T19:42:42.284376 level=ERROR service=payments message=SERVICE_UNAVAILABLE
2025-12-20T19:42:43.286216 level=WARN service=orders message=OK
2025-12-20T19:42:44.291117 level=ERROR service=orders message=NULL_POINTER
2025-12-20T19:42:45.291588 level=INFO service=inventory message=OK
2025-12-20T19:42:46.295375 level=DEBUG service=auth message=OK
2025-12-20T19:42:47.298754 level=INFO service=payments message=OK
2025-12-20T19:42:48.302343 level=ERROR service=orders message=DB_TIMEOUT
2025-12-20T19:42:49.306963 level=INFO service=auth message=OK
2025-12-20T19:42:50.310526 level=DEBUG service=payments message=OK
2025-12-20T19:42:51.312012 level=DEBUG service=auth message=OK
2025-12-20T19:42:52.317322 level=DEBUG service=orders message=OK
2025-12-20T19:42:53.322356 level=INFO service=auth message=OK
2025-12-20T19:42:54.326648 level=ERROR service=orders message=DB_TIMEOUT
2025-12-20T19:42:55.332326 level=DEBUG service=orders message=OK
2025-12-20T19:42:56.333685 level=INFO service=orders message=OK
2025-12-20T19:42:57.338265 level=WARN service=orders message=OK
2025-12-20T19:42:58.339063 level=INFO service=orders message=OK
2025-12-20T19:42:59.344166 level=WARN service=orders message=OK
2025-12-20T19:43:00.350055 level=INFO service=payments message=OK
2025-12-20T19:43:01.355035 level=INFO service=orders message=OK
2025-12-20T19:43:02.359398 level=ERROR service=payments message=CACHE_MISS
2025-12-20T19:43:03.364317 level=INFO service=payments message=OK
2025-12-20T19:43:04.369643 level=ERROR service=orders message=CACHE_MISS
2025-12-20T19:43:05.374957 level=WARN service=payments message=OK
2025-12-20T19:43:06.379125 level=ERROR service=inventory message=CACHE_MISS
2025-12-20T19:43:07.384335 level=ERROR service=orders message=NULL_POINTER
2025-12-20T19:43:08.389648 level=ERROR service=payments message=SERVICE_UNAVAILABLE
2025-12-20T19:43:09.392850 level=WARN service=orders message=OK
2025-12-20T19:43:10.398065 level=WARN service=inventory message=OK
2025-12-20T19:43:11.403327 level=INFO service=orders message=OK
2025-12-20T19:43:12.405696 level=WARN service=orders message=OK
2025-12-20T19:43:13.410773 level=INFO service=auth message=OK
2025-12-20T19:43:14.416019 level=ERROR service=payments message=AUTH_FAILED
2025-12-20T19:43:15.419441 level=ERROR service=payments message=NULL_POINTER
2025-12-20T19:43:16.425300 level=INFO service=auth message=OK
2025-12-20T19:43:17.426982 level=ERROR service=payments message=CACHE_MISS
2025-12-20T19:43:18.428815 level=WARN service=orders message=OK
2025-12-20T19:43:19.432911 level=INFO service=orders message=OK
2025-12-20T19:43:20.438095 level=INFO service=orders message=OK
2025-12-20T19:43:21.439931 level=WARN service=auth message=OK
2025-12-20T19:43:22.445010 level=DEBUG service=payments message=OK
2025-12-20T19:43:23.447719 level=DEBUG service=orders message=OK
2025-12-20T19:43:24.452395 level=DEBUG service=payments message=OK
2025-12-20T19:43:25.457273 level=ERROR service=orders message=CACHE_MISS
2025-12-20T19:43:26.458694 level=DEBUG service=inventory message=OK
2025-12-20T19:43:27.462527 level=WARN service=auth message=OK
2025-12-20T19:43:28.464249 level=INFO service=payments message=OK
2025-12-20T19:43:29.469351 level=ERROR service=inventory message=NULL_POINTER
2025-12-20T19:43:30.473772 level=DEBUG service=orders message=OK
2025-12-20T19:43:31.479008 level=DEBUG service=inventory message=OK
2025-12-20T19:43:32.483162 level=ERROR service=orders message=DB_TIMEOUT
2025-12-20T19:43:33.487143 level=INFO service=inventory message=OK
2025-12-20T19:43:34.490428 level=ERROR service=payments message=SERVICE_UNAVAILABLE
2025-12-20T19:43:35.495553 level=DEBUG service=inventory message=OK
2025-12-20T19:43:36.498779 level=ERROR service=orders message=DB_TIMEOUT
2025-12-20T19:43:37.503377 level=ERROR service=payments message=NULL_POINTER
2025-12-20T19:43:38.507649 level=WARN service=inventory message=OK
2025-12-20T19:43:39.511804 level=ERROR service=payments message=SERVICE_UNAVAILABLE
2025-12-20T19:43:40.518087 level=DEBUG service=orders message=OK
2025-12-20T19:43:41.521627 level=INFO service=orders message=OK
2025-12-20T19:43:42.526800 level=DEBUG service=payments message=OK
2025-12-20T19:43:43.531588 level=WARN service=inventory message=OK
2025-12-20T19:43:44.532401 level=DEBUG service=inventory message=OK
2025-12-20T19:43:45.536091 level=INFO service=orders message=OK
2025-12-20T19:43:46.537520 level=WARN service=payments message=OK
2025-12-20T19:43:47.541324 level=WARN service=payments message=OK
2025-12-20T19:43:48.546032 level=DEBUG service=inventory message=OK
2025-12-20T19:43:49.547280 level=INFO service=inventory message=OK
2025-12-20T19:43:50.552454 level=INFO service=inventory message=OK
2025-12-20T19:43:51.557160 level=ERROR service=inventory message=CACHE_MISS
2025-12-20T19:43:52.560770 level=INFO service=auth message=OK
2025-12-20T19:43:53.564125 level=WARN service=auth message=OK
2025-12-20T19:43:54.569842 level=INFO service=inventory message=OK
2025-12-20T19:43:55.572357 level=WARN service=inventory message=OK
2025-12-20T19:43:56.574877 level=INFO service=inventory message=OK
2025-12-20T19:43:57.577031 level=DEBUG service=orders message=OK
2025-12-20T19:43:58.582128 level=WARN service=payments message=OK
2025-12-20T19:43:59.584485 level=ERROR service=auth message=AUTH_FAILED
2025-12-20T19:44:00.586022 level=DEBUG service=payments message=OK
2025-12-20T19:44:01.591203 level=DEBUG service=inventory message=OK
2025-12-20T19:44:02.596457 level=WARN service=payments message=OK
2025-12-20T19:44:03.598239 level=WARN service=payments message=OK
2025-12-20T19:44:04.603414 level=ERROR service=inventory message=CACHE_MISS
2025-12-20T19:44:05.606012 level=WARN service=payments message=OK
2025-12-20T19:44:06.610526 level=WARN service=auth message=OK
2025-12-20T19:44:07.615845 level=WARN service=auth message=OK
2025-12-20T19:44:08.619967 level=DEBUG service=orders message=OK
2025-12-20T19:44:09.630059 level=DEBUG service=payments message=OK
2025-12-20T19:44:10.634809 level=DEBUG service=orders message=OK
2025-12-20T19:44:11.638091 level=ERROR service=inventory message=DB_TIMEOUT
2025-12-20T19:44:12.640009 level=DEBUG service=payments message=OK
2025-12-20T19:44:13.644182 level=WARN service=orders message=OK
2025-12-20T19:44:14.648888 level=INFO service=inventory message=OK
2025-12-20T19:44:15.654252 level=INFO service=orders message=OK
2025-12-20T19:44:16.656253 level=ERROR service=auth message=DB_TIMEOUT
2025-12-20T19:44:17.657476 level=DEBUG service=inventory message=OK
2025-12-20T19:44:18.661574 level=DEBUG service=inventory message=OK
2025-12-20T19:44:19.664939 level=WARN service=auth message=OK
2025-12-20T19:44:20.669784 level=INFO service=payments message=OK
2025-12-20T19:44:21.674188 level=INFO service=payments message=OK
2025-12-20T19:44:22.675610 level=ERROR service=orders message=SERVICE_UNAVAILABLE
2025-12-20T19:44:23.677880 level=WARN service=payments message=OK
2025-12-20T19:44:24.683263 level=ERROR service=inventory message=NULL_POINTER
2025-12-20T19:44:25.686239 level=DEBUG service=payments message=OK
2025-12-20T19:44:26.689897 level=INFO service=orders message=OK
2025-12-20T19:44:27.691103 level=INFO service=payments message=OK
2025-12-20T19:44:28.694108 level=WARN service=inventory message=OK
2025-12-20T19:44:29.698208 level=WARN service=inventory message=OK
2025-12-20T19:44:30.700551 level=INFO service=orders message=OK
2025-12-20T19:44:31.705829 level=WARN service=payments message=OK
2025-12-20T19:44:32.710220 level=ERROR service=auth message=SERVICE_UNAVAILABLE
2025-12-20T19:44:33.714865 level=WARN service=inventory message=OK
2025-12-20T19:44:34.715606 level=INFO service=payments message=OK
2025-12-20T19:44:35.719542 level=INFO service=inventory message=OK
2025-12-20T19:44:36.724182 level=DEBUG service=auth message=OK
2025-12-20T19:44:37.726915 level=DEBUG service=orders message=OK
2025-12-20T19:44:38.732165 level=INFO service=orders message=OK
2025-12-20T19:44:39.737417 level=INFO service=auth message=OK
2025-12-20T19:44:40.740275 level=WARN service=auth message=OK
2025-12-20T19:44:41.745413 level=INFO service=inventory message=OK
2025-12-20T19:44:42.750853 level=WARN service=auth message=OK
2025-12-20T19:44:43.754585 level=INFO service=orders message=OK
2025-12-20T19:44:44.757479 level=DEBUG service=auth message=OK
2025-12-20T19:44:45.761570 level=DEBUG service=orders message=OK
2025-12-20T19:44:46.765795 level=INFO service=orders message=OK
2025-12-20T19:44:47.766985 level=WARN service=payments message=OK
2025-12-20T19:44:48.772166 level=DEBUG service=auth message=OK
2025-12-20T19:44:49.775033 level=ERROR service=inventory message=CACHE_MISS
2025-12-20T19:44:50.780161 level=DEBUG service=payments message=OK
2025-12-20T19:44:51.781153 level=ERROR service=orders message=NULL_POINTER
2025-12-20T19:44:52.786303 level=INFO service=auth message=OK
2025-12-20T19:44:53.789913 level=WARN service=inventory message=OK
2025-12-20T19:44:54.795280 level=DEBUG service=orders message=OK
2025-12-20T19:44:55.799193 level=ERROR service=inventory message=DB_TIMEOUT
2025-12-20T19:44:56.803278 level=INFO service=payments message=OK
2025-12-20T19:44:57.805389 level=INFO service=payments message=OK
2025-12-20T19:44:58.810583 level=DEBUG service=inventory message=OK
2025-12-20T19:44:59.815400 level=WARN service=orders message=OK
2025-12-20T19:45:00.819138 level=DEBUG service=payments message=OK
2025-12-20T19:45:01.823274 level=WARN service=inventory message=OK
2025-12-20T19:45:02.827418 level=DEBUG service=inventory message=OK
2025-12-20T19:45:03.830948 level=INFO service=payments message=OK
2025-12-20T19:45:04.831273 level=INFO service=inventory message=OK
2025-12-20T19:45:05.836214 level=INFO service=inventory message=OK
2025-12-20T19:45:06.838280 level=INFO service=auth message=OK
2025-12-20T19:45:07.842766 level=INFO service=auth message=OK
2025-12-20T19:45:08.845306 level=INFO service=auth message=OK
2025-12-20T19:45:09.849192 level=DEBUG service=auth message=OK
2025-12-20T19:45:10.854532 level=WARN service=auth message=OK
2025-12-20T19:45:11.855873 level=ERROR service=orders message=CACHE_MISS
2025-12-20T19:45:12.856889 level=ERROR service=payments message=CACHE_MISS
2025-12-20T19:45:13.861217 level=ERROR service=payments message=DB_TIMEOUT
2025-12-20T19:45:14.863860 level=ERROR service=inventory message=CACHE_MISS
2025-12-20T19:45:15.864640 level=DEBUG service=payments message=OK
2025-12-20T19:45:16.870566 level=ERROR service=inventory message=AUTH_FAILED
2025-12-20T19:45:17.874205 level=INFO service=auth message=OK
2025-12-20T19:45:18.879490 level=ERROR service=orders message=DB_TIMEOUT
2025-12-20T19:45:19.883828 level=WARN service=orders message=OK
2025-12-20T19:45:20.886371 level=DEBUG service=payments message=OK
2025-12-20T19:45:21.890871 level=DEBUG service=auth message=OK
2025-12-20T19:45:22.894801 level=WARN service=payments message=OK
2025-12-20T19:45:23.898069 level=WARN service=auth message=OK
2025-12-20T19:45:24.898907 level=ERROR service=auth message=AUTH_FAILED
2025-12-20T19:45:25.902885 level=ERROR service=payments message=SERVICE_UNAVAILABLE
2025-12-20T19:45:26.906173 level=DEBUG service=payments message=OK
2025-12-20T19:45:27.908557 level=WARN service=inventory message=OK
2025-12-20T19:45:28.913284 level=DEBUG service=inventory message=OK
2025-12-20T19:45:29.915830 level=DEBUG service=payments message=OK
2025-12-20T19:45:30.918360 level=INFO service=inventory message=OK
2025-12-20T19:45:31.923230 level=WARN service=inventory message=OK
2025-12-20T19:45:32.928531 level=WARN service=orders message=OK
2025-12-20T19:45:33.931030 level=DEBUG service=inventory message=OK
2025-12-20T19:45:34.935705 level=DEBUG service=payments message=OK
2025-12-20T19:45:35.940403 level=DEBUG service=payments message=OK
2025-12-20T19:45:36.944318 level=DEBUG service=inventory message=OK
2025-12-20T19:45:37.945029 level=DEBUG service=orders message=OK
2025-12-20T19:45:38.947590 level=DEBUG service=orders message=OK
2025-12-20T19:45:39.952413 level=ERROR service=payments message=SERVICE_UNAVAILABLE
2025-12-20T19:45:40.958250 level=ERROR service=inventory message=AUTH_FAILED
2025-12-20T19:45:41.963720 level=INFO service=auth message=OK
2025-12-20T19:45:42.965791 level=WARN service=payments message=OK
2025-12-20T19:45:43.969537 level=DEBUG service=auth message=OK
2025-12-20T19:45:44.970930 level=ERROR service=auth message=DB_TIMEOUT
2025-12-20T19:45:45.971816 level=INFO service=inventory message=OK
2025-12-20T19:45:46.977040 level=ERROR service=orders message=SERVICE_UNAVAILABLE
2025-12-20T19:45:47.982345 level=DEBUG service=auth message=OK
2025-12-20T19:45:48.987257 level=WARN service=orders message=OK
2025-12-20T19:45:49.990846 level=INFO service=inventory message=OK
2025-12-20T19:45:50.993182 level=WARN service=payments message=OK
2025-12-20T19:45:51.997634 level=INFO service=orders message=OK
2025-12-20T19:45:52.998917 level=DEBUG service=auth message=OK
2025-12-20T19:45:54.003659 level=INFO service=orders message=OK
2025-12-20T19:45:55.006762 level=WARN service=auth message=OK
2025-12-20T19:45:56.010497 level=INFO service=auth message=OK
2025-12-20T19:45:57.015729 level=ERROR service=payments message=CACHE_MISS
2025-12-20T19:45:58.020980 level=DEBUG service=inventory message=OK
2025-12-20T19:45:59.022095 level=DEBUG service=orders message=OK
2025-12-20T19:46:00.026365 level=ERROR service=payments message=DB_TIMEOUT
2025-12-20T19:46:01.030758 level=DEBUG service=orders message=OK
2025-12-20T19:46:02.035008 level=ERROR service=auth message=NULL_POINTER
2025-12-20T19:46:03.038508 level=WARN service=auth message=OK
2025-12-20T19:46:04.038988 level=INFO service=orders message=OK
2025-12-20T19:46:05.043629 level=WARN service=inventory message=OK
2025-12-20T19:46:06.047922 level=DEBUG service=auth message=OK
2025-12-20T19:46:07.052338 level=WARN service=orders message=OK
2025-12-20T19:46:08.057343 level=DEBUG service=payments message=OK
2025-12-20T19:46:09.060586 level=ERROR service=payments message=CACHE_MISS
2025-12-20T19:46:10.063668 level=ERROR service=payments message=CACHE_MISS
2025-12-20T19:46:11.066583 level=INFO service=orders message=OK
2025-12-20T19:46:12.069331 level=ERROR service=inventory message=AUTH_FAILED
2025-12-20T19:46:13.069973 level=WARN service=auth message=OK
2025-12-20T19:46:14.075296 level=WARN service=payments message=OK
2025-12-20T19:46:15.080505 level=DEBUG service=inventory message=OK
2025-12-20T19:46:16.085713 level=ERROR service=inventory message=NULL_POINTER
2025-12-20T19:46:17.090801 level=WARN service=payments message=OK
2025-12-20T19:46:18.095866 level=INFO service=inventory message=OK
2025-12-20T19:46:19.100166 level=ERROR service=orders message=AUTH_FAILED
2025-12-20T19:46:20.105405 level=WARN service=orders message=OK
2025-12-20T19:46:21.108932 level=DEBUG service=inventory message=OK
2025-12-20T19:46:22.114107 level=ERROR service=orders message=CACHE_MISS
2025-12-20T19:46:23.118994 level=INFO service=payments message=OK
2025-12-20T19:46:24.123211 level=INFO service=auth message=OK
2025-12-20T19:46:25.127350 level=ERROR service=payments message=AUTH_FAILED
2025-12-20T19:46:26.128917 level=INFO service=payments message=OK
2025-12-20T19:46:27.133144 level=WARN service=orders message=OK
2025-12-20T19:46:28.136382 level=DEBUG service=payments message=OK
2025-12-20T19:46:29.141655 level=INFO service=orders message=OK
2025-12-20T19:46:30.144006 level=INFO service=inventory message=OK
2025-12-20T19:46:31.148895 level=ERROR service=payments message=SERVICE_UNAVAILABLE
2025-12-20T19:46:32.151774 level=DEBUG service=auth message=OK
2025-12-20T19:46:33.156889 level=ERROR service=inventory message=CACHE_MISS
2025-12-20T19:46:34.161288 level=WARN service=orders message=OK
2025-12-20T19:46:35.161909 level=ERROR service=auth message=CACHE_MISS
2025-12-20T19:46:36.162851 level=DEBUG service=auth message=OK
2025-12-20T19:46:37.165913 level=INFO service=orders message=OK
2025-12-20T19:46:38.168910 level=DEBUG service=inventory message=OK
2025-12-20T19:46:39.170054 level=ERROR service=auth message=CACHE_MISS
2025-12-20T19:46:40.173135 level=DEBUG service=auth message=OK
2025-12-20T19:46:41.174310 level=DEBUG service=payments message=OK
2025-12-20T19:46:42.179588 level=ERROR service=inventory message=AUTH_FAILED
2025-12-20T19:46:43.184628 level=DEBUG service=inventory message=OK
2025-12-20T19:46:44.188883 level=WARN service=auth message=OK
2025-12-20T19:46:45.193238 level=ERROR service=payments message=NULL_POINTER
2025-12-20T19:46:46.198417 level=WARN service=inventory message=OK
2025-12-20T19:46:47.202380 level=INFO service=inventory message=OK
2025-12-20T19:46:48.203670 level=WARN service=inventory message=OK
2025-12-20T19:46:49.206707 level=INFO service=inventory message=OK
2025-12-20T19:46:50.208784 level=WARN service=orders message=OK
2025-12-20T19:46:51.213289 level=INFO service=payments message=OK
2025-12-20T19:46:52.218451 level=DEBUG service=payments message=OK
2025-12-20T19:46:53.223479 level=INFO service=orders message=OK
2025-12-20T19:46:54.228671 level=ERROR service=inventory message=AUTH_FAILED
2025-12-20T19:46:55.233880 level=INFO service=inventory message=OK
2025-12-20T19:46:56.236493 level=INFO service=orders message=OK
2025-12-20T19:46:57.237463 level=DEBUG service=inventory message=OK
2025-12-20T19:46:58.242671 level=ERROR service=orders message=SERVICE_UNAVAILABLE
2025-12-20T19:46:59.243142 level=DEBUG service=orders message=OK
2025-12-20T19:47:00.248224 level=WARN service=payments message=OK
2025-12-20T19:47:01.248786 level=INFO service=payments message=OK
2025-12-20T19:47:02.253823 level=WARN service=auth message=OK
2025-12-20T19:47:03.257014 level=WARN service=auth message=OK
2025-12-20T19:47:04.259582 level=ERROR service=inventory message=AUTH_FAILED
2025-12-20T19:47:05.264659 level=DEBUG service=auth message=OK
2025-12-20T19:47:06.270192 level=WARN service=orders message=OK
2025-12-20T19:47:07.270808 level=WARN service=orders message=OK
2025-12-20T19:47:08.274353 level=ERROR service=auth message=NULL_POINTER
2025-12-20T19:47:09.277867 level=ERROR service=payments message=SERVICE_UNAVAILABLE
2025-12-20T19:47:10.279372 level=INFO service=inventory message=OK
2025-12-20T19:47:11.280704 level=WARN service=auth message=OK
2025-12-20T19:47:12.285735 level=WARN service=payments message=OK
2025-12-20T19:47:13.290813 level=WARN service=auth message=OK
2025-12-20T19:47:14.292192 level=INFO service=inventory message=OK
2025-12-20T19:47:15.292385 level=INFO service=inventory message=OK
2025-12-20T19:47:16.297465 level=ERROR service=inventory message=NULL_POINTER
2025-12-20T19:47:17.302595 level=DEBUG service=inventory message=OK
2025-12-20T19:47:18.303687 level=INFO service=auth message=OK
2025-12-20T19:47:19.307755 level=DEBUG service=payments message=OK
2025-12-20T19:47:20.311248 level=WARN service=payments message=OK
2025-12-20T19:47:21.315990 level=WARN service=auth message=OK
2025-12-20T19:47:22.319020 level=DEBUG service=orders message=OK
2025-12-20T19:47:23.324823 level=DEBUG service=payments message=OK
2025-12-20T19:47:24.325319 level=WARN service=auth message=OK
2025-12-20T19:47:25.330507 level=WARN service=payments message=OK
2025-12-20T19:47:26.333304 level=DEBUG service=payments message=OK
2025-12-20T19:47:27.337417 level=ERROR service=payments message=AUTH_FAILED
2025-12-20T19:47:28.340887 level=WARN service=inventory message=OK
2025-12-20T19:47:29.344539 level=INFO service=inventory message=OK
2025-12-20T19:47:30.348354 level=INFO service=auth message=OK
2025-12-20T19:47:31.351318 level=WARN service=auth message=OK
2025-12-20T19:47:32.351924 level=INFO service=payments message=OK
2025-12-20T19:47:33.354475 level=WARN service=orders message=OK
2025-12-20T19:47:34.357286 level=ERROR service=auth message=AUTH_FAILED
2025-12-20T19:47:35.360704 level=DEBUG service=payments message=OK
2025-12-20T19:47:36.364927 level=DEBUG service=inventory message=OK
2025-12-20T19:47:37.368647 level=DEBUG service=payments message=OK
2025-12-20T19:47:38.371363 level=DEBUG service=auth message=OK
2025-12-20T19:47:39.376582 level=INFO service=inventory message=OK
2025-12-20T19:47:40.381476 level=DEBUG service=auth message=OK
2025-12-20T19:47:41.381695 level=WARN service=payments message=OK
2025-12-20T19:47:42.387274 level=DEBUG service=orders message=OK
2025-12-20T19:47:43.389089 level=INFO service=auth message=OK
2025-12-20T19:47:44.394358 level=INFO service=auth message=OK
2025-12-20T19:47:45.397884 level=WARN service=inventory message=OK
2025-12-20T19:47:46.402346 level=WARN service=inventory message=OK
2025-12-20T19:47:47.404657 level=WARN service=inventory message=OK
2025-12-20T19:47:48.408473 level=WARN service=inventory message=OK
2025-12-20T19:47:49.413540 level=WARN service=payments message=OK
2025-12-20T19:47:50.415111 level=DEBUG service=orders message=OK
2025-12-20T19:47:51.418568 level=ERROR service=orders message=CACHE_MISS
2025-12-20T19:47:52.419173 level=ERROR service=orders message=NULL_POINTER
2025-12-20T19:47:53.422875 level=ERROR service=auth message=AUTH_FAILED
2025-12-20T19:47:54.427321 level=INFO service=payments message=OK
2025-12-20T19:47:55.432388 level=WARN service=payments message=OK
2025-12-20T19:47:56.437261 level=ERROR service=orders message=AUTH_FAILED
2025-12-20T19:47:57.438495 level=DEBUG service=payments message=OK
2025-12-20T19:47:58.443657 level=WARN service=auth message=OK
2025-12-20T19:47:59.448853 level=ERROR service=payments message=AUTH_FAILED
2025-12-20T19:48:00.454054 level=ERROR service=inventory message=DB_TIMEOUT
2025-12-20T19:48:01.459296 level=ERROR service=inventory message=SERVICE_UNAVAILABLE
2025-12-20T19:48:02.460638 level=DEBUG service=orders message=OK
2025-12-20T19:48:03.464792 level=INFO service=payments message=OK
2025-12-20T19:48:04.469838 level=WARN service=orders message=OK
2025-12-20T19:48:05.474446 level=WARN service=inventory message=OK
2025-12-20T19:48:06.478249 level=WARN service=inventory message=OK
2025-12-20T19:48:07.483396 level=INFO service=payments message=OK
2025-12-20T19:48:08.486618 level=WARN service=auth message=OK
2025-12-20T19:48:09.487718 level=ERROR service=payments message=DB_TIMEOUT
2025-12-20T19:48:10.492888 level=WARN service=payments message=OK
2025-12-20T19:48:11.498048 level=DEBUG service=payments message=OK
2025-12-20T19:48:12.503072 level=WARN service=payments message=OK
2025-12-20T19:48:13.506459 level=ERROR service=auth message=AUTH_FAILED
2025-12-20T19:48:14.511487 level=DEBUG service=orders message=OK
2025-12-20T19:48:15.516650 level=WARN service=payments message=OK
2025-12-20T19:48:16.522394 level=ERROR service=payments message=CACHE_MISS
2025-12-20T19:48:17.523004 level=ERROR service=inventory message=AUTH_FAILED
2025-12-20T19:48:18.526646 level=INFO service=payments message=OK
2025-12-20T19:48:19.528642 level=INFO service=orders message=OK
2025-12-20T19:48:20.530127 level=DEBUG service=inventory message=OK
2025-12-20T19:48:21.530371 level=WARN service=orders message=OK
2025-12-20T19:48:22.534904 level=DEBUG service=auth message=OK
2025-12-20T19:48:23.540096 level=WARN service=payments message=OK
2025-12-20T19:48:24.544193 level=ERROR service=inventory message=SERVICE_UNAVAILABLE
2025-12-20T19:48:25.548490 level=ERROR service=payments message=DB_TIMEOUT
2025-12-20T19:48:26.549862 level=WARN service=auth message=OK
2025-12-20T19:48:27.552802 level=INFO service=orders message=OK
2025-12-20T19:48:28.555524 level=INFO service=auth message=OK
2025-12-20T19:48:29.560833 level=INFO service=auth message=OK
2025-12-20T19:48:30.562864 level=DEBUG service=auth message=OK
2025-12-20T19:48:31.563558 level=INFO service=orders message=OK
2025-12-20T19:48:32.566133 level=INFO service=payments message=OK
2025-12-20T19:48:33.569072 level=INFO service=payments message=OK
2025-12-20T19:48:34.574470 level=INFO service=payments message=OK
2025-12-20T19:48:35.578874 level=ERROR service=auth message=CACHE_MISS
2025-12-20T19:48:36.583091 level=INFO service=orders message=OK
2025-12-20T19:48:37.586151 level=WARN service=auth message=OK
2025-12-20T19:48:38.588117 level=INFO service=inventory message=OK
2025-12-20T19:48:39.590379 level=INFO service=orders message=OK
2025-12-20T19:48:40.594043 level=DEBUG service=orders message=OK
2025-12-20T19:48:41.594382 level=INFO service=auth message=OK
2025-12-20T19:48:42.598126 level=INFO service=payments message=OK
2025-12-20T19:48:43.603317 level=DEBUG service=inventory message=OK
2025-12-20T19:48:44.608715 level=ERROR service=inventory message=DB_TIMEOUT
2025-12-20T19:48:45.609985 level=WARN service=payments message=OK
2025-12-20T19:48:46.615678 level=ERROR service=auth message=SERVICE_UNAVAILABLE
2025-12-20T19:48:47.618890 level=WARN service=inventory message=OK
2025-12-20T19:48:48.619777 level=INFO service=inventory message=OK
2025-12-20T19:48:49.621846 level=INFO service=payments message=OK
2025-12-20T19:48:50.627638 level=DEBUG service=auth message=OK
2025-12-20T19:48:51.631845 level=ERROR service=auth message=NULL_POINTER
2025-12-20T19:48:52.636335 level=ERROR service=payments message=SERVICE_UNAVAILABLE
2025-12-20T19:48:53.639836 level=DEBUG service=auth message=OK
2025-12-20T19:48:54.643861 level=WARN service=payments message=OK
2025-12-20T19:48:55.647784 level=DEBUG service=auth message=OK
2025-12-20T19:48:56.653107 level=WARN service=auth message=OK
2025-12-20T19:48:57.656992 level=WARN service=inventory message=OK
2025-12-20T19:48:58.659969 level=WARN service=payments message=OK
2025-12-20T19:48:59.663838 level=WARN service=inventory message=OK
2025-12-20T19:49:00.669101 level=INFO service=orders message=OK
2025-12-20T19:49:01.670330 level=WARN service=payments message=OK
2025-12-20T19:49:02.674427 level=WARN service=auth message=OK
2025-12-20T19:49:03.677417 level=INFO service=inventory message=OK
2025-12-20T19:49:04.679154 level=DEBUG service=auth message=OK
2025-12-20T19:49:05.683845 level=WARN service=inventory message=OK
2025-12-20T19:49:06.688402 level=INFO service=inventory message=OK
2025-12-20T19:49:07.693062 level=DEBUG service=inventory message=OK
2025-12-20T19:49:08.698178 level=DEBUG service=auth message=OK
2025-12-20T19:49:09.701820 level=INFO service=auth message=OK
2025-12-20T19:49:10.706037 level=ERROR service=payments message=DB_TIMEOUT
2025-12-20T19:49:11.708380 level=ERROR service=payments message=DB_TIMEOUT
2025-12-20T19:49:12.710391 level=DEBUG service=inventory message=OK
2025-12-20T19:49:13.715804 level=INFO service=payments message=OK
2025-12-20T19:49:14.717274 level=DEBUG service=inventory message=OK
2025-12-20T19:49:15.721009 level=ERROR service=payments message=NULL_POINTER
2025-12-20T19:49:16.726345 level=DEBUG service=orders message=OK
2025-12-20T19:49:17.730325 level=ERROR service=inventory message=SERVICE_UNAVAILABLE
2025-12-20T19:49:18.735421 level=ERROR service=orders message=SERVICE_UNAVAILABLE
2025-12-20T19:49:19.739490 level=ERROR service=orders message=DB_TIMEOUT
2025-12-20T19:49:20.739902 level=DEBUG service=orders message=OK
2025-12-20T19:49:21.742275 level=WARN service=orders message=OK
2025-12-20T19:49:22.746095 level=INFO service=inventory message=OK
2025-12-20T19:49:23.751200 level=DEBUG service=inventory message=OK
2025-12-20T19:49:24.753960 level=ERROR service=orders message=CACHE_MISS
2025-12-20T19:49:25.755842 level=ERROR service=orders message=AUTH_FAILED
2025-12-20T19:49:26.761617 level=INFO service=orders message=OK
2025-12-20T19:49:27.764054 level=INFO service=inventory message=OK
2025-12-20T19:49:28.770603 level=ERROR service=auth message=AUTH_FAILED
2025-12-20T19:49:29.775739 level=DEBUG service=auth message=OK
2025-12-20T19:49:30.777584 level=WARN service=inventory message=OK
2025-12-20T19:49:31.782969 level=ERROR service=auth message=AUTH_FAILED
2025-12-20T19:49:32.788277 level=INFO service=orders message=OK
2025-12-20T19:49:33.793543 level=WARN service=payments message=OK
2025-12-20T19:49:34.798734 level=ERROR service=payments message=CACHE_MISS
2025-12-20T19:49:35.802160 level=WARN service=orders message=OK
2025-12-20T19:49:36.806544 level=INFO service=orders message=OK
2025-12-20T19:49:37.811663 level=WARN service=payments message=OK
2025-12-20T19:49:38.816530 level=DEBUG service=inventory message=OK
2025-12-20T19:49:39.817120 level=DEBUG service=auth message=OK
2025-12-20T19:49:40.818820 level=DEBUG service=auth message=OK
2025-12-20T19:49:41.823162 level=ERROR service=orders message=DB_TIMEOUT
2025-12-20T19:49:42.827666 level=DEBUG service=payments message=OK
2025-12-20T19:49:43.829752 level=WARN service=inventory message=OK
2025-12-20T19:49:44.830185 level=DEBUG service=payments message=OK
2025-12-20T19:49:45.833043 level=DEBUG service=orders message=OK
2025-12-20T19:49:46.837165 level=INFO service=payments message=OK
2025-12-20T19:49:47.840642 level=INFO service=payments message=OK
2025-12-20T19:49:48.844505 level=INFO service=inventory message=OK
2025-12-20T19:49:49.848189 level=DEBUG service=payments message=OK
2025-12-20T19:49:50.848431 level=ERROR service=auth message=AUTH_FAILED
2025-12-20T19:49:51.852831 level=INFO service=orders message=OK
2025-12-20T19:49:52.857029 level=INFO service=inventory message=OK
2025-12-20T19:49:53.857478 level=INFO service=payments message=OK
2025-12-20T19:49:54.861248 level=DEBUG service=orders message=OK
2025-12-20T19:49:55.862416 level=WARN service=orders message=OK
2025-12-20T19:49:56.867742 level=DEBUG service=orders message=OK
2025-12-20T19:49:57.868197 level=WARN service=auth message=OK
2025-12-20T19:49:58.868830 level=DEBUG service=inventory message=OK
2025-12-20T19:49:59.873143 level=ERROR service=orders message=NULL_POINTER
2025-12-20T19:50:00.874073 level=INFO service=payments message=OK
2025-12-20T19:50:01.880607 level=ERROR service=inventory message=AUTH_FAILED
2025-12-20T19:50:02.884350 level=INFO service=orders message=OK
2025-12-20T19:50:03.886768 level=INFO service=payments message=OK
2025-12-20T19:50:04.888192 level=DEBUG service=auth message=OK
2025-12-20T19:50:05.893320 level=DEBUG service=orders message=OK
2025-12-20T19:50:06.898829 level=WARN service=auth message=OK
2025-12-20T19:50:07.902305 level=INFO service=payments message=OK
2025-12-20T19:50:08.907007 level=INFO service=payments message=OK
2025-12-20T19:50:09.912308 level=DEBUG service=payments message=OK
2025-12-20T19:50:10.916720 level=DEBUG service=payments message=OK
2025-12-20T19:50:11.920116 level=ERROR service=payments message=SERVICE_UNAVAILABLE
2025-12-20T19:50:12.925152 level=ERROR service=inventory message=SERVICE_UNAVAILABLE
2025-12-20T19:50:13.928751 level=INFO service=orders message=OK
2025-12-20T19:50:14.933860 level=INFO service=auth message=OK
2025-12-20T19:50:15.939022 level=DEBUG service=auth message=OK
2025-12-20T19:50:16.940285 level=INFO service=inventory message=OK
2025-12-20T19:50:17.942273 level=ERROR service=inventory message=CACHE_MISS
2025-12-20T19:50:18.945543 level=ERROR service=auth message=AUTH_FAILED
2025-12-20T19:50:19.948117 level=WARN service=auth message=OK
2025-12-20T19:50:20.953277 level=ERROR service=inventory message=CACHE_MISS
2025-12-20T19:50:21.958269 level=ERROR service=auth message=AUTH_FAILED
2025-12-20T19:50:22.962843 level=DEBUG service=payments message=OK
2025-12-20T19:50:23.968083 level=ERROR service=orders message=DB_TIMEOUT
2025-12-20T19:50:24.973135 level=DEBUG service=orders message=OK
2025-12-20T19:50:25.977292 level=WARN service=payments message=OK
2025-12-20T19:50:26.981490 level=ERROR service=auth message=CACHE_MISS
2025-12-20T19:50:27.985644 level=DEBUG service=orders message=OK
2025-12-20T19:50:28.990911 level=DEBUG service=payments message=OK
2025-12-20T19:50:29.994887 level=WARN service=orders message=OK
2025-12-20T19:50:30.998637 level=WARN service=orders message=OK
2025-12-20T19:50:32.002309 level=INFO service=inventory message=OK
2025-12-20T19:50:33.006468 level=ERROR service=auth message=DB_TIMEOUT
2025-12-20T19:50:34.010640 level=WARN service=inventory message=OK
2025-12-20T19:50:35.014815 level=WARN service=payments message=OK
2025-12-20T19:50:36.019935 level=ERROR service=orders message=CACHE_MISS
2025-12-20T19:50:37.025187 level=INFO service=auth message=OK
2025-12-20T19:50:38.028012 level=ERROR service=auth message=DB_TIMEOUT
2025-12-20T19:50:39.028799 level=DEBUG service=orders message=OK
2025-12-20T19:50:40.030524 level=DEBUG service=orders message=OK
2025-12-20T19:50:41.035690 level=ERROR service=payments message=SERVICE_UNAVAILABLE
2025-12-20T19:50:42.040550 level=WARN service=inventory message=OK
2025-12-20T19:50:43.044778 level=ERROR service=orders message=NULL_POINTER
2025-12-20T19:50:44.049191 level=ERROR service=payments message=AUTH_FAILED
2025-12-20T19:50:45.053256 level=INFO service=inventory message=OK
2025-12-20T19:50:46.058045 level=ERROR service=inventory message=NULL_POINTER
2025-12-20T19:50:47.060819 level=ERROR service=auth message=NULL_POINTER
2025-12-20T19:50:48.063444 level=DEBUG service=inventory message=OK
2025-12-20T19:50:49.065164 level=WARN service=payments message=OK
2025-12-20T19:50:50.066559 level=WARN service=inventory message=OK
2025-12-20T19:50:51.070051 level=WARN service=auth message=OK
2025-12-20T19:50:52.073343 level=WARN service=inventory message=OK
2025-12-20T19:50:53.076644 level=INFO service=auth message=OK
2025-12-20T19:50:54.077186 level=ERROR service=auth message=DB_TIMEOUT
2025-12-20T19:50:55.082752 level=WARN service=inventory message=OK
2025-12-20T19:50:56.086604 level=ERROR service=inventory message=NULL_POINTER
2025-12-20T19:50:57.087995 level=WARN service=orders message=OK
2025-12-20T19:50:58.090111 level=INFO service=payments message=OK
2025-12-20T19:50:59.092125 level=WARN service=auth message=OK
2025-12-20T19:51:00.093947 level=INFO service=inventory message=OK
2025-12-20T19:51:01.098613 level=DEBUG service=orders message=OK
2025-12-20T19:51:02.102677 level=DEBUG service=auth message=OK
2025-12-20T19:51:03.107398 level=DEBUG service=payments message=OK
2025-12-20T19:51:04.111150 level=INFO service=auth message=OK
2025-12-20T19:51:05.116707 level=ERROR service=orders message=SERVICE_UNAVAILABLE
2025-12-20T19:51:06.118493 level=ERROR service=auth message=DB_TIMEOUT
2025-12-20T19:51:07.120943 level=DEBUG service=payments message=OK
2025-12-20T19:51:08.126369 level=INFO service=payments message=OK
2025-12-20T19:51:09.131666 level=ERROR service=orders message=NULL_POINTER
2025-12-20T19:51:10.134475 level=WARN service=orders message=OK
2025-12-20T19:51:11.139486 level=ERROR service=inventory message=SERVICE_UNAVAILABLE
2025-12-20T19:51:12.144468 level=DEBUG service=auth message=OK
2025-12-20T19:51:13.148192 level=WARN service=inventory message=OK
2025-12-20T19:51:14.149069 level=WARN service=payments message=OK
2025-12-20T19:51:15.152276 level=WARN service=payments message=OK
2025-12-20T19:51:16.154467 level=INFO service=auth message=OK
2025-12-20T19:51:17.156815 level=INFO service=inventory message=OK
2025-12-20T19:51:18.161745 level=DEBUG service=orders message=OK
2025-12-20T19:51:19.165178 level=DEBUG service=inventory message=OK
2025-12-20T19:51:20.169529 level=ERROR service=payments message=CACHE_MISS
2025-12-20T19:51:21.174140 level=WARN service=orders message=OK
2025-12-20T19:51:22.177155 level=WARN service=payments message=OK
2025-12-20T19:51:23.182119 level=INFO service=inventory message=OK
2025-12-20T19:51:24.186129 level=INFO service=orders message=OK
2025-12-20T19:51:25.190294 level=INFO service=orders message=OK
2025-12-20T19:51:26.191474 level=ERROR service=payments message=DB_TIMEOUT
2025-12-20T19:51:27.192985 level=INFO service=inventory message=OK
2025-12-20T19:51:28.196414 level=WARN service=orders message=OK
2025-12-20T19:51:29.198392 level=WARN service=orders message=OK
2025-12-20T19:51:30.203003 level=WARN service=auth message=OK
2025-12-20T19:51:31.207658 level=ERROR service=payments message=CACHE_MISS
2025-12-20T19:51:32.210507 level=ERROR service=orders message=SERVICE_UNAVAILABLE
2025-12-20T19:51:33.213169 level=INFO service=inventory message=OK
2025-12-20T19:51:34.213909 level=ERROR service=orders message=CACHE_MISS
2025-12-20T19:51:35.217000 level=INFO service=payments message=OK
2025-12-20T19:51:36.221472 level=INFO service=inventory message=OK
2025-12-20T19:51:37.223014 level=INFO service=auth message=OK
2025-12-20T19:51:38.227261 level=DEBUG service=orders message=OK
2025-12-20T19:51:39.232401 level=DEBUG service=auth message=OK
2025-12-20T19:51:40.232801 level=ERROR service=orders message=NULL_POINTER
2025-12-20T19:51:41.236856 level=ERROR service=inventory message=SERVICE_UNAVAILABLE
2025-12-20T19:51:42.242130 level=DEBUG service=payments message=OK
2025-12-20T19:51:43.244505 level=INFO service=payments message=OK
2025-12-20T19:51:44.249792 level=WARN service=orders message=OK
2025-12-20T19:51:45.252797 level=WARN service=auth message=OK
2025-12-20T19:51:46.256424 level=DEBUG service=payments message=OK
2025-12-20T19:51:47.257354 level=WARN service=orders message=OK
2025-12-20T19:51:48.260840 level=ERROR service=auth message=DB_TIMEOUT
2025-12-20T19:51:49.264725 level=INFO service=auth message=OK
2025-12-20T19:51:50.265664 level=ERROR service=orders message=DB_TIMEOUT
2025-12-20T19:51:51.266402 level=WARN service=payments message=OK
2025-12-20T19:51:52.271523 level=DEBUG service=payments message=OK
2025-12-20T19:51:53.277349 level=ERROR service=orders message=CACHE_MISS
2025-12-20T19:51:54.281455 level=ERROR service=inventory message=DB_TIMEOUT
2025-12-20T19:51:55.286129 level=WARN service=auth message=OK
2025-12-20T19:51:56.289742 level=INFO service=auth message=OK
2025-12-20T19:51:57.293875 level=WARN service=inventory message=OK
2025-12-20T19:51:58.297209 level=WARN service=orders message=OK
2025-12-20T19:51:59.302306 level=INFO service=orders message=OK
2025-12-20T19:52:00.306958 level=INFO service=orders message=OK
2025-12-20T19:52:01.311680 level=ERROR service=inventory message=DB_TIMEOUT
2025-12-20T19:52:02.316238 level=INFO service=orders message=OK
2025-12-20T19:52:03.319127 level=WARN service=payments message=OK
2025-12-20T19:52:04.323547 level=ERROR service=auth message=AUTH_FAILED
2025-12-20T19:52:05.328618 level=DEBUG service=inventory message=OK
2025-12-20T19:52:06.333022 level=DEBUG service=orders message=OK
2025-12-20T19:52:07.333428 level=WARN service=payments message=OK
2025-12-20T19:52:08.341175 level=WARN service=payments message=OK
2025-12-20T19:52:09.346751 level=INFO service=inventory message=OK
2025-12-20T19:52:10.348621 level=DEBUG service=orders message=OK
2025-12-20T19:52:11.350800 level=DEBUG service=inventory message=OK
2025-12-20T19:52:12.355623 level=DEBUG service=auth message=OK
2025-12-20T19:52:13.359735 level=WARN service=inventory message=OK
2025-12-20T19:52:14.363131 level=DEBUG service=orders message=OK
2025-12-20T19:52:15.366688 level=INFO service=payments message=OK
2025-12-20T19:52:16.368976 level=INFO service=inventory message=OK
2025-12-20T19:52:17.372738 level=DEBUG service=payments message=OK
2025-12-20T19:52:18.373514 level=INFO service=orders message=OK
2025-12-20T19:52:19.375349 level=INFO service=orders message=OK
2025-12-20T19:52:20.377291 level=DEBUG service=auth message=OK
2025-12-20T19:52:21.382313 level=ERROR service=inventory message=NULL_POINTER
2025-12-20T19:52:22.387317 level=DEBUG service=orders message=OK
2025-12-20T19:52:23.391171 level=WARN service=inventory message=OK
2025-12-20T19:52:24.392430 level=DEBUG service=inventory message=OK
2025-12-20T19:52:25.397480 level=ERROR service=inventory message=CACHE_MISS
2025-12-20T19:52:26.402547 level=WARN service=orders message=OK
2025-12-20T19:52:27.407661 level=WARN service=auth message=OK
2025-12-20T19:52:28.413144 level=INFO service=auth message=OK
2025-12-20T19:52:29.417462 level=DEBUG service=payments message=OK
2025-12-20T19:52:30.420603 level=ERROR service=orders message=AUTH_FAILED
2025-12-20T19:52:31.425735 level=ERROR service=inventory message=DB_TIMEOUT
2025-12-20T19:52:32.427274 level=DEBUG service=auth message=OK
2025-12-20T19:52:33.431309 level=WARN service=inventory message=OK
2025-12-20T19:52:34.435945 level=ERROR service=inventory message=NULL_POINTER
2025-12-20T19:52:35.437210 level=WARN service=payments message=OK
2025-12-20T19:52:36.440486 level=ERROR service=payments message=NULL_POINTER
2025-12-20T19:52:37.445640 level=INFO service=inventory message=OK
2025-12-20T19:52:38.448275 level=INFO service=orders message=OK
2025-12-20T19:52:39.448949 level=WARN service=payments message=OK
2025-12-20T19:52:40.449949 level=DEBUG service=orders message=OK
2025-12-20T19:52:41.453628 level=WARN service=auth message=OK
2025-12-20T19:52:42.454852 level=DEBUG service=auth message=OK
2025-12-20T19:52:43.455737 level=DEBUG service=inventory message=OK
2025-12-20T19:52:44.460783 level=DEBUG service=orders message=OK
2025-12-20T19:52:45.464767 level=DEBUG service=inventory message=OK
2025-12-20T19:52:46.467003 level=INFO service=orders message=OK
2025-12-20T19:52:47.470467 level=WARN service=inventory message=OK
2025-12-20T19:52:48.472827 level=ERROR service=orders message=SERVICE_UNAVAILABLE
2025-12-20T19:52:49.478195 level=INFO service=inventory message=OK
2025-12-20T19:52:50.483354 level=ERROR service=orders message=SERVICE_UNAVAILABLE
2025-12-20T19:52:51.488696 level=DEBUG service=auth message=OK
2025-12-20T19:52:52.492561 level=INFO service=payments message=OK
2025-12-20T19:52:53.497441 level=DEBUG service=auth message=OK
2025-12-20T19:52:54.499669 level=ERROR service=payments message=NULL_POINTER
2025-12-20T19:52:55.503415 level=INFO service=inventory message=OK
2025-12-20T19:52:56.507883 level=INFO service=orders message=OK
2025-12-20T19:52:57.511508 level=INFO service=orders message=OK
2025-12-20T19:52:58.515405 level=DEBUG service=payments message=OK
2025-12-20T19:52:59.519842 level=INFO service=orders message=OK
2025-12-20T19:53:00.525103 level=WARN service=auth message=OK
2025-12-20T19:53:01.526632 level=INFO service=auth message=OK
2025-12-20T19:53:02.532219 level=DEBUG service=orders message=OK
2025-12-20T19:53:03.534363 level=DEBUG service=payments message=OK
2025-12-20T19:53:04.539607 level=DEBUG service=orders message=OK
2025-12-20T19:53:05.541030 level=INFO service=auth message=OK
2025-12-20T19:53:06.546331 level=DEBUG service=payments message=OK
2025-12-20T19:53:07.547573 level=INFO service=inventory message=OK
2025-12-20T19:53:08.550264 level=DEBUG service=orders message=OK
2025-12-20T19:53:09.555633 level=INFO service=orders message=OK
2025-12-20T19:53:10.557531 level=INFO service=inventory message=OK
2025-12-20T19:53:11.561578 level=WARN service=inventory message=OK
2025-12-20T19:53:12.564730 level=INFO service=payments message=OK
2025-12-20T19:53:13.569721 level=DEBUG service=orders message=OK
2025-12-20T19:53:14.573863 level=INFO service=auth message=OK
2025-12-20T19:53:15.576310 level=DEBUG service=auth message=OK
2025-12-20T19:53:16.582143 level=WARN service=payments message=OK
2025-12-20T19:53:17.587311 level=INFO service=auth message=OK
2025-12-20T19:53:18.592480 level=DEBUG service=orders message=OK
2025-12-20T19:53:19.597639 level=WARN service=orders message=OK
2025-12-20T19:53:20.602910 level=ERROR service=auth message=DB_TIMEOUT
2025-12-20T19:53:21.608148 level=DEBUG service=auth message=OK
2025-12-20T19:53:22.612950 level=ERROR service=orders message=AUTH_FAILED
2025-12-20T19:53:23.615827 level=WARN service=inventory message=OK
2025-12-20T19:53:24.620989 level=ERROR service=orders message=NULL_POINTER
2025-12-20T19:53:25.626152 level=WARN service=inventory message=OK
2025-12-20T19:53:26.627712 level=DEBUG service=inventory message=OK
2025-12-20T19:53:27.630572 level=ERROR service=inventory message=AUTH_FAILED
2025-12-20T19:53:28.631074 level=INFO service=payments message=OK
2025-12-20T19:53:29.635360 level=INFO service=orders message=OK
2025-12-20T19:53:30.635677 level=WARN service=orders message=OK
2025-12-20T19:53:31.640870 level=ERROR service=orders message=DB_TIMEOUT
2025-12-20T19:53:32.643490 level=ERROR service=inventory message=SERVICE_UNAVAILABLE
2025-12-20T19:53:33.647682 level=WARN service=auth message=OK
2025-12-20T19:53:34.648426 level=INFO service=auth message=OK
2025-12-20T19:53:35.649605 level=WARN service=auth message=OK
2025-12-20T19:53:36.654895 level=WARN service=orders message=OK
2025-12-20T19:53:37.656412 level=INFO service=orders message=OK
2025-12-20T19:53:38.661612 level=ERROR service=orders message=NULL_POINTER
2025-12-20T19:53:39.664140 level=DEBUG service=auth message=OK
2025-12-20T19:53:40.669437 level=ERROR service=auth message=NULL_POINTER
2025-12-20T19:53:41.673137 level=INFO service=orders message=OK
2025-12-20T19:53:42.678168 level=WARN service=orders message=OK
2025-12-20T19:53:43.681452 level=INFO service=orders message=OK
2025-12-20T19:53:44.686688 level=WARN service=inventory message=OK
2025-12-20T19:53:45.690095 level=INFO service=orders message=OK
2025-12-20T19:53:46.694200 level=INFO service=orders message=OK
2025-12-20T19:53:47.698124 level=INFO service=auth message=OK
2025-12-20T19:53:48.702761 level=INFO service=auth message=OK
2025-12-20T19:53:49.704693 level=ERROR service=payments message=CACHE_MISS
2025-12-20T19:53:50.705024 level=WARN service=inventory message=OK
2025-12-20T19:53:51.708268 level=ERROR service=payments message=CACHE_MISS
2025-12-20T19:53:52.711930 level=WARN service=auth message=OK
2025-12-20T19:53:53.717052 level=INFO service=auth message=OK
2025-12-20T19:53:54.722550 level=INFO service=payments message=OK
2025-12-20T19:53:55.724366 level=DEBUG service=orders message=OK
2025-12-20T19:53:56.728823 level=INFO service=inventory message=OK
2025-12-20T19:53:57.732526 level=ERROR service=auth message=CACHE_MISS
2025-12-20T19:53:58.737940 level=INFO service=inventory message=OK
2025-12-20T19:53:59.745979 level=WARN service=inventory message=OK
2025-12-20T19:54:00.750417 level=ERROR service=auth message=DB_TIMEOUT
2025-12-20T19:54:01.755720 level=ERROR service=inventory message=AUTH_FAILED
2025-12-20T19:54:02.759703 level=INFO service=orders message=OK
2025-12-20T19:54:03.765062 level=ERROR service=payments message=AUTH_FAILED
2025-12-20T19:54:04.769974 level=INFO service=payments message=OK
2025-12-20T19:54:05.775077 level=WARN service=auth message=OK
2025-12-20T19:54:06.779600 level=ERROR service=auth message=AUTH_FAILED
2025-12-20T19:54:07.782888 level=DEBUG service=orders message=OK
2025-12-20T19:54:08.785224 level=INFO service=orders message=OK
2025-12-20T19:54:09.789225 level=WARN service=inventory message=OK
2025-12-20T19:54:10.792949 level=DEBUG service=payments message=OK
2025-12-20T19:54:11.795602 level=INFO service=auth message=OK
2025-12-20T19:54:12.798717 level=INFO service=auth message=OK
2025-12-20T19:54:13.804045 level=ERROR service=payments message=SERVICE_UNAVAILABLE
2025-12-20T19:54:14.806780 level=DEBUG service=inventory message=OK
2025-12-20T19:54:15.810618 level=ERROR service=auth message=AUTH_FAILED
2025-12-20T19:54:16.813856 level=WARN service=inventory message=OK
2025-12-20T19:54:17.816021 level=ERROR service=auth message=DB_TIMEOUT
2025-12-20T19:54:18.819823 level=WARN service=auth message=OK
2025-12-20T19:54:19.824375 level=WARN service=orders message=OK
2025-12-20T19:54:20.825086 level=DEBUG service=payments message=OK
2025-12-20T19:54:21.830184 level=INFO service=orders message=OK
2025-12-20T19:54:22.833341 level=WARN service=auth message=OK
2025-12-20T19:54:23.837372 level=ERROR service=auth message=DB_TIMEOUT
2025-12-20T19:54:24.842675 level=INFO service=payments message=OK
2025-12-20T19:54:25.847200 level=WARN service=auth message=OK
2025-12-20T19:54:26.851820 level=ERROR service=payments message=NULL_POINTER
2025-12-20T19:54:27.857057 level=ERROR service=payments message=CACHE_MISS
2025-12-20T19:54:28.859162 level=WARN service=auth message=OK
2025-12-20T19:54:29.864392 level=DEBUG service=inventory message=OK
2025-12-20T19:54:30.868804 level=DEBUG service=payments message=OK
2025-12-20T19:54:31.873528 level=INFO service=inventory message=OK
2025-12-20T19:54:32.876777 level=INFO service=payments message=OK
2025-12-20T19:54:33.879972 level=ERROR service=auth message=CACHE_MISS
2025-12-20T19:54:34.881192 level=ERROR service=orders message=SERVICE_UNAVAILABLE
2025-12-20T19:54:35.883643 level=WARN service=inventory message=OK
2025-12-20T19:54:36.887751 level=ERROR service=orders message=AUTH_FAILED
2025-12-20T19:54:37.892963 level=INFO service=payments message=OK
2025-12-20T19:54:38.897866 level=WARN service=auth message=OK
2025-12-20T19:54:39.898385 level=DEBUG service=payments message=OK
2025-12-20T19:54:40.902526 level=INFO service=payments message=OK
2025-12-20T19:54:41.903511 level=INFO service=payments message=OK
2025-12-20T19:54:42.907165 level=WARN service=orders message=OK
2025-12-20T19:54:43.911086 level=DEBUG service=auth message=OK
2025-12-20T19:54:44.916221 level=ERROR service=payments message=AUTH_FAILED
2025-12-20T19:54:45.919671 level=DEBUG service=inventory message=OK
2025-12-20T19:54:46.923999 level=DEBUG service=auth message=OK
2025-12-20T19:54:47.924683 level=ERROR service=orders message=NULL_POINTER
2025-12-20T19:54:48.929869 level=DEBUG service=auth message=OK
2025-12-20T19:54:49.935049 level=INFO service=payments message=OK
2025-12-20T19:54:50.939770 level=DEBUG service=auth message=OK
2025-12-20T19:54:51.944440 level=ERROR service=inventory message=SERVICE_UNAVAILABLE
2025-12-20T19:54:52.947774 level=ERROR service=auth message=NULL_POINTER
2025-12-20T19:54:53.952157 level=ERROR service=payments message=NULL_POINTER
2025-12-20T19:54:54.956481 level=DEBUG service=inventory message=OK
2025-12-20T19:54:55.961592 level=ERROR service=inventory message=DB_TIMEOUT
2025-12-20T19:54:56.964835 level=WARN service=payments message=OK
2025-12-20T19:54:57.965165 level=DEBUG service=auth message=OK
2025-12-20T19:54:58.969480 level=DEBUG service=inventory message=OK
2025-12-20T19:54:59.973489 level=WARN service=inventory message=OK
2025-12-20T19:55:00.977100 level=DEBUG service=orders message=OK
2025-12-20T19:55:01.978612 level=WARN service=auth message=OK
2025-12-20T19:55:02.982896 level=ERROR service=auth message=DB_TIMEOUT
2025-12-20T19:55:03.987178 level=INFO service=inventory message=OK
2025-12-20T19:55:04.987592 level=DEBUG service=orders message=OK
2025-12-20T19:55:05.992413 level=ERROR service=payments message=DB_TIMEOUT
2025-12-20T19:55:06.995558 level=DEBUG service=inventory message=OK
2025-12-20T19:55:07.999954 level=INFO service=inventory message=OK
2025-12-20T19:55:09.005020 level=WARN service=auth message=OK
2025-12-20T19:55:10.007231 level=WARN service=orders message=OK
2025-12-20T19:55:11.009484 level=WARN service=inventory message=OK
2025-12-20T19:55:12.013364 level=DEBUG service=orders message=OK
2025-12-20T19:55:13.018664 level=INFO service=auth message=OK
2025-12-20T19:55:14.021311 level=DEBUG service=orders message=OK
2025-12-20T19:55:15.026600 level=ERROR service=auth message=NULL_POINTER
2025-12-20T19:55:16.029672 level=INFO service=orders message=OK
2025-12-20T19:55:17.034560 level=INFO service=orders message=OK
2025-12-20T19:55:18.036335 level=WARN service=orders message=OK
2025-12-20T19:55:19.039295 level=WARN service=auth message=OK
2025-12-20T19:55:20.044493 level=INFO service=payments message=OK
2025-12-20T19:55:21.048796 level=DEBUG service=auth message=OK
2025-12-20T19:55:22.050080 level=ERROR service=payments message=CACHE_MISS
2025-12-20T19:55:23.050769 level=ERROR service=auth message=SERVICE_UNAVAILABLE
2025-12-20T19:55:24.055574 level=INFO service=auth message=OK
2025-12-20T19:55:25.060351 level=INFO service=auth message=OK
2025-12-20T19:55:26.061816 level=DEBUG service=orders message=OK
2025-12-20T19:55:27.066628 level=DEBUG service=inventory message=OK
2025-12-20T19:55:28.069990 level=ERROR service=auth message=NULL_POINTER
2025-12-20T19:55:29.075156 level=ERROR service=payments message=AUTH_FAILED
2025-12-20T19:55:30.077463 level=WARN service=inventory message=OK
2025-12-20T19:55:31.080864 level=INFO service=auth message=OK
2025-12-20T19:55:32.085926 level=ERROR service=inventory message=NULL_POINTER
2025-12-20T19:55:33.090875 level=WARN service=auth message=OK
2025-12-20T19:55:34.095527 level=WARN service=auth message=OK
2025-12-20T19:55:35.099267 level=INFO service=payments message=OK
2025-12-20T19:55:36.101769 level=WARN service=auth message=OK
2025-12-20T19:55:37.104116 level=WARN service=auth message=OK
2025-12-20T19:55:38.107562 level=INFO service=payments message=OK
2025-12-20T19:55:39.112682 level=DEBUG service=auth message=OK
2025-12-20T19:55:40.114042 level=INFO service=orders message=OK
2025-12-20T19:55:41.115201 level=DEBUG service=auth message=OK
2025-12-20T19:55:42.120395 level=ERROR service=auth message=DB_TIMEOUT
2025-12-20T19:55:43.124917 level=INFO service=auth message=OK
2025-12-20T19:55:44.126659 level=INFO service=payments message=OK
2025-12-20T19:55:45.131810 level=WARN service=inventory message=OK
2025-12-20T19:55:46.132368 level=WARN service=auth message=OK
2025-12-20T19:55:47.136772 level=ERROR service=payments message=NULL_POINTER
2025-12-20T19:55:48.140067 level=WARN service=auth message=OK
2025-12-20T19:55:49.142076 level=INFO service=auth message=OK
2025-12-20T19:55:50.147253 level=ERROR service=auth message=CACHE_MISS
2025-12-20T19:55:51.152660 level=INFO service=auth message=OK
2025-12-20T19:55:52.157457 level=ERROR service=inventory message=DB_TIMEOUT
2025-12-20T19:55:53.160325 level=WARN service=auth message=OK
2025-12-20T19:55:54.163919 level=ERROR service=inventory message=DB_TIMEOUT
2025-12-20T19:55:55.167917 level=ERROR service=orders message=DB_TIMEOUT
2025-12-20T19:55:56.173060 level=ERROR service=payments message=NULL_POINTER
2025-12-20T19:55:57.176907 level=INFO service=auth message=OK
2025-12-20T19:55:58.181415 level=INFO service=auth message=OK
2025-12-20T19:55:59.185905 level=ERROR service=payments message=SERVICE_UNAVAILABLE
2025-12-20T19:56:00.190890 level=INFO service=payments message=OK
2025-12-20T19:56:01.195927 level=WARN service=orders message=OK
2025-12-20T19:56:02.200183 level=WARN service=payments message=OK
2025-12-20T19:56:03.205037 level=ERROR service=inventory message=DB_TIMEOUT
2025-12-20T19:56:04.210462 level=INFO service=inventory message=OK
2025-12-20T19:56:05.212035 level=INFO service=orders message=OK
2025-12-20T19:56:06.217198 level=INFO service=auth message=OK
2025-12-20T19:56:07.222246 level=DEBUG service=inventory message=OK
2025-12-20T19:56:08.227605 level=WARN service=orders message=OK
2025-12-20T19:56:09.232900 level=WARN service=payments message=OK
2025-12-20T19:56:10.236378 level=INFO service=payments message=OK
2025-12-20T19:56:11.240382 level=DEBUG service=orders message=OK
2025-12-20T19:56:12.242803 level=INFO service=auth message=OK
2025-12-20T19:56:13.245317 level=ERROR service=orders message=AUTH_FAILED
2025-12-20T19:56:14.248304 level=WARN service=orders message=OK
2025-12-20T19:56:15.252659 level=WARN service=auth message=OK
2025-12-20T19:56:16.257630 level=ERROR service=auth message=SERVICE_UNAVAILABLE
2025-12-20T19:56:17.260011 level=ERROR service=orders message=NULL_POINTER
2025-12-20T19:56:18.262536 level=INFO service=payments message=OK
2025-12-20T19:56:19.264294 level=ERROR service=auth message=SERVICE_UNAVAILABLE
2025-12-20T19:56:20.267507 level=DEBUG service=orders message=OK
2025-12-20T19:56:21.270148 level=WARN service=payments message=OK
2025-12-20T19:56:22.274497 level=INFO service=inventory message=OK
2025-12-20T19:56:23.277591 level=WARN service=orders message=OK
2025-12-20T19:56:24.282844 level=INFO service=payments message=OK
2025-12-20T19:56:25.287259 level=WARN service=orders message=OK
2025-12-20T19:56:26.292363 level=INFO service=payments message=OK
2025-12-20T19:56:27.294217 level=INFO service=orders message=OK
2025-12-20T19:56:28.298881 level=ERROR service=orders message=DB_TIMEOUT
2025-12-20T19:56:29.303464 level=DEBUG service=payments message=OK
2025-12-20T19:56:30.308550 level=DEBUG service=orders message=OK
2025-12-20T19:56:31.309721 level=DEBUG service=auth message=OK
2025-12-20T19:56:32.313756 level=INFO service=orders message=OK
2025-12-20T19:56:33.319061 level=ERROR service=payments message=SERVICE_UNAVAILABLE
2025-12-20T19:56:34.324121 level=WARN service=inventory message=OK
2025-12-20T19:56:35.330074 level=DEBUG service=payments message=OK
2025-12-20T19:56:36.335182 level=WARN service=auth message=OK
2025-12-20T19:56:37.340293 level=ERROR service=orders message=AUTH_FAILED
2025-12-20T19:56:38.344312 level=ERROR service=auth message=DB_TIMEOUT
2025-12-20T19:56:39.345652 level=ERROR service=payments message=DB_TIMEOUT
2025-12-20T19:56:40.350862 level=ERROR service=orders message=NULL_POINTER
2025-12-20T19:56:41.356170 level=INFO service=orders message=OK
2025-12-20T19:56:42.361012 level=INFO service=auth message=OK
2025-12-20T19:56:43.364090 level=INFO service=inventory message=OK
2025-12-20T19:56:44.365922 level=WARN service=payments message=OK
2025-12-20T19:56:45.371122 level=ERROR service=orders message=AUTH_FAILED
2025-12-20T19:56:46.375035 level=ERROR service=orders message=AUTH_FAILED
2025-12-20T19:56:47.380243 level=ERROR service=orders message=SERVICE_UNAVAILABLE
2025-12-20T19:56:48.384561 level=INFO service=inventory message=OK
2025-12-20T19:56:49.385631 level=WARN service=orders message=OK
2025-12-20T19:56:50.391045 level=INFO service=orders message=OK
2025-12-20T19:56:51.396542 level=DEBUG service=inventory message=OK
2025-12-20T19:56:52.400260 level=WARN service=auth message=OK
2025-12-20T19:56:53.405769 level=WARN service=payments message=OK
2025-12-20T19:56:54.408493 level=INFO service=orders message=OK
2025-12-20T19:56:55.412017 level=INFO service=auth message=OK
2025-12-20T19:56:56.417073 level=DEBUG service=auth message=OK
2025-12-20T19:56:57.422200 level=ERROR service=payments message=CACHE_MISS
2025-12-20T19:56:58.424452 level=DEBUG service=orders message=OK
2025-12-20T19:56:59.428009 level=DEBUG service=payments message=OK
2025-12-20T19:57:00.432641 level=DEBUG service=payments message=OK
2025-12-20T19:57:01.437980 level=INFO service=auth message=OK
2025-12-20T19:57:02.440206 level=WARN service=payments message=OK
2025-12-20T19:57:03.443907 level=ERROR service=inventory message=NULL_POINTER
2025-12-20T19:57:04.447959 level=ERROR service=payments message=DB_TIMEOUT
2025-12-20T19:57:05.452603 level=WARN service=inventory message=OK
2025-12-20T19:57:06.453744 level=DEBUG service=payments message=OK
2025-12-20T19:57:07.459410 level=DEBUG service=inventory message=OK
2025-12-20T19:57:08.464926 level=DEBUG service=auth message=OK
2025-12-20T19:57:09.465249 level=DEBUG service=orders message=OK
2025-12-20T19:57:10.469828 level=INFO service=inventory message=OK
2025-12-20T19:57:11.471401 level=WARN service=orders message=OK
2025-12-20T19:57:12.473981 level=DEBUG service=orders message=OK
2025-12-20T19:57:13.476922 level=WARN service=inventory message=OK
2025-12-20T19:57:14.481913 level=WARN service=payments message=OK
2025-12-20T19:57:15.486839 level=INFO service=auth message=OK
2025-12-20T19:57:16.489529 level=DEBUG service=inventory message=OK
2025-12-20T19:57:17.490091 level=DEBUG service=auth message=OK
2025-12-20T19:57:18.492608 level=DEBUG service=inventory message=OK
2025-12-20T19:57:19.497876 level=INFO service=orders message=OK
2025-12-20T19:57:20.501805 level=DEBUG service=inventory message=OK
2025-12-20T19:57:21.506806 level=WARN service=payments message=OK
2025-12-20T19:57:22.511614 level=DEBUG service=orders message=OK
2025-12-20T19:57:23.516671 level=INFO service=orders message=OK
2025-12-20T19:57:24.521758 level=INFO service=auth message=OK
2025-12-20T19:57:25.525557 level=WARN service=payments message=OK
2025-12-20T19:57:26.528451 level=INFO service=payments message=OK
2025-12-20T19:57:27.533708 level=ERROR service=auth message=DB_TIMEOUT
2025-12-20T19:57:28.536385 level=DEBUG service=payments message=OK
2025-12-20T19:57:29.538530 level=INFO service=inventory message=OK
2025-12-20T19:57:30.542847 level=DEBUG service=orders message=OK
2025-12-20T19:57:31.546203 level=DEBUG service=inventory message=OK
2025-12-20T19:57:32.549070 level=ERROR service=inventory message=AUTH_FAILED
2025-12-20T19:57:33.554389 level=WARN service=inventory message=OK
2025-12-20T19:57:34.556482 level=INFO service=payments message=OK
2025-12-20T19:57:35.561735 level=DEBUG service=auth message=OK
2025-12-20T19:57:36.565188 level=DEBUG service=orders message=OK
2025-12-20T19:57:37.570264 level=WARN service=orders message=OK
2025-12-20T19:57:38.575204 level=ERROR service=inventory message=NULL_POINTER
2025-12-20T19:57:39.583873 level=ERROR service=auth message=SERVICE_UNAVAILABLE
2025-12-20T19:57:40.588463 level=INFO service=auth message=OK
2025-12-20T19:57:41.592419 level=INFO service=inventory message=OK
2025-12-20T19:57:42.595667 level=INFO service=orders message=OK
2025-12-20T19:57:43.600540 level=INFO service=orders message=OK
2025-12-20T19:57:44.604050 level=WARN service=payments message=OK
2025-12-20T19:57:45.606395 level=ERROR service=auth message=CACHE_MISS
2025-12-20T19:57:46.610941 level=INFO service=inventory message=OK
2025-12-20T19:57:47.613321 level=ERROR service=payments message=DB_TIMEOUT
2025-12-20T19:57:48.616699 level=INFO service=payments message=OK
2025-12-20T19:57:49.622197 level=ERROR service=payments message=CACHE_MISS
2025-12-20T19:57:50.627344 level=DEBUG service=auth message=OK
2025-12-20T19:57:51.631904 level=INFO service=payments message=OK
2025-12-20T19:57:52.636018 level=INFO service=orders message=OK
2025-12-20T19:57:53.640187 level=DEBUG service=payments message=OK
2025-12-20T19:57:54.642108 level=INFO service=payments message=OK
2025-12-20T19:57:55.644331 level=DEBUG service=auth message=OK
2025-12-20T19:57:56.645157 level=ERROR service=orders message=NULL_POINTER
2025-12-20T19:57:57.649806 level=ERROR service=payments message=SERVICE_UNAVAILABLE
2025-12-20T19:57:58.651625 level=DEBUG service=inventory message=OK
2025-12-20T19:57:59.656892 level=ERROR service=inventory message=CACHE_MISS
2025-12-20T19:58:00.658810 level=DEBUG service=auth message=OK
2025-12-20T19:58:01.664024 level=ERROR service=auth message=NULL_POINTER
2025-12-20T19:58:02.668728 level=DEBUG service=auth message=OK
2025-12-20T19:58:03.673521 level=WARN service=payments message=OK
2025-12-20T19:58:04.677322 level=INFO service=inventory message=OK
2025-12-20T19:58:05.680079 level=DEBUG service=payments message=OK
2025-12-20T19:58:06.684676 level=WARN service=payments message=OK
2025-12-20T19:58:07.689904 level=ERROR service=orders message=SERVICE_UNAVAILABLE
2025-12-20T19:58:08.695222 level=ERROR service=orders message=CACHE_MISS
2025-12-20T19:58:09.696801 level=ERROR service=auth message=CACHE_MISS
2025-12-20T19:58:10.699900 level=DEBUG service=auth message=OK
2025-12-20T19:58:11.702390 level=INFO service=auth message=OK
2025-12-20T19:58:12.703282 level=WARN service=inventory message=OK
2025-12-20T19:58:13.706067 level=WARN service=auth message=OK
2025-12-20T19:58:14.711280 level=DEBUG service=orders message=OK
2025-12-20T19:58:15.716567 level=INFO service=auth message=OK
2025-12-20T19:58:16.720297 level=INFO service=orders message=OK
2025-12-20T19:58:17.724608 level=WARN service=inventory message=OK
2025-12-20T19:58:18.729714 level=INFO service=payments message=OK
2025-12-20T19:58:19.734869 level=WARN service=orders message=OK
2025-12-20T19:58:20.739569 level=INFO service=orders message=OK
2025-12-20T19:58:21.744545 level=WARN service=inventory message=OK
2025-12-20T19:58:22.746358 level=INFO service=payments message=OK
2025-12-20T19:58:23.750740 level=WARN service=auth message=OK
2025-12-20T19:58:24.751828 level=INFO service=payments message=OK
2025-12-20T19:58:25.756906 level=ERROR service=payments message=DB_TIMEOUT
2025-12-20T19:58:26.759688 level=DEBUG service=orders message=OK
2025-12-20T19:58:27.760670 level=DEBUG service=auth message=OK
2025-12-20T19:58:28.766478 level=INFO service=auth message=OK
2025-12-20T19:58:29.770246 level=ERROR service=payments message=NULL_POINTER
2025-12-20T19:58:30.774076 level=INFO service=inventory message=OK
2025-12-20T19:58:31.777739 level=ERROR service=auth message=NULL_POINTER
2025-12-20T19:58:32.779147 level=WARN service=orders message=OK
2025-12-20T19:58:33.780612 level=ERROR service=inventory message=SERVICE_UNAVAILABLE
2025-12-20T19:58:34.785019 level=WARN service=payments message=OK
2025-12-20T19:58:35.787425 level=DEBUG service=auth message=OK
2025-12-20T19:58:36.789906 level=INFO service=inventory message=OK
2025-12-20T19:58:37.794312 level=ERROR service=inventory message=SERVICE_UNAVAILABLE
2025-12-20T19:58:38.799052 level=DEBUG service=orders message=OK
2025-12-20T19:58:39.802087 level=INFO service=inventory message=OK
2025-12-20T19:58:40.807235 level=DEBUG service=payments message=OK
2025-12-20T19:58:41.811970 level=INFO service=inventory message=OK
2025-12-20T19:58:42.816230 level=DEBUG service=orders message=OK
2025-12-20T19:58:43.819394 level=WARN service=inventory message=OK
2025-12-20T19:58:44.824405 level=DEBUG service=auth message=OK
2025-12-20T19:58:45.824874 level=ERROR service=inventory message=NULL_POINTER
2025-12-20T19:58:46.828996 level=WARN service=inventory message=OK
2025-12-20T19:58:47.832404 level=WARN service=inventory message=OK
2025-12-20T19:58:48.834405 level=ERROR service=payments message=NULL_POINTER
2025-12-20T19:58:49.840381 level=WARN service=auth message=OK
2025-12-20T19:58:50.843853 level=ERROR service=inventory message=AUTH_FAILED
2025-12-20T19:58:51.849034 level=ERROR service=inventory message=DB_TIMEOUT
2025-12-20T19:58:52.852216 level=DEBUG service=payments message=OK
2025-12-20T19:58:53.852510 level=ERROR service=orders message=AUTH_FAILED
2025-12-20T19:58:54.857660 level=WARN service=inventory message=OK
2025-12-20T19:58:55.862036 level=ERROR service=payments message=CACHE_MISS
2025-12-20T19:58:56.864216 level=DEBUG service=inventory message=OK
2025-12-20T19:58:57.868967 level=ERROR service=orders message=AUTH_FAILED
2025-12-20T19:58:58.873566 level=ERROR service=orders message=NULL_POINTER
2025-12-20T19:58:59.877775 level=WARN service=orders message=OK
2025-12-20T19:59:00.879724 level=ERROR service=auth message=AUTH_FAILED
2025-12-20T19:59:01.882414 level=WARN service=auth message=OK
2025-12-20T19:59:02.887093 level=ERROR service=auth message=DB_TIMEOUT
2025-12-20T19:59:03.890765 level=ERROR service=inventory message=SERVICE_UNAVAILABLE
2025-12-20T19:59:04.894678 level=ERROR service=inventory message=NULL_POINTER
2025-12-20T19:59:05.898500 level=WARN service=payments message=OK
2025-12-20T19:59:06.903709 level=ERROR service=auth message=SERVICE_UNAVAILABLE
2025-12-20T19:59:07.904193 level=WARN service=inventory message=OK
2025-12-20T19:59:08.907983 level=WARN service=inventory message=OK
2025-12-20T19:59:09.912134 level=DEBUG service=inventory message=OK
2025-12-20T19:59:10.914829 level=DEBUG service=inventory message=OK
2025-12-20T19:59:11.919882 level=WARN service=payments message=OK
2025-12-20T19:59:12.923117 level=INFO service=payments message=OK
2025-12-20T19:59:13.927690 level=INFO service=auth message=OK
2025-12-20T19:59:14.928084 level=ERROR service=inventory message=CACHE_MISS
2025-12-20T19:59:15.933527 level=DEBUG service=payments message=OK
2025-12-20T19:59:16.937478 level=DEBUG service=auth message=OK
2025-12-20T19:59:17.942711 level=INFO service=orders message=OK
2025-12-20T19:59:18.947153 level=INFO service=orders message=OK
2025-12-20T19:59:19.951127 level=DEBUG service=orders message=OK
2025-12-20T19:59:20.954920 level=DEBUG service=inventory message=OK
2025-12-20T19:59:21.958466 level=DEBUG service=auth message=OK
2025-12-20T19:59:22.963761 level=WARN service=orders message=OK
2025-12-20T19:59:23.966825 level=INFO service=auth message=OK
2025-12-20T19:59:24.971553 level=DEBUG service=auth message=OK
2025-12-20T19:59:25.975931 level=WARN service=payments message=OK
2025-12-20T19:59:26.978217 level=INFO service=auth message=OK
2025-12-20T19:59:27.981570 level=INFO service=auth message=OK
2025-12-20T19:59:28.986628 level=DEBUG service=orders message=OK
2025-12-20T19:59:29.991329 level=INFO service=payments message=OK
2025-12-20T19:59:30.996567 level=WARN service=orders message=OK
2025-12-20T19:59:31.997923 level=ERROR service=payments message=CACHE_MISS
2025-12-20T19:59:33.000982 level=ERROR service=inventory message=DB_TIMEOUT
2025-12-20T19:59:34.006267 level=WARN service=auth message=OK
2025-12-20T19:59:35.007432 level=DEBUG service=payments message=OK
2025-12-20T19:59:36.011443 level=DEBUG service=orders message=OK
2025-12-20T19:59:37.013221 level=INFO service=orders message=OK
2025-12-20T19:59:38.018068 level=INFO service=orders message=OK
2025-12-20T19:59:39.023272 level=DEBUG service=inventory message=OK
2025-12-20T19:59:40.024796 level=INFO service=inventory message=OK
2025-12-20T19:59:41.029938 level=INFO service=orders message=OK
2025-12-20T19:59:42.034989 level=ERROR service=inventory message=NULL_POINTER
2025-12-20T19:59:43.037817 level=WARN service=auth message=OK
2025-12-20T19:59:44.042695 level=DEBUG service=orders message=OK
2025-12-20T19:59:45.044778 level=DEBUG service=payments message=OK
2025-12-20T19:59:46.049822 level=ERROR service=inventory message=NULL_POINTER
2025-12-20T19:59:47.051776 level=ERROR service=inventory message=DB_TIMEOUT
2025-12-20T19:59:48.056758 level=DEBUG service=inventory message=OK
2025-12-20T19:59:49.062247 level=ERROR service=payments message=NULL_POINTER
2025-12-20T19:59:50.067407 level=INFO service=inventory message=OK
2025-12-20T19:59:51.069472 level=ERROR service=inventory message=SERVICE_UNAVAILABLE
2025-12-20T19:59:52.071165 level=DEBUG service=orders message=OK
2025-12-20T19:59:53.076208 level=DEBUG service=orders message=OK
2025-12-20T19:59:54.081504 level=WARN service=auth message=OK
2025-12-20T19:59:55.085652 level=ERROR service=inventory message=DB_TIMEOUT
2025-12-20T19:59:56.087225 level=WARN service=auth message=OK
2025-12-20T19:59:57.091493 level=WARN service=orders message=OK
2025-12-20T19:59:58.093797 level=WARN service=orders message=OK
2025-12-20T19:59:59.098227 level=INFO service=orders message=OK
2025-12-20T20:00:00.102832 level=DEBUG service=payments message=OK
2025-12-20T20:00:01.103870 level=WARN service=auth message=OK
2025-12-20T20:00:02.105832 level=INFO service=inventory message=OK
2025-12-20T20:00:03.111102 level=WARN service=inventory message=OK
2025-12-20T20:00:04.112268 level=ERROR service=inventory message=AUTH_FAILED
2025-12-20T20:00:05.117760 level=ERROR service=payments message=AUTH_FAILED
2025-12-20T20:00:06.122419 level=DEBUG service=orders message=OK
2025-12-20T20:00:07.123168 level=ERROR service=orders message=DB_TIMEOUT
2025-12-20T20:00:08.124881 level=ERROR service=inventory message=NULL_POINTER
2025-12-20T20:00:09.130155 level=INFO service=auth message=OK
2025-12-20T20:00:10.133326 level=WARN service=inventory message=OK
2025-12-20T20:00:11.135040 level=ERROR service=inventory message=SERVICE_UNAVAILABLE
2025-12-20T20:00:12.139572 level=WARN service=orders message=OK
2025-12-20T20:00:13.141102 level=ERROR service=inventory message=DB_TIMEOUT
2025-12-20T20:00:14.144969 level=DEBUG service=auth message=OK
2025-12-20T20:00:15.146242 level=DEBUG service=orders message=OK
2025-12-20T20:00:16.149661 level=ERROR service=payments message=AUTH_FAILED
2025-12-20T20:00:17.151830 level=DEBUG service=orders message=OK
2025-12-20T20:00:18.154530 level=INFO service=inventory message=OK
2025-12-20T20:00:19.155891 level=INFO service=orders message=OK
2025-12-20T20:00:20.159805 level=DEBUG service=auth message=OK
2025-12-20T20:00:21.164783 level=ERROR service=payments message=CACHE_MISS
2025-12-20T20:00:22.169991 level=DEBUG service=auth message=OK
2025-12-20T20:00:23.170302 level=ERROR service=orders message=DB_TIMEOUT
2025-12-20T20:00:24.175494 level=INFO service=payments message=OK
2025-12-20T20:00:25.179826 level=WARN service=inventory message=OK
2025-12-20T20:00:26.180772 level=ERROR service=payments message=SERVICE_UNAVAILABLE
2025-12-20T20:00:27.183736 level=DEBUG service=orders message=OK
2025-12-20T20:00:28.185938 level=DEBUG service=inventory message=OK
2025-12-20T20:00:29.190928 level=ERROR service=payments message=DB_TIMEOUT
2025-12-20T20:00:30.195135 level=INFO service=inventory message=OK
2025-12-20T20:00:31.198754 level=ERROR service=orders message=SERVICE_UNAVAILABLE
2025-12-20T20:00:32.203194 level=ERROR service=auth message=AUTH_FAILED
2025-12-20T20:00:33.208431 level=WARN service=inventory message=OK
2025-12-20T20:00:34.209049 level=WARN service=orders message=OK
2025-12-20T20:00:35.212809 level=INFO service=orders message=OK
2025-12-20T20:00:36.217956 level=WARN service=payments message=OK
2025-12-20T20:00:37.223133 level=INFO service=auth message=OK
2025-12-20T20:00:38.224796 level=DEBUG service=auth message=OK
2025-12-20T20:00:39.226560 level=INFO service=inventory message=OK
2025-12-20T20:00:40.227222 level=ERROR service=auth message=NULL_POINTER
2025-12-20T20:00:41.232105 level=DEBUG service=inventory message=OK
2025-12-20T20:00:42.234607 level=WARN service=inventory message=OK
2025-12-20T20:00:43.237175 level=WARN service=payments message=OK
2025-12-20T20:00:44.239215 level=DEBUG service=inventory message=OK
2025-12-20T20:00:45.241500 level=INFO service=inventory message=OK
2025-12-20T20:00:46.245039 level=ERROR service=payments message=DB_TIMEOUT
2025-12-20T20:00:47.248937 level=WARN service=inventory message=OK
2025-12-20T20:00:48.251292 level=WARN service=orders message=OK
2025-12-20T20:00:49.256604 level=ERROR service=orders message=AUTH_FAILED
2025-12-20T20:00:50.261271 level=DEBUG service=payments message=OK
2025-12-20T20:00:51.265602 level=INFO service=auth message=OK
2025-12-20T20:00:52.270465 level=INFO service=auth message=OK
2025-12-20T20:00:53.273959 level=INFO service=inventory message=OK
2025-12-20T20:00:54.275966 level=WARN service=auth message=OK
2025-12-20T20:00:55.278650 level=ERROR service=orders message=DB_TIMEOUT
2025-12-20T20:00:56.283634 level=DEBUG service=orders message=OK
2025-12-20T20:00:57.287250 level=WARN service=inventory message=OK
2025-12-20T20:00:58.292421 level=WARN service=orders message=OK
2025-12-20T20:00:59.298040 level=ERROR service=orders message=CACHE_MISS
2025-12-20T20:01:00.302938 level=INFO service=inventory message=OK
2025-12-20T20:01:01.303344 level=INFO service=orders message=OK
2025-12-20T20:01:02.305537 level=INFO service=payments message=OK
2025-12-20T20:01:03.306118 level=WARN service=payments message=OK
2025-12-20T20:01:04.308097 level=INFO service=inventory message=OK
2025-12-20T20:01:05.308369 level=ERROR service=auth message=NULL_POINTER
2025-12-20T20:01:06.310772 level=DEBUG service=inventory message=OK
2025-12-20T20:01:07.316074 level=WARN service=orders message=OK
2025-12-20T20:01:08.319723 level=DEBUG service=payments message=OK
2025-12-20T20:01:09.320856 level=DEBUG service=auth message=OK
2025-12-20T20:01:10.325755 level=INFO service=inventory message=OK
2025-12-20T20:01:11.326955 level=ERROR service=payments message=DB_TIMEOUT
2025-12-20T20:01:12.330365 level=INFO service=orders message=OK
2025-12-20T20:01:13.334168 level=WARN service=orders message=OK
2025-12-20T20:01:14.334783 level=DEBUG service=inventory message=OK
2025-12-20T20:01:15.337589 level=ERROR service=inventory message=NULL_POINTER
2025-12-20T20:01:16.341995 level=WARN service=orders message=OK
2025-12-20T20:01:17.344908 level=ERROR service=payments message=NULL_POINTER
2025-12-20T20:01:18.348827 level=DEBUG service=orders message=OK
2025-12-20T20:01:19.352426 level=WARN service=inventory message=OK
2025-12-20T20:01:20.353372 level=WARN service=payments message=OK
2025-12-20T20:01:21.356737 level=INFO service=payments message=OK
2025-12-20T20:01:22.361866 level=DEBUG service=payments message=OK
2025-12-20T20:01:23.367167 level=DEBUG service=auth message=OK
2025-12-20T20:01:24.371918 level=WARN service=payments message=OK
2025-12-20T20:01:25.373269 level=ERROR service=auth message=NULL_POINTER
2025-12-20T20:01:26.378054 level=DEBUG service=inventory message=OK
2025-12-20T20:01:27.379642 level=WARN service=auth message=OK
2025-12-20T20:01:28.380964 level=DEBUG service=auth message=OK
2025-12-20T20:01:29.385883 level=WARN service=auth message=OK
2025-12-20T20:01:30.390434 level=ERROR service=auth message=CACHE_MISS
2025-12-20T20:01:31.394186 level=ERROR service=inventory message=AUTH_FAILED
2025-12-20T20:01:32.399462 level=ERROR service=inventory message=SERVICE_UNAVAILABLE
2025-12-20T20:01:33.403408 level=INFO service=payments message=OK
2025-12-20T20:01:34.406374 level=INFO service=auth message=OK
2025-12-20T20:01:35.410594 level=DEBUG service=orders message=OK
2025-12-20T20:01:36.415464 level=ERROR service=inventory message=NULL_POINTER
2025-12-20T20:01:37.420072 level=ERROR service=payments message=CACHE_MISS
2025-12-20T20:01:38.425338 level=ERROR service=auth message=DB_TIMEOUT
2025-12-20T20:01:39.426687 level=ERROR service=inventory message=AUTH_FAILED
2025-12-20T20:01:40.428377 level=WARN service=inventory message=OK
2025-12-20T20:01:41.431405 level=DEBUG service=auth message=OK
2025-12-20T20:01:42.435992 level=DEBUG service=inventory message=OK
2025-12-20T20:01:43.440495 level=ERROR service=auth message=DB_TIMEOUT
2025-12-20T20:01:44.445421 level=INFO service=auth message=OK
2025-12-20T20:01:45.448984 level=DEBUG service=inventory message=OK
2025-12-20T20:01:46.453641 level=INFO service=payments message=OK
2025-12-20T20:01:47.456905 level=INFO service=auth message=OK
2025-12-20T20:01:48.462211 level=DEBUG service=auth message=OK
2025-12-20T20:01:49.468177 level=ERROR service=payments message=CACHE_MISS
2025-12-20T20:01:50.471920 level=INFO service=orders message=OK
2025-12-20T20:01:51.475580 level=DEBUG service=inventory message=OK
2025-12-20T20:01:52.479401 level=DEBUG service=inventory message=OK
2025-12-20T20:01:53.484163 level=WARN service=inventory message=OK
2025-12-20T20:01:54.487688 level=INFO service=orders message=OK
2025-12-20T20:01:55.491537 level=WARN service=orders message=OK
2025-12-20T20:01:56.494883 level=ERROR service=inventory message=NULL_POINTER
2025-12-20T20:01:57.495581 level=INFO service=payments message=OK
2025-12-20T20:01:58.498812 level=ERROR service=payments message=DB_TIMEOUT
2025-12-20T20:01:59.503951 level=ERROR service=auth message=NULL_POINTER
2025-12-20T20:02:00.506822 level=INFO service=auth message=OK
2025-12-20T20:02:01.510774 level=DEBUG service=inventory message=OK
2025-12-20T20:02:02.516036 level=DEBUG service=orders message=OK
2025-12-20T20:02:03.521340 level=WARN service=auth message=OK
2025-12-20T20:02:04.526562 level=INFO service=inventory message=OK
2025-12-20T20:02:05.532108 level=ERROR service=orders message=SERVICE_UNAVAILABLE
2025-12-20T20:02:06.536731 level=INFO service=orders message=OK
2025-12-20T20:02:07.542025 level=WARN service=payments message=OK
2025-12-20T20:02:08.544708 level=DEBUG service=inventory message=OK
2025-12-20T20:02:09.549952 level=INFO service=inventory message=OK
2025-12-20T20:02:10.555077 level=INFO service=inventory message=OK
2025-12-20T20:02:11.560395 level=ERROR service=orders message=SERVICE_UNAVAILABLE
2025-12-20T20:02:12.565686 level=WARN service=inventory message=OK
2025-12-20T20:02:13.568906 level=ERROR service=inventory message=NULL_POINTER
2025-12-20T20:02:14.573870 level=ERROR service=payments message=SERVICE_UNAVAILABLE
2025-12-20T20:02:15.574372 level=ERROR service=orders message=NULL_POINTER
2025-12-20T20:02:16.579620 level=ERROR service=auth message=NULL_POINTER
2025-12-20T20:02:17.582993 level=INFO service=auth message=OK
2025-12-20T20:02:18.586453 level=INFO service=auth message=OK
2025-12-20T20:02:19.587348 level=INFO service=auth message=OK
2025-12-20T20:02:20.590992 level=DEBUG service=payments message=OK
2025-12-20T20:02:21.596108 level=ERROR service=payments message=SERVICE_UNAVAILABLE
2025-12-20T20:02:22.599377 level=ERROR service=orders message=CACHE_MISS
2025-12-20T20:02:23.601556 level=INFO service=auth message=OK
2025-12-20T20:02:24.606748 level=DEBUG service=auth message=OK
2025-12-20T20:02:25.611527 level=ERROR service=auth message=NULL_POINTER
2025-12-20T20:02:26.614183 level=WARN service=orders message=OK
2025-12-20T20:02:27.618038 level=ERROR service=payments message=AUTH_FAILED
2025-12-20T20:02:28.621494 level=WARN service=payments message=OK
2025-12-20T20:02:29.626269 level=ERROR service=inventory message=AUTH_FAILED
2025-12-20T20:02:30.627549 level=DEBUG service=orders message=OK
2025-12-20T20:02:31.630217 level=INFO service=auth message=OK
